source_dataset,source_timepoint,source_assay,source_sheet,historical_label,reference_rank,gene,avg_log2FC,pct_1,pct_2,pct_delta,p_val_adj,ranking_score
d21MaternalDiet_scRNAseq,d21,scRNA-seq,BCell,BCell,1,Siglech,11.5546138736209,1,0.028,0.972,4.35269988477529e-204,11.231084685159514
d21MaternalDiet_scRNAseq,d21,scRNA-seq,BCell,BCell,2,Cox6a2,11.3399254449064,0.969,0.034,0.9349999999999999,1.24585521306188e-247,10.602830290987484
d21MaternalDiet_scRNAseq,d21,scRNA-seq,BCell,BCell,3,Ly6d,10.828797827626,1,0.125,0.875,2.22023033254137e-104,9.475198099172749
d21MaternalDiet_scRNAseq,d21,scRNA-seq,BCell,BCell,4,Gm21762,12.0341544069514,0.785,0.003,0.782,0,9.410708746235995
d21MaternalDiet_scRNAseq,d21,scRNA-seq,BCell,BCell,5,Fcrla,10.8564715854679,0.877,0.012,0.865,0,9.390847921429733
d21MaternalDiet_scRNAseq,d21,scRNA-seq,BCell,BCell,6,Ccr9,9.6979695190035,1,0.093,0.907,2.66957865874349e-120,8.796058353736175
d21MaternalDiet_scRNAseq,d21,scRNA-seq,BCell,BCell,7,Iglc3,10.2058924179192,0.908,0.051,0.857,4.33266009693556e-190,8.746449802156754
d21MaternalDiet_scRNAseq,d21,scRNA-seq,BCell,BCell,8,Mzb1,9.40371329056799,0.938,0.017,0.9209999999999999,0,8.660819940613118
d21MaternalDiet_scRNAseq,d21,scRNA-seq,BCell,BCell,9,Pld4,8.67825454122885,1,0.031,0.969,2.2290239696916e-300,8.409228650450755
d21MaternalDiet_scRNAseq,d21,scRNA-seq,BCell,BCell,10,Gm34680,9.85751976851811,0.877,0.026,0.851,0,8.388749323008911
d21MaternalDiet_scRNAseq,d21,scRNA-seq,BCell,BCell,11,Lair1,8.62982365200371,0.985,0.037,0.948,3.80354616399146e-258,8.181072822099516
d21MaternalDiet_scRNAseq,d21,scRNA-seq,BCell,BCell,12,Cd300c,10.6379738412388,0.754,0.002,0.752,0,7.999756328611578
d21MaternalDiet_scRNAseq,d21,scRNA-seq,BCell,BCell,13,Rnase6,8.41954561215283,1,0.076,0.924,2.44265640040044e-141,7.779660145629214
d21MaternalDiet_scRNAseq,d21,scRNA-seq,BCell,BCell,14,Sell,8.45226328036917,0.938,0.027,0.9109999999999999,0,7.700011848416313
d21MaternalDiet_scRNAseq,d21,scRNA-seq,BCell,BCell,15,Klk1b27,11.2348267536699,0.677,0.004,0.673,0,7.561038405219843
d21MaternalDiet_scRNAseq,d21,scRNA-seq,BCell,BCell,16,Mpeg1,7.95480305632453,0.969,0.037,0.9319999999999999,3.09261739126609e-219,7.413876448494461
d21MaternalDiet_scRNAseq,d21,scRNA-seq,BCell,BCell,17,Tnfrsf13b,8.29239121420127,0.892,0.02,0.872,0,7.230965138783508
d21MaternalDiet_scRNAseq,d21,scRNA-seq,BCell,BCell,18,Cybb,7.44806745761834,1,0.045,0.955,2.2539989642215e-209,7.112904422025514
d21MaternalDiet_scRNAseq,d21,scRNA-seq,BCell,BCell,19,Cd4,9.56758689311391,0.754,0.015,0.739,2.21716697032779e-217,7.0704467140111795
d21MaternalDiet_scRNAseq,d21,scRNA-seq,BCell,BCell,20,Cdh5,10.2271103405057,0.692,0.004,0.688,0,7.036251914267921
d21MaternalDiet_scRNAseq,d21,scRNA-seq,BCell,BCell,21,Ly86,7.2366186870842,0.985,0.026,0.959,0,6.9399173209137475
d21MaternalDiet_scRNAseq,d21,scRNA-seq,BCell,BCell,22,Cd8b1,8.13697923340662,0.877,0.057,0.82,2.76162284037085e-155,6.672322971393428
d21MaternalDiet_scRNAseq,d21,scRNA-seq,BCell,BCell,23,Calm4,10.8281509448143,0.615,0.001,0.614,0,6.64848468011598
d21MaternalDiet_scRNAseq,d21,scRNA-seq,BCell,BCell,24,Pltp,8.63887917195853,0.785,0.016,0.769,0,6.64329808323611
d21MaternalDiet_scRNAseq,d21,scRNA-seq,BCell,BCell,25,Scimp,7.66471987446748,0.862,0.018,0.844,1.39370426532516e-304,6.469023574050553
d21MaternalDiet_scRNAseq,d21,scRNA-seq,BCell,BCell,26,Cd8a,7.4954996216612,0.908,0.046,0.862,5.64881337345444e-187,6.461120673871955
d21MaternalDiet_scRNAseq,d21,scRNA-seq,BCell,BCell,27,Ly6c2,7.36346717645123,0.969,0.099,0.87,1.34651486830314e-107,6.4062164435125695
d21MaternalDiet_scRNAseq,d21,scRNA-seq,BCell,BCell,28,Serpinf1,9.68973992549222,0.662,0.004,0.658,0,6.37584887097388
d21MaternalDiet_scRNAseq,d21,scRNA-seq,BCell,BCell,29,St8sia4,6.97161350039403,0.938,0.055,0.8829999999999999,2.3632998801054e-155,6.155934720847927
d21MaternalDiet_scRNAseq,d21,scRNA-seq,BCell,BCell,30,Pgam2,9.50576309448493,0.646,0.005,0.641,0,6.0931941435648405
d21MaternalDiet_scRNAseq,d21,scRNA-seq,BCell,BCell,31,Zeb2,6.92728077367849,0.923,0.047,0.876,3.58166036706749e-204,6.068297957742357
d21MaternalDiet_scRNAseq,d21,scRNA-seq,BCell,BCell,32,Flt3,7.88743174787257,0.769,0.004,0.765,0,6.033885287122517
d21MaternalDiet_scRNAseq,d21,scRNA-seq,BCell,BCell,33,Ighm,6.61960012279597,0.985,0.1,0.885,1.93626527629516e-104,5.858346108674433
d21MaternalDiet_scRNAseq,d21,scRNA-seq,BCell,BCell,34,Kdr,9.59205148607057,0.6,0.004,0.596,0,5.716862685698059
d21MaternalDiet_scRNAseq,d21,scRNA-seq,BCell,BCell,35,H2-Oa,7.05195851294815,0.815,0.019,0.7959999999999999,8.52805360121337e-287,5.613358976306727
d21MaternalDiet_scRNAseq,d21,scRNA-seq,BCell,BCell,36,Il7r,6.55369252558533,0.892,0.042,0.85,1.54306124138851e-193,5.57063864674753
d21MaternalDiet_scRNAseq,d21,scRNA-seq,BCell,BCell,37,Clec12a,8.50321950527736,0.662,0.01,0.652,6.92338761500197e-114,5.5440991174408385
d21MaternalDiet_scRNAseq,d21,scRNA-seq,BCell,BCell,38,Btla,8.2579851775741,0.677,0.007,0.67,0,5.532850068974648
d21MaternalDiet_scRNAseq,d21,scRNA-seq,BCell,BCell,39,Clec10a,9.15578578726629,0.615,0.012,0.603,2.0725870468739e-167,5.5209388297215725
d21MaternalDiet_scRNAseq,d21,scRNA-seq,BCell,BCell,40,Runx2,8.09332503906618,0.754,0.072,0.682,1.70813177027731e-58,5.519647676643135
d21MaternalDiet_scRNAseq,d21,scRNA-seq,BCell,BCell,41,Gm30211,9.32714502936343,0.585,0.003,0.582,0,5.428398407089516
d21MaternalDiet_scRNAseq,d21,scRNA-seq,BCell,BCell,42,P2ry14,8.27029526881406,0.662,0.016,0.646,1.20420298882581e-128,5.342610743653883
d21MaternalDiet_scRNAseq,d21,scRNA-seq,BCell,BCell,43,Cyth4,6.24058006105996,0.923,0.072,0.8510000000000001,1.45433234495504e-105,5.310733631962027
d21MaternalDiet_scRNAseq,d21,scRNA-seq,BCell,BCell,44,Ryr1,8.69930033431219,0.631,0.021,0.61,4.1990608465978e-181,5.306573203930435
d21MaternalDiet_scRNAseq,d21,scRNA-seq,BCell,BCell,45,Tyrobp,7.02881555218665,1,0.246,0.754,2.96744330124094e-58,5.299726926348734
d21MaternalDiet_scRNAseq,d21,scRNA-seq,BCell,BCell,46,C030013G03Rik,8.82716627068302,0.6,0.005,0.595,0,5.252163931056396
d21MaternalDiet_scRNAseq,d21,scRNA-seq,BCell,BCell,47,Arl5c,7.30075795605176,0.738,0.019,0.719,4.18647612401062e-206,5.249244970401215
d21MaternalDiet_scRNAseq,d21,scRNA-seq,BCell,BCell,48,Mef2c,7.53185968717374,0.738,0.047,0.691,1.32964579902245e-74,5.204515043837054
d21MaternalDiet_scRNAseq,d21,scRNA-seq,BCell,BCell,49,BC147527,7.48769126470751,0.692,0.013,0.6789999999999999,5.16793608450963e-277,5.084142368736399
d21MaternalDiet_scRNAseq,d21,scRNA-seq,BCell,BCell,50,Kmo,8.83593817518755,0.585,0.017,0.568,4.40047836144851e-56,5.018812883506528
d21MaternalDiet_scRNAseq,d21,scRNA-seq,BCell,BCell,51,Cd180,8.80727101540403,0.569,0.018,0.5509999999999999,4.70247818674316e-53,4.85280632948762
d21MaternalDiet_scRNAseq,d21,scRNA-seq,BCell,BCell,52,Rasgrp2,6.29145619895417,0.8,0.042,0.758,1.10638159105522e-153,4.76892379880726
d21MaternalDiet_scRNAseq,d21,scRNA-seq,BCell,BCell,53,Lsp1,5.66678600558215,1,0.161,0.839,1.48294634565308e-74,4.754433458683423
d21MaternalDiet_scRNAseq,d21,scRNA-seq,BCell,BCell,54,Ncf1,6.51799869536694,0.815,0.086,0.729,4.61196237705512e-98,4.751621048922499
d21MaternalDiet_scRNAseq,d21,scRNA-seq,BCell,BCell,55,Cd209d,11.8220978475306,0.4,0.003,0.397,3.13919086637942e-15,4.693372845469648
d21MaternalDiet_scRNAseq,d21,scRNA-seq,BCell,BCell,56,Rcsd1,6.32382235187506,0.8,0.061,0.7390000000000001,2.42548329868905e-124,4.67330471803567
d21MaternalDiet_scRNAseq,d21,scRNA-seq,BCell,BCell,57,Dntt,9.81137017805088,0.477,0.001,0.476,1.0687000252538e-160,4.670212204752219
d21MaternalDiet_scRNAseq,d21,scRNA-seq,BCell,BCell,58,Siglecg,7.08772145996874,0.662,0.019,0.643,1.32138470962776e-254,4.557404898759899
d21MaternalDiet_scRNAseq,d21,scRNA-seq,BCell,BCell,59,Clec9a,9.80310334159065,0.462,0.001,0.461,4.55809045065252e-139,4.51923064047329
d21MaternalDiet_scRNAseq,d21,scRNA-seq,BCell,BCell,60,Emp3,5.67020762689098,0.969,0.174,0.7949999999999999,2.17896848328229e-68,4.507815063378328
d21MaternalDiet_scRNAseq,d21,scRNA-seq,BCell,BCell,61,Spib,5.97831352661001,0.846,0.096,0.75,1.10332999518601e-85,4.483735144957508
d21MaternalDiet_scRNAseq,d21,scRNA-seq,BCell,BCell,62,Gm5547,7.48286760109437,0.677,0.08,0.5970000000000001,2.09717856932801e-35,4.46727195785334
d21MaternalDiet_scRNAseq,d21,scRNA-seq,BCell,BCell,63,S1pr4,6.45240499995441,0.738,0.053,0.6849999999999999,1.07434360581512e-100,4.419897424968771
d21MaternalDiet_scRNAseq,d21,scRNA-seq,BCell,BCell,64,Itgax,5.75854583467867,0.846,0.083,0.763,1.92469344377466e-86,4.393770471859825
d21MaternalDiet_scRNAseq,d21,scRNA-seq,BCell,BCell,65,Ccr5,6.54806231904182,0.754,0.083,0.671,3.72575221319537e-63,4.393749816077062
d21MaternalDiet_scRNAseq,d21,scRNA-seq,BCell,BCell,66,Hsd11b1,6.15143991664971,0.754,0.055,0.699,2.32484231726202e-116,4.299856501738147
d21MaternalDiet_scRNAseq,d21,scRNA-seq,BCell,BCell,67,Il10ra,6.63252675760273,0.677,0.031,0.646,2.08552985942087e-119,4.284612285411364
d21MaternalDiet_scRNAseq,d21,scRNA-seq,BCell,BCell,68,Cd37,5.57206008735697,0.985,0.218,0.767,5.41057162804932e-59,4.273770087002796
d21MaternalDiet_scRNAseq,d21,scRNA-seq,BCell,BCell,69,Ly6k,7.92266851503614,0.615,0.081,0.534,1.12676672462742e-57,4.2307049870292985
d21MaternalDiet_scRNAseq,d21,scRNA-seq,BCell,BCell,70,Laptm5,5.20618309515884,1,0.19,0.81,3.17092312733036e-62,4.217008307078661
d21MaternalDiet_scRNAseq,d21,scRNA-seq,BCell,BCell,71,Nfam1,6.27459380102739,0.692,0.022,0.6699999999999999,1.52446283491372e-217,4.203977846688351
d21MaternalDiet_scRNAseq,d21,scRNA-seq,BCell,BCell,72,Napsa,5.32872397241217,0.892,0.11,0.782,2.17322514255237e-85,4.167062146426318
d21MaternalDiet_scRNAseq,d21,scRNA-seq,BCell,BCell,73,Itgad,7.04316571472561,0.6,0.011,0.589,0,4.148424605973385
d21MaternalDiet_scRNAseq,d21,scRNA-seq,BCell,BCell,74,Grifin,7.52612745965049,0.569,0.019,0.5499999999999999,3.16618942529485e-134,4.139370102807769
d21MaternalDiet_scRNAseq,d21,scRNA-seq,BCell,BCell,75,Plekho1,5.78075687650435,0.815,0.104,0.711,2.882396367476e-55,4.110118139194593
d21MaternalDiet_scRNAseq,d21,scRNA-seq,BCell,BCell,76,Gngt2,5.17978984549773,0.908,0.12,0.788,1.50187118546451e-67,4.081674398252211
d21MaternalDiet_scRNAseq,d21,scRNA-seq,BCell,BCell,77,Cd33,7.71831571686289,0.538,0.013,0.525,4.73344181099118e-58,4.052115751353018
d21MaternalDiet_scRNAseq,d21,scRNA-seq,BCell,BCell,78,Cd68,5.80041731361085,0.846,0.152,0.694,9.79113459375454e-40,4.025489615645929
d21MaternalDiet_scRNAseq,d21,scRNA-seq,BCell,BCell,79,Csf2rb,5.99329334524875,0.738,0.072,0.666,8.42285958420336e-60,3.9915333679356677
d21MaternalDiet_scRNAseq,d21,scRNA-seq,BCell,BCell,80,Rac2,4.99896945157868,1,0.207,0.793,3.46253998514256e-58,3.9641827751018934
d21MaternalDiet_scRNAseq,d21,scRNA-seq,BCell,BCell,81,Cyfip2,5.18965281329101,0.815,0.061,0.754,1.5206548818309e-111,3.9129982212214216
d21MaternalDiet_scRNAseq,d21,scRNA-seq,BCell,BCell,82,Arhgap30,5.20970375379992,0.862,0.113,0.749,7.64662616486361e-76,3.9020681115961398
d21MaternalDiet_scRNAseq,d21,scRNA-seq,BCell,BCell,83,Cd300c2,5.54297247413532,0.723,0.03,0.693,1.05913519375579e-137,3.8412799245757765
d21MaternalDiet_scRNAseq,d21,scRNA-seq,BCell,BCell,84,Ctnnd2,6.51506622107136,0.6,0.013,0.587,7.30360880973215e-130,3.8243438717688885
d21MaternalDiet_scRNAseq,d21,scRNA-seq,BCell,BCell,85,Hcls1,4.9870783517909,0.862,0.098,0.764,7.23756656984976e-79,3.8101278607682474
d21MaternalDiet_scRNAseq,d21,scRNA-seq,BCell,BCell,86,Samsn1,4.97721508719728,0.8,0.041,0.759,2.68415112952635e-161,3.7777062511827353
d21MaternalDiet_scRNAseq,d21,scRNA-seq,BCell,BCell,87,Jaml,5.33176304984314,0.938,0.235,0.703,3.34771624709604e-49,3.748229424039727
d21MaternalDiet_scRNAseq,d21,scRNA-seq,BCell,BCell,88,Csf2rb2,7.28661272322797,0.538,0.026,0.512,7.86662386213385e-34,3.7307457142927207
d21MaternalDiet_scRNAseq,d21,scRNA-seq,BCell,BCell,89,Pkib,6.88847059141769,0.569,0.032,0.5369999999999999,3.99071253566568e-28,3.6991087075912987
d21MaternalDiet_scRNAseq,d21,scRNA-seq,BCell,BCell,90,Bcl11a,5.69394127931992,0.938,0.303,0.635,8.06541175607784e-41,3.6156527123681492
d21MaternalDiet_scRNAseq,d21,scRNA-seq,BCell,BCell,91,Adamts1,6.19013272053466,0.585,0.006,0.579,0,3.5840868451895678
d21MaternalDiet_scRNAseq,d21,scRNA-seq,BCell,BCell,92,Lag3,8.00750467824924,0.492,0.045,0.447,4.71454624173266e-11,3.5793545911774105
d21MaternalDiet_scRNAseq,d21,scRNA-seq,BCell,BCell,93,AI662270,5.30536982576135,0.738,0.065,0.673,2.03651474216475e-51,3.5705138927373885
d21MaternalDiet_scRNAseq,d21,scRNA-seq,BCell,BCell,94,H2-DMa,5.29751069303428,0.908,0.237,0.671,8.88499189024731e-42,3.554629675026002
d21MaternalDiet_scRNAseq,d21,scRNA-seq,BCell,BCell,95,Rgs10,5.41586413664621,0.954,0.302,0.6519999999999999,7.83357233375801e-43,3.5311434170933285
d21MaternalDiet_scRNAseq,d21,scRNA-seq,BCell,BCell,96,Wdfy4,5.73170479582626,0.646,0.034,0.612,7.79841070819172e-124,3.5078033350456708
d21MaternalDiet_scRNAseq,d21,scRNA-seq,BCell,BCell,97,Aif1,4.94243741382104,0.785,0.076,0.7090000000000001,2.71586980549464e-78,3.5041881263991175
d21MaternalDiet_scRNAseq,d21,scRNA-seq,BCell,BCell,98,Cacna1s,6.20151278978907,0.569,0.005,0.564,0,3.497653213441035
d21MaternalDiet_scRNAseq,d21,scRNA-seq,BCell,BCell,99,Ccl4,5.9946003794493,0.631,0.049,0.582,4.99331489867976e-81,3.488857420839492
d21MaternalDiet_scRNAseq,d21,scRNA-seq,BCell,BCell,100,Klhl6,6.28755027365066,0.585,0.034,0.5509999999999999,4.77081181269634e-33,3.4644402007815134
d21MaternalDiet_scRNAseq,d21,scRNA-seq,BCell,BCell,101,Selplg,5.13542961492587,0.831,0.157,0.6739999999999999,2.26359202567117e-40,3.461279560460036
d21MaternalDiet_scRNAseq,d21,scRNA-seq,BCell,BCell,102,Lgals1,5.07148894693624,1,0.32,0.6799999999999999,7.23756303752492e-51,3.448612483916643
d21MaternalDiet_scRNAseq,d21,scRNA-seq,BCell,BCell,103,Gpr183,5.35592091232814,0.723,0.081,0.642,7.95920043267072e-66,3.438501225714666
d21MaternalDiet_scRNAseq,d21,scRNA-seq,BCell,BCell,104,Prkcb,5.18734557872643,0.738,0.086,0.652,1.72977272085716e-76,3.3821493173296324
d21MaternalDiet_scRNAseq,d21,scRNA-seq,BCell,BCell,105,Arhgdib,4.43613134958771,1,0.242,0.758,5.29123538120895e-55,3.3625875629874846
d21MaternalDiet_scRNAseq,d21,scRNA-seq,BCell,BCell,106,Evi2a,6.45443818647363,0.554,0.035,0.519,1.04062140248226e-26,3.349853418779814
d21MaternalDiet_scRNAseq,d21,scRNA-seq,BCell,BCell,107,Srgn,4.50907845214216,0.985,0.243,0.742,4.38141581724393e-56,3.3457362114894824
d21MaternalDiet_scRNAseq,d21,scRNA-seq,BCell,BCell,108,Gm2a,4.85990568043523,0.938,0.258,0.6799999999999999,6.86175750059945e-40,3.3047358626959564
d21MaternalDiet_scRNAseq,d21,scRNA-seq,BCell,BCell,109,Fcer1g,4.39422959650121,1,0.254,0.746,3.19150290822502e-53,3.2780952789899027
d21MaternalDiet_scRNAseq,d21,scRNA-seq,BCell,BCell,110,Ppfia4,5.80174764031329,0.769,0.209,0.56,2.90200689770266e-21,3.2489786785754426
d21MaternalDiet_scRNAseq,d21,scRNA-seq,BCell,BCell,111,Iglc1,5.61165970556515,0.585,0.008,0.577,6.40546740787261e-217,3.237927650111091
d21MaternalDiet_scRNAseq,d21,scRNA-seq,BCell,BCell,112,Fcer2a,5.82346393344422,0.569,0.013,0.5559999999999999,3.5205860417303e-209,3.237845946994986
d21MaternalDiet_scRNAseq,d21,scRNA-seq,BCell,BCell,113,Itgb2,4.52064318632867,0.8,0.091,0.7090000000000001,1.77346066335449e-82,3.205136019107027
d21MaternalDiet_scRNAseq,d21,scRNA-seq,BCell,BCell,114,Ankrd55,5.64347097303697,0.569,0.004,0.565,0,3.1885610997658875
d21MaternalDiet_scRNAseq,d21,scRNA-seq,BCell,BCell,115,Pacsin1,6.21881496895919,0.585,0.073,0.512,2.33460360847866e-15,3.1840332641071054
d21MaternalDiet_scRNAseq,d21,scRNA-seq,BCell,BCell,116,Plxnc1,5.71154022397029,0.6,0.044,0.5559999999999999,2.95595251250052e-96,3.175616364527481
d21MaternalDiet_scRNAseq,d21,scRNA-seq,BCell,BCell,117,9930111J21Rik2,5.68498778157477,0.646,0.088,0.558,6.02939727536854e-24,3.1722231821187217
d21MaternalDiet_scRNAseq,d21,scRNA-seq,BCell,BCell,118,Cd300a,4.88543568003007,0.662,0.023,0.639,1.93102011364496e-156,3.121793399539215
d21MaternalDiet_scRNAseq,d21,scRNA-seq,BCell,BCell,119,I830077J02Rik,6.38091993347762,0.538,0.051,0.48700000000000004,2.54949284101495e-19,3.1075080076036015
d21MaternalDiet_scRNAseq,d21,scRNA-seq,BCell,BCell,120,Gnb4,5.60185114989699,0.585,0.039,0.5459999999999999,2.56364385072818e-79,3.058610727843756
d21MaternalDiet_scRNAseq,d21,scRNA-seq,BCell,BCell,121,Coro1a,3.95578909095215,0.985,0.221,0.764,5.85449207875732e-52,3.022222865487443
d21MaternalDiet_scRNAseq,d21,scRNA-seq,BCell,BCell,122,Ptprcap,4.15709422095007,0.892,0.166,0.726,1.46294631207903e-49,3.0180504044097503
d21MaternalDiet_scRNAseq,d21,scRNA-seq,BCell,BCell,123,Cd48,4.23235297743296,0.846,0.135,0.711,3.67317226739816e-64,3.0092029669548346
d21MaternalDiet_scRNAseq,d21,scRNA-seq,BCell,BCell,124,Alox5ap,4.3277046642217,0.954,0.263,0.691,3.64516032017708e-50,2.990443922977194
d21MaternalDiet_scRNAseq,d21,scRNA-seq,BCell,BCell,125,Cd7,4.05077084611079,0.908,0.17,0.738,2.92284717741724e-50,2.989468884429763
d21MaternalDiet_scRNAseq,d21,scRNA-seq,BCell,BCell,126,Tubb2b,4.97101654870251,0.692,0.094,0.598,6.35009415108036e-54,2.9726678961241007
d21MaternalDiet_scRNAseq,d21,scRNA-seq,BCell,BCell,127,Spn,4.60042161127067,0.723,0.083,0.64,1.05078321931897e-74,2.944269831213229
d21MaternalDiet_scRNAseq,d21,scRNA-seq,BCell,BCell,128,Ikzf1,5.31760652392154,0.631,0.085,0.546,4.10777612079607e-22,2.9034131620611614
d21MaternalDiet_scRNAseq,d21,scRNA-seq,BCell,BCell,129,Rasgrp3,5.27953335273862,0.569,0.027,0.5419999999999999,2.49436079335499e-86,2.861507077184332
d21MaternalDiet_scRNAseq,d21,scRNA-seq,BCell,BCell,130,Cd53,4.64049112111581,0.723,0.116,0.607,1.12692154825454e-28,2.8167781105172964
d21MaternalDiet_scRNAseq,d21,scRNA-seq,BCell,BCell,131,Cxcr3,4.32266360428141,0.708,0.058,0.6499999999999999,2.58756928418736e-75,2.809731342782916
d21MaternalDiet_scRNAseq,d21,scRNA-seq,BCell,BCell,132,Fyn,4.90620857521944,0.785,0.218,0.5670000000000001,2.57247701077053e-25,2.781820262149423
d21MaternalDiet_scRNAseq,d21,scRNA-seq,BCell,BCell,133,Pip4k2a,5.61758212138864,0.646,0.154,0.492,2.25221886106829e-15,2.763850403723211
d21MaternalDiet_scRNAseq,d21,scRNA-seq,BCell,BCell,134,Cd52,3.71771558142157,0.985,0.253,0.732,3.18840956466241e-45,2.721367805600589
d21MaternalDiet_scRNAseq,d21,scRNA-seq,BCell,BCell,135,Tifab,6.4308073468514,0.431,0.008,0.423,1.04929727955046e-22,2.720231507718142
d21MaternalDiet_scRNAseq,d21,scRNA-seq,BCell,BCell,136,Igkc,4.50029025434557,0.677,0.076,0.6010000000000001,1.21698472132616e-63,2.704674442861688
d21MaternalDiet_scRNAseq,d21,scRNA-seq,BCell,BCell,137,St8sia6,5.20483105938671,0.523,0.004,0.519,0,2.701307319821703
d21MaternalDiet_scRNAseq,d21,scRNA-seq,BCell,BCell,138,Stx11,4.85482732285457,0.569,0.017,0.5519999999999999,5.21328911063667e-222,2.6798646822157224
d21MaternalDiet_scRNAseq,d21,scRNA-seq,BCell,BCell,139,Trim30a,4.47947892872729,0.785,0.199,0.5860000000000001,5.65014225044579e-30,2.6249746522341924
d21MaternalDiet_scRNAseq,d21,scRNA-seq,BCell,BCell,140,Hmgn3,4.35912687836693,0.723,0.121,0.602,8.3555960692905e-52,2.624194380776892
d21MaternalDiet_scRNAseq,d21,scRNA-seq,BCell,BCell,141,Ptpn6,4.65233342198582,0.877,0.313,0.5640000000000001,2.48589022515257e-30,2.6239160500000027
d21MaternalDiet_scRNAseq,d21,scRNA-seq,BCell,BCell,142,Glipr1,4.88200398710328,0.662,0.129,0.533,3.07840265840337e-27,2.6021081251260485
d21MaternalDiet_scRNAseq,d21,scRNA-seq,BCell,BCell,143,Lcp1,3.9973435457646,0.938,0.288,0.6499999999999999,5.8771960866802e-39,2.5982733047469897
d21MaternalDiet_scRNAseq,d21,scRNA-seq,BCell,BCell,144,Ptprc,3.67935193506298,0.923,0.217,0.7060000000000001,4.06852391732319e-45,2.5976224661544642
d21MaternalDiet_scRNAseq,d21,scRNA-seq,BCell,BCell,145,Pecam1,4.97892911306984,0.6,0.08,0.52,5.34076964113925e-26,2.589043138796317
d21MaternalDiet_scRNAseq,d21,scRNA-seq,BCell,BCell,146,Dock10,4.76618744743247,0.615,0.072,0.543,2.50069966961026e-23,2.5880397839558316
d21MaternalDiet_scRNAseq,d21,scRNA-seq,BCell,BCell,147,E330020D12Rik,4.79010080141891,0.569,0.036,0.5329999999999999,8.67949833013502e-84,2.5531237271562786
d21MaternalDiet_scRNAseq,d21,scRNA-seq,BCell,BCell,148,Fscn1,4.68268323211288,0.569,0.024,0.5449999999999999,2.44479957003905e-155,2.552062361501519
d21MaternalDiet_scRNAseq,d21,scRNA-seq,BCell,BCell,149,Plcb2,4.30696330758383,0.646,0.061,0.585,3.79177548704946e-63,2.5195735349365402
d21MaternalDiet_scRNAseq,d21,scRNA-seq,BCell,BCell,150,Gm8013,5.16446916822186,0.492,0.007,0.485,4.53905156158225e-278,2.504767546587602
d21MaternalDiet_scRNAseq,d21,scRNA-seq,BCell,BCell,151,Spi1,3.86465058318186,0.677,0.03,0.647,6.10760390386421e-123,2.5004289273186635
d21MaternalDiet_scRNAseq,d21,scRNA-seq,BCell,BCell,152,Fyb,3.79798169502734,0.908,0.259,0.649,4.43563699269906e-38,2.4648901200727438
d21MaternalDiet_scRNAseq,d21,scRNA-seq,BCell,BCell,153,Bin2,3.76728164205231,0.738,0.086,0.652,2.6713879549247e-59,2.456267630618106
d21MaternalDiet_scRNAseq,d21,scRNA-seq,BCell,BCell,154,Cxcl14,4.93626510831999,0.492,0.005,0.487,0,2.4039611077518352
d21MaternalDiet_scRNAseq,d21,scRNA-seq,BCell,BCell,155,Gpr171,5.52560896200237,0.462,0.03,0.43200000000000005,5.55475667108994e-8,2.387063071585024
d21MaternalDiet_scRNAseq,d21,scRNA-seq,BCell,BCell,156,Hhex,3.99758823691847,0.785,0.192,0.593,1.02363209856267e-31,2.3705698244926525
d21MaternalDiet_scRNAseq,d21,scRNA-seq,BCell,BCell,157,Rab7b,4.29222158540582,0.569,0.022,0.5469999999999999,2.07378119443504e-166,2.3478452072169835
d21MaternalDiet_scRNAseq,d21,scRNA-seq,BCell,BCell,158,Il2rg,3.79607529458364,0.692,0.09,0.602,6.49089052298477e-53,2.285237327339351
d21MaternalDiet_scRNAseq,d21,scRNA-seq,BCell,BCell,159,Atp1a3,8.9112481461921,0.262,0.007,0.255,0.000015782566486297,2.2723682772789857
d21MaternalDiet_scRNAseq,d21,scRNA-seq,BCell,BCell,160,Celf2,4.2773290369032,0.738,0.207,0.531,2.12753736982599e-20,2.2712617185955994
d21MaternalDiet_scRNAseq,d21,scRNA-seq,BCell,BCell,161,Cd74,4.21482031820728,0.954,0.428,0.526,1.38955058768107e-35,2.2169954873770292
d21MaternalDiet_scRNAseq,d21,scRNA-seq,BCell,BCell,162,Il4i1,4.49238585831972,0.585,0.099,0.486,1.66758702612511e-34,2.183299527143384
d21MaternalDiet_scRNAseq,d21,scRNA-seq,BCell,BCell,163,H2-Ab1,3.83448881986506,0.846,0.277,0.569,2.00587879749283e-29,2.181824138503219
d21MaternalDiet_scRNAseq,d21,scRNA-seq,BCell,BCell,164,Abi3,4.8401775254321,0.585,0.135,0.44999999999999996,1.37478903865514e-8,2.178079886444445
d21MaternalDiet_scRNAseq,d21,scRNA-seq,BCell,BCell,165,Msn,3.8450531894848,0.754,0.194,0.56,4.78726529389227e-24,2.153229786111488
d21MaternalDiet_scRNAseq,d21,scRNA-seq,BCell,BCell,166,F630028O10Rik,3.82033361063454,0.569,0.006,0.563,0,2.1508478227872456
d21MaternalDiet_scRNAseq,d21,scRNA-seq,BCell,BCell,167,Cnn2,3.54456157403616,0.831,0.252,0.579,3.05945685754189e-28,2.0523011513669362
d21MaternalDiet_scRNAseq,d21,scRNA-seq,BCell,BCell,168,Trem1,3.90221889331134,0.538,0.013,0.525,4.34717534232731e-249,2.0486649189884534
d21MaternalDiet_scRNAseq,d21,scRNA-seq,BCell,BCell,169,Abcd2,3.97013190967887,0.523,0.008,0.515,0,2.044617933484618
d21MaternalDiet_scRNAseq,d21,scRNA-seq,BCell,BCell,170,Irf8,5.6099945976251,1,0.637,0.363,3.64509216146228e-42,2.036428038937911
d21MaternalDiet_scRNAseq,d21,scRNA-seq,BCell,BCell,171,Basp1,3.59818277894984,0.631,0.066,0.565,4.24244211052608e-62,2.0329732701066594
d21MaternalDiet_scRNAseq,d21,scRNA-seq,BCell,BCell,172,Gng2,4.55626039913811,0.692,0.247,0.44499999999999995,4.93481017970821e-13,2.027535877616459
d21MaternalDiet_scRNAseq,d21,scRNA-seq,BCell,BCell,173,Cd72,3.99549688341512,0.615,0.108,0.507,8.09593696564809e-30,2.0257169198914657
d21MaternalDiet_scRNAseq,d21,scRNA-seq,BCell,BCell,174,Sept1,3.50857434843143,0.877,0.304,0.573,7.26336892363116e-30,2.010413101651209
d21MaternalDiet_scRNAseq,d21,scRNA-seq,BCell,BCell,175,H2-Aa,4.25433078120206,0.738,0.266,0.472,5.59001427592237e-18,2.0080441287273723
d21MaternalDiet_scRNAseq,d21,scRNA-seq,BCell,BCell,176,Ccl22,3.64549070455661,0.569,0.027,0.5419999999999999,1.50834255093041e-128,1.9758559618696825
d21MaternalDiet_scRNAseq,d21,scRNA-seq,BCell,BCell,177,Fxyd5,3.60408309560167,0.754,0.211,0.543,8.73717926161738e-21,1.9570171209117069
d21MaternalDiet_scRNAseq,d21,scRNA-seq,BCell,BCell,178,Xlr,3.63209393617048,0.569,0.031,0.5379999999999999,6.56851228188111e-123,1.954066537659718
d21MaternalDiet_scRNAseq,d21,scRNA-seq,BCell,BCell,179,Iglc2,6.77650923787369,0.323,0.039,0.28400000000000003,9.77455076000976e-26,1.9245286235561283
d21MaternalDiet_scRNAseq,d21,scRNA-seq,BCell,BCell,180,Arid3a,4.21101049813624,0.662,0.208,0.45400000000000007,3.57994760040028e-19,1.9117987661538531
d21MaternalDiet_scRNAseq,d21,scRNA-seq,BCell,BCell,181,Vav1,3.79056912136968,0.708,0.208,0.5,1.30034657072615e-20,1.89528456068484
d21MaternalDiet_scRNAseq,d21,scRNA-seq,BCell,BCell,182,Kctd12,3.54490894088321,0.846,0.316,0.53,2.63562532831546e-26,1.8788017386681013
d21MaternalDiet_scRNAseq,d21,scRNA-seq,BCell,BCell,183,Slco3a1,3.44055433340971,0.615,0.077,0.538,1.08768934169503e-50,1.8510182313744241
d21MaternalDiet_scRNAseq,d21,scRNA-seq,BCell,BCell,184,Nlrp3,3.55581493926677,0.523,0.003,0.52,0,1.8490237684187205
d21MaternalDiet_scRNAseq,d21,scRNA-seq,BCell,BCell,185,Prr5l,3.47811999644679,0.569,0.04,0.5289999999999999,4.80809305950677e-79,1.8399254781203516
d21MaternalDiet_scRNAseq,d21,scRNA-seq,BCell,BCell,186,Ptger2,3.30471537312031,0.554,0.008,0.546,1.52499738543276e-215,1.8043745937236895
d21MaternalDiet_scRNAseq,d21,scRNA-seq,BCell,BCell,187,Dram1,3.70173889860344,0.492,0.005,0.487,1.71562172908807e-279,1.8027468436198752
d21MaternalDiet_scRNAseq,d21,scRNA-seq,BCell,BCell,188,Gimap1,3.21420161668718,0.769,0.212,0.557,1.59683811450804e-26,1.7903103004947594
d21MaternalDiet_scRNAseq,d21,scRNA-seq,BCell,BCell,189,Batf,3.65399586420096,0.569,0.083,0.48599999999999993,2.14753135166927e-34,1.7758419900016662
d21MaternalDiet_scRNAseq,d21,scRNA-seq,BCell,BCell,190,Mndal,3.07948700740035,0.646,0.07,0.5760000000000001,1.13883563989184e-58,1.7737845162626018
d21MaternalDiet_scRNAseq,d21,scRNA-seq,BCell,BCell,191,Slc13a3,4.45182509538787,0.4,0.002,0.398,0,1.7718263879643725
d21MaternalDiet_scRNAseq,d21,scRNA-seq,BCell,BCell,192,Cacna1e,6.88566966058269,0.277,0.021,0.256,0.00644956426282036,1.7627314331091686
d21MaternalDiet_scRNAseq,d21,scRNA-seq,BCell,BCell,193,Runx3,3.5271409488073,0.615,0.122,0.493,1.27451778440345e-10,1.7388804877619988
d21MaternalDiet_scRNAseq,d21,scRNA-seq,BCell,BCell,194,Plek,4.73686240929241,0.508,0.141,0.367,0.000174596099200803,1.7384285042103145
d21MaternalDiet_scRNAseq,d21,scRNA-seq,BCell,BCell,195,Ltb,3.13347479105675,0.692,0.146,0.5459999999999999,9.72698188549665e-27,1.7108772359169853
d21MaternalDiet_scRNAseq,d21,scRNA-seq,BCell,BCell,196,Cldn1,3.2904575897033,0.523,0.005,0.518,0,1.7044570314663094
d21MaternalDiet_scRNAseq,d21,scRNA-seq,BCell,BCell,197,Plcg2,3.36358410190844,0.738,0.232,0.506,6.41160236447402e-21,1.7019735555656705
d21MaternalDiet_scRNAseq,d21,scRNA-seq,BCell,BCell,198,Cyp4f18,3.19300361741411,0.569,0.043,0.5259999999999999,7.90218525072616e-85,1.6795199027598215
d21MaternalDiet_scRNAseq,d21,scRNA-seq,BCell,BCell,199,Gm26802,3.10752574943977,0.569,0.039,0.5299999999999999,5.11157846804873e-29,1.646988647203078
d21MaternalDiet_scRNAseq,d21,scRNA-seq,BCell,BCell,200,Adam23,3.05113466991193,0.538,0.006,0.532,0,1.623203644393147
d21MaternalDiet_scRNAseq,d21,scRNA-seq,BCell,BCell,201,Col17a1,3.3885103774132,0.554,0.076,0.47800000000000004,1.20857940976407e-38,1.6197079604035096
d21MaternalDiet_scRNAseq,d21,scRNA-seq,BCell,BCell,202,Dock2,4.02907524531645,0.508,0.107,0.401,0.000173493887024774,1.6156591733718964
d21MaternalDiet_scRNAseq,d21,scRNA-seq,BCell,BCell,203,Rhoh,3.7545570511569,0.508,0.08,0.428,0.000090560806807864,1.6069504178951532
d21MaternalDiet_scRNAseq,d21,scRNA-seq,BCell,BCell,204,Cd86,2.95294447801605,0.569,0.029,0.5399999999999999,4.03803370578312e-122,1.5945900181286667
d21MaternalDiet_scRNAseq,d21,scRNA-seq,BCell,BCell,205,Alpk2,3.13412987912017,0.538,0.03,0.508,3.15315426125041e-74,1.5921379785930465
d21MaternalDiet_scRNAseq,d21,scRNA-seq,BCell,BCell,206,Ctsh,4.20310988985013,1,0.622,0.378,5.36262039849864e-40,1.588775538363349
d21MaternalDiet_scRNAseq,d21,scRNA-seq,BCell,BCell,207,Fcgr2b,2.84591107519193,0.569,0.021,0.5479999999999999,2.37591421119469e-177,1.5595592692051774
d21MaternalDiet_scRNAseq,d21,scRNA-seq,BCell,BCell,208,H2-M2,2.98709135595041,0.569,0.053,0.5159999999999999,4.56427853077117e-66,1.5413391396704113
d21MaternalDiet_scRNAseq,d21,scRNA-seq,BCell,BCell,209,Stab1,2.84512668912776,0.554,0.017,0.537,6.46164966319623e-170,1.5278330320616071
d21MaternalDiet_scRNAseq,d21,scRNA-seq,BCell,BCell,210,H2-Eb1,3.20502183022354,0.723,0.247,0.476,1.2429912620447e-16,1.525590391186405
d21MaternalDiet_scRNAseq,d21,scRNA-seq,BCell,BCell,211,Klrd1,2.66531018467496,0.754,0.184,0.5700000000000001,1.19263706656337e-27,1.5192268052647273
d21MaternalDiet_scRNAseq,d21,scRNA-seq,BCell,BCell,212,Cass4,3.09952515584343,0.492,0.011,0.481,1.51446848110804e-187,1.4908715999606899
d21MaternalDiet_scRNAseq,d21,scRNA-seq,BCell,BCell,213,Lat,2.8192082898204,0.631,0.104,0.527,8.88827585533997e-37,1.4857227687353507
d21MaternalDiet_scRNAseq,d21,scRNA-seq,BCell,BCell,214,Mgl2,5.74583232645335,0.262,0.005,0.257,1.71085564933871e-8,1.476678907898511
d21MaternalDiet_scRNAseq,d21,scRNA-seq,BCell,BCell,215,Sez6l,2.70359695910984,0.554,0.012,0.542,7.28969143203596e-198,1.4653495518375335
d21MaternalDiet_scRNAseq,d21,scRNA-seq,BCell,BCell,216,Slamf8,2.79346124901469,0.523,0.006,0.517,0,1.4442194657405947
d21MaternalDiet_scRNAseq,d21,scRNA-seq,BCell,BCell,217,Clmp,3.14308566260018,0.646,0.188,0.458,2.03315394675069e-19,1.4395332334708826
d21MaternalDiet_scRNAseq,d21,scRNA-seq,BCell,BCell,218,Themis2,6.07417136177183,0.262,0.026,0.23600000000000002,0.00000240598754296757,1.433504441378152
d21MaternalDiet_scRNAseq,d21,scRNA-seq,BCell,BCell,219,Ms4a6c,3.31492117940464,0.538,0.106,0.43200000000000005,1.60079703338677e-15,1.4320459495028046
d21MaternalDiet_scRNAseq,d21,scRNA-seq,BCell,BCell,220,Hp,3.78705856799925,0.385,0.008,0.377,8.50659041142618e-193,1.4277210801357172
d21MaternalDiet_scRNAseq,d21,scRNA-seq,BCell,BCell,221,Pdlim2,2.7646769641592,0.692,0.185,0.5069999999999999,9.79213091757861e-22,1.4016912208287142
d21MaternalDiet_scRNAseq,d21,scRNA-seq,BCell,BCell,222,Bst2,5.0706049067989,1,0.724,0.276,1.91105212139808e-41,1.3994869542764965
d21MaternalDiet_scRNAseq,d21,scRNA-seq,BCell,BCell,223,Pilra,3.31027101040534,0.431,0.01,0.421,5.40801757775287e-60,1.393624095380648
d21MaternalDiet_scRNAseq,d21,scRNA-seq,BCell,BCell,224,Nefl,2.56992196895654,0.569,0.027,0.5419999999999999,1.31877435593061e-106,1.3928977071744444
d21MaternalDiet_scRNAseq,d21,scRNA-seq,BCell,BCell,225,Gm41611,3.65739106399641,0.4,0.021,0.379,3.80440094060146e-80,1.3861512132546394
d21MaternalDiet_scRNAseq,d21,scRNA-seq,BCell,BCell,226,Cfp,3.22062423618223,0.538,0.11,0.42800000000000005,1.78475645399511e-16,1.3784271730859947
d21MaternalDiet_scRNAseq,d21,scRNA-seq,BCell,BCell,227,Cd80,2.76215893861527,0.523,0.026,0.497,5.68686138454418e-103,1.3727929924917892
d21MaternalDiet_scRNAseq,d21,scRNA-seq,BCell,BCell,228,Igfbp7,2.53956247723992,0.569,0.031,0.5379999999999999,4.27485471778507e-90,1.3662846127550767
d21MaternalDiet_scRNAseq,d21,scRNA-seq,BCell,BCell,229,Ctsl,3.69457976609154,0.985,0.617,0.368,1.28564759653551e-37,1.3596053539216868
d21MaternalDiet_scRNAseq,d21,scRNA-seq,BCell,BCell,230,Dnase1l3,2.79067179563387,0.569,0.083,0.48599999999999993,5.35745263184377e-42,1.3562664926780605
d21MaternalDiet_scRNAseq,d21,scRNA-seq,BCell,BCell,231,St3gal5,2.51450383915761,0.554,0.025,0.529,1.25585755791694e-120,1.3301725309143757
d21MaternalDiet_scRNAseq,d21,scRNA-seq,BCell,BCell,232,Pim1,2.89958375294398,0.677,0.228,0.44900000000000007,1.25357474372646e-13,1.301913105071847
d21MaternalDiet_scRNAseq,d21,scRNA-seq,BCell,BCell,233,Gpsm3,3.90799008740843,0.508,0.177,0.331,0.0111872250826333,1.2935447189321905
d21MaternalDiet_scRNAseq,d21,scRNA-seq,BCell,BCell,234,Ptafr,5.66635447348774,0.262,0.034,0.228,0.0000615342936131933,1.2919288199552048
d21MaternalDiet_scRNAseq,d21,scRNA-seq,BCell,BCell,235,Mcemp1,2.49155588077198,0.523,0.007,0.516,0,1.2856428344783417
d21MaternalDiet_scRNAseq,d21,scRNA-seq,BCell,BCell,236,Ear2,2.46203415277177,0.523,0.003,0.52,0,1.2802577594413205
d21MaternalDiet_scRNAseq,d21,scRNA-seq,BCell,BCell,237,Ifitm6,2.53968409823212,0.523,0.019,0.504,7.54914825930708e-141,1.2800007855089885
d21MaternalDiet_scRNAseq,d21,scRNA-seq,BCell,BCell,238,Zfp366,2.71904967322627,0.477,0.011,0.46599999999999997,1.77685502070426e-182,1.2670771477234417
d21MaternalDiet_scRNAseq,d21,scRNA-seq,BCell,BCell,239,Mefv,2.96712432134631,0.431,0.004,0.427,0,1.2669620852148744
d21MaternalDiet_scRNAseq,d21,scRNA-seq,BCell,BCell,240,Rgs18,5.24872583542477,0.262,0.027,0.23500000000000001,0.00000129471324036886,1.233450571324821
d21MaternalDiet_scRNAseq,d21,scRNA-seq,BCell,BCell,241,Cd44,3.88191270494741,0.738,0.421,0.317,7.87830280086473e-13,1.230566327468329
d21MaternalDiet_scRNAseq,d21,scRNA-seq,BCell,BCell,242,Rab3il1,3.21995339468751,0.4,0.019,0.381,6.72254546557862e-66,1.2268022433759413
d21MaternalDiet_scRNAseq,d21,scRNA-seq,BCell,BCell,243,Fgd2,2.83341723527886,0.646,0.22,0.42600000000000005,5.0540669818343e-16,1.2070357422287945
d21MaternalDiet_scRNAseq,d21,scRNA-seq,BCell,BCell,244,Pik3r5,2.36338876580631,0.585,0.076,0.509,4.14584810593644e-43,1.2029648817954117
d21MaternalDiet_scRNAseq,d21,scRNA-seq,BCell,BCell,245,Adgrl3,2.96387077317296,0.415,0.013,0.40199999999999997,6.52511135001168e-129,1.1914760508155298
d21MaternalDiet_scRNAseq,d21,scRNA-seq,BCell,BCell,246,Otulinl,2.22649351732175,0.646,0.116,0.53,6.05137453828696e-33,1.1800415641805275
d21MaternalDiet_scRNAseq,d21,scRNA-seq,BCell,BCell,247,Lax1,2.17143788047864,0.569,0.026,0.5429999999999999,8.08305624363318e-141,1.1790907690999013
d21MaternalDiet_scRNAseq,d21,scRNA-seq,BCell,BCell,248,Gm5150,3.71808769141089,0.323,0.006,0.317,3.87279847706987e-148,1.1786337981772521
d21MaternalDiet_scRNAseq,d21,scRNA-seq,BCell,BCell,249,Lilra5,3.05625944603088,0.385,0.004,0.381,0,1.1644348489377654
d21MaternalDiet_scRNAseq,d21,scRNA-seq,BCell,BCell,250,Rora,2.30314026094813,0.585,0.082,0.503,2.75678565410647e-28,1.1584795512569095
d21MaternalDiet_scRNAseq,d21,scRNA-seq,BCell,BCell,251,Siglece,2.11487804792484,0.554,0.007,0.547,7.4181523736859e-250,1.1568382922148877
d21MaternalDiet_scRNAseq,d21,scRNA-seq,BCell,BCell,252,Scnn1g,2.39742748261857,0.569,0.087,0.482,3.32232118034038e-34,1.1555600466221507
d21MaternalDiet_scRNAseq,d21,scRNA-seq,BCell,BCell,253,Ctss,3.2067511147894,0.985,0.625,0.36,2.80682845026798e-34,1.154430401324184
d21MaternalDiet_scRNAseq,d21,scRNA-seq,BCell,BCell,254,Prss30,2.28365971525147,0.662,0.158,0.504,2.73785713981579e-21,1.150964496486741
d21MaternalDiet_scRNAseq,d21,scRNA-seq,BCell,BCell,255,Phf11a,2.2692800984435,0.523,0.019,0.504,4.13101080737777e-162,1.1437171696155242
d21MaternalDiet_scRNAseq,d21,scRNA-seq,BCell,BCell,256,H2-Q7,3.04778383244473,0.769,0.395,0.374,3.79882778217205e-13,1.139871153334329
d21MaternalDiet_scRNAseq,d21,scRNA-seq,BCell,BCell,257,Gata3,2.15761237502445,0.569,0.041,0.5279999999999999,1.97442938189223e-74,1.1392193340129095
d21MaternalDiet_scRNAseq,d21,scRNA-seq,BCell,BCell,258,Aldh1a2,3.95279567920989,0.292,0.004,0.288,4.60672676151224e-85,1.1384051556124484
d21MaternalDiet_scRNAseq,d21,scRNA-seq,BCell,BCell,259,Dpys,3.0314163711238,0.4,0.027,0.373,4.34899863948205e-54,1.1307183064291773
d21MaternalDiet_scRNAseq,d21,scRNA-seq,BCell,BCell,260,St6galnac3,2.04902643171125,0.569,0.019,0.5499999999999999,2.23437061405857e-149,1.1269645374411872
d21MaternalDiet_scRNAseq,d21,scRNA-seq,BCell,BCell,261,Slfn5,3.12498091281195,0.431,0.071,0.36,0.00000168626768545072,1.1249931286123018
d21MaternalDiet_scRNAseq,d21,scRNA-seq,BCell,BCell,262,H2-Ob,2.15411954097162,0.538,0.034,0.504,1.96321281183829e-92,1.0856762486496965
d21MaternalDiet_scRNAseq,d21,scRNA-seq,BCell,BCell,263,Sema7a,3.31150101809109,0.4,0.076,0.324,0.0339875447689789,1.0729263298615133
d21MaternalDiet_scRNAseq,d21,scRNA-seq,BCell,BCell,264,Traf1,2.73573260898194,0.538,0.149,0.389,9.47527829921574e-10,1.0641999848939747
d21MaternalDiet_scRNAseq,d21,scRNA-seq,BCell,BCell,265,Treml4,2.65584963445588,0.4,0.009,0.391,1.12451252484064e-147,1.0384372070722492
d21MaternalDiet_scRNAseq,d21,scRNA-seq,BCell,BCell,266,Ctsw,2.09793993900696,0.677,0.184,0.49300000000000005,1.18904260078077e-23,1.0342843899304313
d21MaternalDiet_scRNAseq,d21,scRNA-seq,BCell,BCell,267,Il1r2,2.43199136166975,0.431,0.009,0.422,8.11381175637421e-131,1.0263003546246345
d21MaternalDiet_scRNAseq,d21,scRNA-seq,BCell,BCell,268,Vim,2.14680284258124,0.738,0.27,0.46799999999999997,6.07643289984919e-19,1.0047037303280202
d21MaternalDiet_scRNAseq,d21,scRNA-seq,BCell,BCell,269,Pax6,1.88741405486959,0.569,0.046,0.5229999999999999,9.0965275666827e-72,0.9871175506967953
d21MaternalDiet_scRNAseq,d21,scRNA-seq,BCell,BCell,270,Mmp12,2.30038180102521,0.446,0.021,0.425,2.09321056131587e-111,0.9776622654357142
d21MaternalDiet_scRNAseq,d21,scRNA-seq,BCell,BCell,271,Ppp1r1a,2.08773996054869,0.523,0.066,0.457,3.45396827148478e-35,0.9540971619707513
d21MaternalDiet_scRNAseq,d21,scRNA-seq,BCell,BCell,272,Vcam1,2.56556044372324,0.385,0.024,0.361,2.28400201862208e-35,0.9261673201840896
d21MaternalDiet_scRNAseq,d21,scRNA-seq,BCell,BCell,273,Pilrb2,1.85289108981351,0.508,0.014,0.494,1.09360984257947e-152,0.9153281983678739
d21MaternalDiet_scRNAseq,d21,scRNA-seq,BCell,BCell,274,Egr3,2.09477513144842,0.462,0.026,0.436,4.74805791631489e-52,0.9133219573115111
d21MaternalDiet_scRNAseq,d21,scRNA-seq,BCell,BCell,275,Bhlhe41,2.99620374608895,0.308,0.007,0.301,2.34717381515553e-88,0.9018573275727739
d21MaternalDiet_scRNAseq,d21,scRNA-seq,BCell,BCell,276,Tnf,2.14580846244234,0.569,0.149,0.41999999999999993,1.89378366750721e-20,0.9012395542257827
d21MaternalDiet_scRNAseq,d21,scRNA-seq,BCell,BCell,277,Capg,2.35051755954077,0.815,0.437,0.37799999999999995,9.63083865513062e-15,0.888495637506411
d21MaternalDiet_scRNAseq,d21,scRNA-seq,BCell,BCell,278,Il2ra,2.284877235651,0.4,0.015,0.385,2.00513128876097e-52,0.879677735725635
d21MaternalDiet_scRNAseq,d21,scRNA-seq,BCell,BCell,279,Usp18,2.13721700720964,0.585,0.174,0.411,4.77956795690993e-17,0.878396189963162
d21MaternalDiet_scRNAseq,d21,scRNA-seq,BCell,BCell,280,BE692007,2.12992423469893,0.446,0.034,0.41200000000000003,1.81948382098872e-31,0.8775287846959592
d21MaternalDiet_scRNAseq,d21,scRNA-seq,BCell,BCell,281,Adamdec1,2.10369443329353,0.415,0.005,0.41,4.85970447352925e-226,0.8625147176503472
d21MaternalDiet_scRNAseq,d21,scRNA-seq,BCell,BCell,282,Psmb8,2.90213206089604,0.969,0.675,0.29399999999999993,1.31776723192046e-31,0.8532268259034356
d21MaternalDiet_scRNAseq,d21,scRNA-seq,BCell,BCell,283,C5ar1,2.92451381679036,0.292,0.012,0.27999999999999997,3.73605960735884e-78,0.8188638687013007
d21MaternalDiet_scRNAseq,d21,scRNA-seq,BCell,BCell,284,B4galnt1,2.57510767672981,0.708,0.391,0.31699999999999995,3.51211529446657e-9,0.8163091335233497
d21MaternalDiet_scRNAseq,d21,scRNA-seq,BCell,BCell,285,Cdkn2d,2.97627695212641,0.6,0.33,0.26999999999999996,0.000784186723537539,0.8035947770741306
d21MaternalDiet_scRNAseq,d21,scRNA-seq,BCell,BCell,286,Cd34,1.64553828821844,0.569,0.084,0.48499999999999993,3.35094025385932e-38,0.7980860697859432
d21MaternalDiet_scRNAseq,d21,scRNA-seq,BCell,BCell,287,Adam8,1.88949386285559,0.554,0.135,0.41900000000000004,8.11831352276861e-23,0.7916979285364922
d21MaternalDiet_scRNAseq,d21,scRNA-seq,BCell,BCell,288,Abcg3,2.00348194701238,0.415,0.021,0.39399999999999996,4.81328695987677e-34,0.7893718871228776
d21MaternalDiet_scRNAseq,d21,scRNA-seq,BCell,BCell,289,Klk8,1.56860425342664,0.569,0.067,0.502,4.7443939053554e-41,0.7874393352201733
d21MaternalDiet_scRNAseq,d21,scRNA-seq,BCell,BCell,290,Tap1,2.35187988992106,0.785,0.452,0.333,2.13865338564272e-11,0.783176003343713
d21MaternalDiet_scRNAseq,d21,scRNA-seq,BCell,BCell,291,Capn3,1.58370316177027,0.554,0.062,0.49200000000000005,1.75553685919151e-45,0.7791819555909729
d21MaternalDiet_scRNAseq,d21,scRNA-seq,BCell,BCell,292,Msr1,2.08346750781265,0.4,0.03,0.37,6.90525951512265e-43,0.7708829778906805
d21MaternalDiet_scRNAseq,d21,scRNA-seq,BCell,BCell,293,Gzmc,1.58185074119104,0.569,0.091,0.478,4.09492318744945e-41,0.7561246542893171
d21MaternalDiet_scRNAseq,d21,scRNA-seq,BCell,BCell,294,Gm33104,2.28174791053705,0.338,0.01,0.328,4.2630031332787e-89,0.7484133146561525
d21MaternalDiet_scRNAseq,d21,scRNA-seq,BCell,BCell,295,Map4k4,2.51563942549294,0.677,0.38,0.29700000000000004,0.0000029495963443638,0.7471449093714033
d21MaternalDiet_scRNAseq,d21,scRNA-seq,BCell,BCell,296,Gm42047,1.92096701168394,0.585,0.211,0.374,1.81205416009645e-11,0.7184416623697936
d21MaternalDiet_scRNAseq,d21,scRNA-seq,BCell,BCell,297,Nsg2,1.55926440265903,0.569,0.109,0.45999999999999996,2.83812551630705e-26,0.7172616252231538
d21MaternalDiet_scRNAseq,d21,scRNA-seq,BCell,BCell,298,Anxa6,1.92992662063054,0.662,0.293,0.36900000000000005,9.1570421773125e-10,0.7121429230126693
d21MaternalDiet_scRNAseq,d21,scRNA-seq,BCell,BCell,299,Itpripl2,1.854353936094,0.569,0.19,0.37899999999999995,1.49883654597811e-12,0.7028001417796259
d21MaternalDiet_scRNAseq,d21,scRNA-seq,BCell,BCell,300,Hpgds,2.06770750224266,0.6,0.265,0.33499999999999996,7.45738475081886e-9,0.692682013251291
d21MaternalDiet_scRNAseq,d21,scRNA-seq,BCell,BCell,301,Fcgr4,1.68522348108171,0.415,0.004,0.411,6.24449545883148e-293,0.6926268507245827
d21MaternalDiet_scRNAseq,d21,scRNA-seq,BCell,BCell,302,Limd2,1.76210120322317,0.631,0.242,0.389,2.17109293711367e-12,0.6854573680538132
d21MaternalDiet_scRNAseq,d21,scRNA-seq,BCell,BCell,303,Pik3cg,1.775695333781,0.585,0.2,0.38499999999999995,4.51194801514042e-12,0.6836427035056849
d21MaternalDiet_scRNAseq,d21,scRNA-seq,BCell,BCell,304,Bcl2a1a,1.32361843799625,0.554,0.042,0.512,3.18253337376256e-75,0.6776926402540799
d21MaternalDiet_scRNAseq,d21,scRNA-seq,BCell,BCell,305,Adgre1,1.47457559839959,0.462,0.006,0.456,3.33651114556861e-232,0.672406472870213
d21MaternalDiet_scRNAseq,d21,scRNA-seq,BCell,BCell,306,Il22ra2,1.28984053290695,0.523,0.01,0.513,1.72520997931371e-181,0.6616881933812654
d21MaternalDiet_scRNAseq,d21,scRNA-seq,BCell,BCell,307,Apol9a,1.66750397243171,0.569,0.173,0.39599999999999996,1.30417926216693e-16,0.6603315730829571
d21MaternalDiet_scRNAseq,d21,scRNA-seq,BCell,BCell,308,Ccl24,1.63781849030335,0.415,0.016,0.39899999999999997,2.11020781901095e-103,0.6534895776310365
d21MaternalDiet_scRNAseq,d21,scRNA-seq,BCell,BCell,309,Clec4a1,1.61621525606786,0.4,0.018,0.382,6.89756231267621e-82,0.6173942278179225
d21MaternalDiet_scRNAseq,d21,scRNA-seq,BCell,BCell,310,Coro2a,1.74346621306819,0.785,0.439,0.34600000000000003,5.23700163727092e-8,0.6032393097215938
d21MaternalDiet_scRNAseq,d21,scRNA-seq,BCell,BCell,311,Paqr5,2.02730885903284,0.723,0.429,0.294,0.00000737192920774233,0.596028804555655
d21MaternalDiet_scRNAseq,d21,scRNA-seq,BCell,BCell,312,Ms4a1,1.86940529310848,0.354,0.037,0.317,7.28253027966398e-32,0.5926014779153881
d21MaternalDiet_scRNAseq,d21,scRNA-seq,BCell,BCell,313,Igsf6,1.2625110694073,0.492,0.027,0.46499999999999997,1.60846047443941e-92,0.5870676472743945
d21MaternalDiet_scRNAseq,d21,scRNA-seq,BCell,BCell,314,Ly6a,2.60748619162936,0.908,0.693,0.21500000000000008,1.07479509702911e-16,0.5606095312003126
d21MaternalDiet_scRNAseq,d21,scRNA-seq,BCell,BCell,315,Klra3,2.09952160023403,0.277,0.011,0.266,9.84910378852369e-53,0.5584727456622519
d21MaternalDiet_scRNAseq,d21,scRNA-seq,BCell,BCell,316,Il1b,1.07892592388952,0.569,0.068,0.5009999999999999,1.72472658685145e-48,0.5405418878686493
d21MaternalDiet_scRNAseq,d21,scRNA-seq,BCell,BCell,317,Plbd1,1.53980273050254,0.646,0.296,0.35000000000000003,0.00000724388133312279,0.538930955675889
d21MaternalDiet_scRNAseq,d21,scRNA-seq,BCell,BCell,318,Gsn,1.97450360939315,0.892,0.621,0.271,3.1427188102467e-13,0.5350904781455437
d21MaternalDiet_scRNAseq,d21,scRNA-seq,BCell,BCell,319,Thy1,1.02588431290875,0.569,0.059,0.51,8.13003317882377e-45,0.5232009995834626
d21MaternalDiet_scRNAseq,d21,scRNA-seq,BCell,BCell,320,Ms4a6b,1.05383810636499,0.585,0.092,0.493,3.91248554167462e-34,0.51954218643794
d21MaternalDiet_scRNAseq,d21,scRNA-seq,BCell,BCell,321,Gm8251,1.18110090820559,0.569,0.135,0.43399999999999994,5.91030260605149e-15,0.5125977941612261
d21MaternalDiet_scRNAseq,d21,scRNA-seq,BCell,BCell,322,Egr2,2.17199306208528,0.308,0.074,0.23399999999999999,0.0000263925692737118,0.5082463765279555
d21MaternalDiet_scRNAseq,d21,scRNA-seq,BCell,BCell,323,Phf11d,1.31680375565688,0.508,0.125,0.383,3.94383415923472e-10,0.504335838416585
d21MaternalDiet_scRNAseq,d21,scRNA-seq,BCell,BCell,324,Itga9,1.56695386436686,0.338,0.018,0.32,2.13684607737771e-13,0.5014252365973951
d21MaternalDiet_scRNAseq,d21,scRNA-seq,BCell,BCell,325,Klrc1,0.940048504787818,0.554,0.025,0.529,1.26343189250074e-107,0.49728565903275573
d21MaternalDiet_scRNAseq,d21,scRNA-seq,BCell,BCell,326,Gbp5,1.0812411886214,0.554,0.095,0.4590000000000001,3.76814608005928e-27,0.4962897055772227
d21MaternalDiet_scRNAseq,d21,scRNA-seq,BCell,BCell,327,Ifi204,1.03015086255904,0.492,0.014,0.478,1.63054316707627e-144,0.49241211230322113
d21MaternalDiet_scRNAseq,d21,scRNA-seq,BCell,BCell,328,Oasl1,1.21430767915955,0.585,0.198,0.38699999999999996,1.59934507708186e-10,0.46993707183474576
d21MaternalDiet_scRNAseq,d21,scRNA-seq,BCell,BCell,329,Clec4n,1.02869187039979,0.477,0.022,0.45499999999999996,1.15882292069668e-96,0.46805480103190444
d21MaternalDiet_scRNAseq,d21,scRNA-seq,BCell,BCell,330,Rprml,0.96422480376657,0.569,0.088,0.481,2.27156456695197e-33,0.4637921306117202
d21MaternalDiet_scRNAseq,d21,scRNA-seq,BCell,BCell,331,Cd274,1.19667330833089,0.492,0.108,0.384,1.19060636405053e-8,0.45952255039906176
d21MaternalDiet_scRNAseq,d21,scRNA-seq,BCell,BCell,332,Prf1,1.52537784952139,0.308,0.008,0.3,9.55634830143748e-82,0.457613354856417
d21MaternalDiet_scRNAseq,d21,scRNA-seq,BCell,BCell,333,Mctp1,1.13056430699826,0.538,0.135,0.403,1.29293785107283e-14,0.45561741572029885
d21MaternalDiet_scRNAseq,d21,scRNA-seq,BCell,BCell,334,Icos,0.908885502913707,0.508,0.013,0.495,1.1746107811127e-126,0.44989832394228496
d21MaternalDiet_scRNAseq,d21,scRNA-seq,BCell,BCell,335,Ifit3,1.01659078430346,0.492,0.054,0.438,3.97932668168323e-36,0.4452667635249155
d21MaternalDiet_scRNAseq,d21,scRNA-seq,BCell,BCell,336,Klrb1b,0.853852791776324,0.554,0.042,0.512,5.23206816616648e-77,0.4371726293894779
d21MaternalDiet_scRNAseq,d21,scRNA-seq,BCell,BCell,337,Ifi44,1.20045715892936,0.569,0.208,0.361,1.8256436684214e-10,0.43336503437349894
d21MaternalDiet_scRNAseq,d21,scRNA-seq,BCell,BCell,338,Klri2,1.41374875285209,0.323,0.017,0.306,6.54369809731554e-48,0.4326071183727395
d21MaternalDiet_scRNAseq,d21,scRNA-seq,BCell,BCell,339,Tmod2,0.862419577938781,0.523,0.032,0.491,1.01788582242442e-78,0.4234480127679415
d21MaternalDiet_scRNAseq,d21,scRNA-seq,BCell,BCell,340,Mest,1.54150555275375,0.292,0.019,0.27299999999999996,1.81818536119729e-37,0.4208310159017737
d21MaternalDiet_scRNAseq,d21,scRNA-seq,BCell,BCell,341,Parp14,1.38861611549686,0.631,0.353,0.278,0.00821828939129058,0.3860352801081271
d21MaternalDiet_scRNAseq,d21,scRNA-seq,BCell,BCell,342,Krt36,1.08028837624697,0.569,0.212,0.357,2.57394885143974e-8,0.38566295032016823
d21MaternalDiet_scRNAseq,d21,scRNA-seq,BCell,BCell,343,Syndig1l,0.993110912459567,0.415,0.031,0.384,1.3315724467088e-53,0.3813545903844737
d21MaternalDiet_scRNAseq,d21,scRNA-seq,BCell,BCell,344,Cxcl2,0.983385045822095,0.4,0.029,0.371,3.78799733659294e-53,0.36483585199999724
d21MaternalDiet_scRNAseq,d21,scRNA-seq,BCell,BCell,345,Podnl1,1.35825223391913,0.292,0.024,0.26799999999999996,1.25220732821497e-27,0.3640115986903268
d21MaternalDiet_scRNAseq,d21,scRNA-seq,BCell,BCell,346,Cacng4,1.05211351882448,0.385,0.053,0.332,3.25186981627638e-24,0.34930168824972735
d21MaternalDiet_scRNAseq,d21,scRNA-seq,BCell,BCell,347,Ptpn7,0.693019209895253,0.554,0.058,0.49600000000000005,4.25875654875848e-49,0.34373752810804553
d21MaternalDiet_scRNAseq,d21,scRNA-seq,BCell,BCell,348,Adam22,1.29808207474218,0.4,0.144,0.256,0.00454061180154725,0.3323090111339981
d21MaternalDiet_scRNAseq,d21,scRNA-seq,BCell,BCell,349,Slc6a13,1.09702734317882,0.4,0.104,0.29600000000000004,0.0429177616302726,0.3247200935809308
d21MaternalDiet_scRNAseq,d21,scRNA-seq,BCell,BCell,350,Qrfp,1.32556987672825,0.262,0.02,0.24200000000000002,2.25339133388541e-22,0.32078791016823655
d21MaternalDiet_scRNAseq,d21,scRNA-seq,BCell,BCell,351,Sprr2b,0.855779172130794,0.569,0.202,0.36699999999999994,5.50498221975014e-12,0.31407095617200137
d21MaternalDiet_scRNAseq,d21,scRNA-seq,BCell,BCell,352,Bnip3,0.921636591301411,0.615,0.286,0.329,4.01115316620493e-7,0.3032184385381642
d21MaternalDiet_scRNAseq,d21,scRNA-seq,BCell,BCell,353,Col15a1,0.793740709429488,0.431,0.057,0.374,2.39397411934653e-25,0.2968590253266285
d21MaternalDiet_scRNAseq,d21,scRNA-seq,BCell,BCell,354,Asb2,0.560160959678242,0.554,0.032,0.522,3.66895849000538e-89,0.2924040209520423
d21MaternalDiet_scRNAseq,d21,scRNA-seq,BCell,BCell,355,Ms4a6d,0.582171909224929,0.492,0.017,0.475,1.51606732994755e-96,0.2765316568818413
d21MaternalDiet_scRNAseq,d21,scRNA-seq,BCell,BCell,356,Apol7c,0.607276278372347,0.492,0.042,0.45,2.18204415436371e-69,0.27327432526755613
d21MaternalDiet_scRNAseq,d21,scRNA-seq,BCell,BCell,357,Ifi213,1.02045097161214,0.292,0.025,0.26699999999999996,5.05165033563296e-35,0.2724604094204413
d21MaternalDiet_scRNAseq,d21,scRNA-seq,BCell,BCell,358,Bcl2a1d,0.73109631939075,0.385,0.022,0.363,4.2414782286138e-13,0.26538796393884223
d21MaternalDiet_scRNAseq,d21,scRNA-seq,BCell,BCell,359,Irgm2,0.884590027553601,0.585,0.285,0.3,0.00000145132896474915,0.2653770082660803
d21MaternalDiet_scRNAseq,d21,scRNA-seq,BCell,BCell,360,Ikzf2,0.630781438147877,0.646,0.273,0.373,0.00000561420118093058,0.23528147642915812
d21MaternalDiet_scRNAseq,d21,scRNA-seq,BCell,BCell,361,St18,0.460236358820299,0.569,0.073,0.49599999999999994,6.62643749364314e-36,0.2282772339748683
d21MaternalDiet_scRNAseq,d21,scRNA-seq,BCell,BCell,362,Ptprh,0.543727257973159,0.569,0.18,0.38899999999999996,2.13197793407172e-12,0.21150990335155884
d21MaternalDiet_scRNAseq,d21,scRNA-seq,BCell,BCell,363,Pea15a,0.614995821481893,0.6,0.258,0.34199999999999997,1.73800309690961e-7,0.2103285709468074
d21MaternalDiet_scRNAseq,d21,scRNA-seq,BCell,BCell,364,Edn1,0.551499733094893,0.523,0.159,0.364,1.17351559375168e-8,0.20074590284654104
d21MaternalDiet_scRNAseq,d21,scRNA-seq,BCell,BCell,365,Igtp,0.664069717835497,0.6,0.322,0.27799999999999997,0.0232783856102238,0.18461138155826814
d21MaternalDiet_scRNAseq,d21,scRNA-seq,BCell,BCell,366,Cyp4f14,0.441957895648869,0.569,0.153,0.4159999999999999,9.6483702383163e-16,0.18385448458992948
d21MaternalDiet_scRNAseq,d21,scRNA-seq,BCell,BCell,367,Trps1,0.390187996755543,0.477,0.025,0.45199999999999996,3.77018082547962e-48,0.17636497453350541
d21MaternalDiet_scRNAseq,d21,scRNA-seq,BCell,BCell,368,Npl,0.423631764893331,0.492,0.094,0.398,3.60536170780967e-22,0.16860544242754574
d21MaternalDiet_scRNAseq,d21,scRNA-seq,BCell,BCell,369,Pla2g7,0.391340414145544,0.508,0.08,0.428,8.5400192332389e-26,0.16749369725429283
d21MaternalDiet_scRNAseq,d21,scRNA-seq,BCell,BCell,370,Neil3,0.506481326539949,0.585,0.275,0.30999999999999994,0.0000385458783468845,0.15700921122738418
d21MaternalDiet_scRNAseq,d21,scRNA-seq,BCell,BCell,371,Cd93,0.57088470230067,0.292,0.037,0.255,0.0000694991484444882,0.14557559908667086
d21MaternalDiet_scRNAseq,d21,scRNA-seq,BCell,BCell,372,Batf3,0.449870540471761,0.354,0.031,0.32299999999999995,0.00023690599292755,0.1453081845723788
d21MaternalDiet_scRNAseq,d21,scRNA-seq,BCell,BCell,373,Ifi208,0.587842244832956,0.292,0.046,0.246,4.92722769642192e-15,0.14460919222890717
d21MaternalDiet_scRNAseq,d21,scRNA-seq,BCell,BCell,374,Gm2682,0.510467876858876,0.292,0.021,0.27099999999999996,1.99491728517024e-31,0.13833679462875537
d21MaternalDiet_scRNAseq,d21,scRNA-seq,BCell,BCell,375,Clec4a2,0.254568746525473,0.538,0.027,0.511,6.75655814309464e-89,0.1300846294745167
d21MaternalDiet_scRNAseq,d21,scRNA-seq,BCell,BCell,376,Flna,0.437609890133557,0.523,0.229,0.29400000000000004,0.0252956900452156,0.12865730769926578
d21MaternalDiet_scRNAseq,d21,scRNA-seq,BCell,BCell,377,Klrc2,0.542082817336826,0.262,0.032,0.23,8.51625415717987e-14,0.12467904798746997
d21MaternalDiet_scRNAseq,d21,scRNA-seq,BCell,BCell,378,Apol7a,0.336468027220104,0.569,0.199,0.36999999999999994,6.59553297094206e-9,0.12449317007143845
d21MaternalDiet_scRNAseq,d21,scRNA-seq,BCell,BCell,379,Mxd1,0.380752412971742,0.631,0.327,0.304,0.0109341944913576,0.11574873354340956
d21MaternalDiet_scRNAseq,d21,scRNA-seq,BCell,BCell,380,Robo2,0.289617312230559,0.569,0.17,0.3989999999999999,6.63037892600132e-11,0.11555730757999301
d21MaternalDiet_scRNAseq,d21,scRNA-seq,BCell,BCell,381,Ikzf3,0.403536710096933,0.369,0.085,0.284,1.95030050188943e-11,0.11460442566752896
d21MaternalDiet_scRNAseq,d21,scRNA-seq,BCell,BCell,382,Cx3cr1,0.26539265376387,0.415,0.096,0.31899999999999995,0.00120708660445509,0.08466025655067452
d21MaternalDiet_scRNAseq,d21,scRNA-seq,BCell,BCell,383,Ddah2,0.271744769508842,0.4,0.13,0.27,0.0000173543752879574,0.07337108776738735
d21MaternalDiet_scRNAseq,d21,scRNA-seq,DSC,DSC,1,Best2,2.35471161710592,0.832,0.394,0.43799999999999994,0,1.0313636882923929
d21MaternalDiet_scRNAseq,d21,scRNA-seq,DSC,DSC,2,Gal3st2c,2.39974156531115,0.666,0.291,0.37500000000000006,1.98498008563e-292,0.8999030869916814
d21MaternalDiet_scRNAseq,d21,scRNA-seq,DSC,DSC,3,Rep15,2.18287008594968,0.901,0.543,0.358,0,0.7814674907699855
d21MaternalDiet_scRNAseq,d21,scRNA-seq,DSC,DSC,4,St6gal1,1.90970448699872,0.732,0.42,0.312,4.2434254238312e-269,0.5958277999436007
d21MaternalDiet_scRNAseq,d21,scRNA-seq,DSC,DSC,5,Lrrc26,1.74044736878076,0.954,0.635,0.31899999999999995,0,0.5552027106410623
d21MaternalDiet_scRNAseq,d21,scRNA-seq,DSC,DSC,6,Ramp1,1.641597200975,0.979,0.654,0.32499999999999996,0,0.5335190903168749
d21MaternalDiet_scRNAseq,d21,scRNA-seq,DSC,DSC,7,Cma1,1.5676843493843,0.734,0.426,0.308,7.42239964665525e-256,0.4828467796103644
d21MaternalDiet_scRNAseq,d21,scRNA-seq,DSC,DSC,8,Gm1123,1.58267531062649,0.836,0.548,0.2879999999999999,0,0.45581048946042896
d21MaternalDiet_scRNAseq,d21,scRNA-seq,DSC,DSC,9,Ndrg1,1.4064579834702,0.872,0.549,0.32299999999999995,0,0.4542859286608745
d21MaternalDiet_scRNAseq,d21,scRNA-seq,DSC,DSC,10,Atoh1,1.44337999602708,0.956,0.642,0.31399999999999995,0,0.453221318752503
d21MaternalDiet_scRNAseq,d21,scRNA-seq,DSC,DSC,11,Atp2c2,1.49409302850831,0.971,0.669,0.30199999999999994,0,0.45121609460950957
d21MaternalDiet_scRNAseq,d21,scRNA-seq,DSC,DSC,12,Hpd,1.49053338606006,0.824,0.526,0.29799999999999993,0,0.4441789490458978
d21MaternalDiet_scRNAseq,d21,scRNA-seq,DSC,DSC,13,Bcas1,1.4617782528182,0.758,0.468,0.29,1.10497482169194e-248,0.42391569331727796
d21MaternalDiet_scRNAseq,d21,scRNA-seq,DSC,DSC,14,Itpr1,1.50135219998725,0.672,0.391,0.281,4.47798011534283e-184,0.42187996819641727
d21MaternalDiet_scRNAseq,d21,scRNA-seq,DSC,DSC,15,Hsd11b2,1.85321485574977,0.987,0.766,0.22099999999999997,0,0.40956048312069915
d21MaternalDiet_scRNAseq,d21,scRNA-seq,DSC,DSC,16,Clps,1.72482479912092,0.615,0.383,0.23199999999999998,2.81097800911496e-113,0.4001593533960534
d21MaternalDiet_scRNAseq,d21,scRNA-seq,DSC,DSC,17,Hepacam2,1.2632907337458,0.981,0.687,0.29399999999999993,0,0.3714074757212651
d21MaternalDiet_scRNAseq,d21,scRNA-seq,DSC,DSC,18,Plpp1,1.29156737203664,0.919,0.632,0.28700000000000003,0,0.37067983577451574
d21MaternalDiet_scRNAseq,d21,scRNA-seq,DSC,DSC,19,Capn9,1.46325282448076,0.468,0.219,0.24900000000000003,3.32663819995135e-89,0.3643499532957093
d21MaternalDiet_scRNAseq,d21,scRNA-seq,DSC,DSC,20,Ly6f,1.19423477728051,0.369,0.065,0.304,4.43624478991341e-236,0.36304737229327505
d21MaternalDiet_scRNAseq,d21,scRNA-seq,DSC,DSC,21,Cbfa2t3,1.07910170420292,0.901,0.576,0.32500000000000007,1.16367697893692e-284,0.3507080538659491
d21MaternalDiet_scRNAseq,d21,scRNA-seq,DSC,DSC,22,Gcnt3,1.33489368438032,0.654,0.404,0.25,1.08145474014309e-142,0.33372342109508
d21MaternalDiet_scRNAseq,d21,scRNA-seq,DSC,DSC,23,Hgfac,1.24902827173376,0.829,0.564,0.265,8.64006413184387e-248,0.3309924920094464
d21MaternalDiet_scRNAseq,d21,scRNA-seq,DSC,DSC,24,Qsox1,1.1250710959134,0.909,0.618,0.29100000000000004,0,0.32739568891079945
d21MaternalDiet_scRNAseq,d21,scRNA-seq,DSC,DSC,25,Slc12a8,1.00374555892109,0.927,0.602,0.32500000000000007,1.20046609304498e-293,0.32621730664935433
d21MaternalDiet_scRNAseq,d21,scRNA-seq,DSC,DSC,26,Ccl6,1.7075275871302,0.961,0.773,0.18799999999999994,0,0.3210151863804775
d21MaternalDiet_scRNAseq,d21,scRNA-seq,DSC,DSC,27,Sval1,2.00501965656758,0.983,0.823,0.16000000000000003,0,0.32080314505081287
d21MaternalDiet_scRNAseq,d21,scRNA-seq,DSC,DSC,28,Guca2b,1.33816950796064,0.958,0.719,0.239,0,0.3198225124025929
d21MaternalDiet_scRNAseq,d21,scRNA-seq,DSC,DSC,29,Sytl2,1.24068268320195,0.761,0.512,0.249,3.46196710994853e-192,0.30892998811728556
d21MaternalDiet_scRNAseq,d21,scRNA-seq,DSC,DSC,30,Tcf7l1,1.1894819951268,0.796,0.547,0.249,5.44572384104385e-199,0.2961810167865732
d21MaternalDiet_scRNAseq,d21,scRNA-seq,DSC,DSC,31,Reg4,1.82741591733457,0.984,0.823,0.16100000000000003,0,0.29421396269086586
d21MaternalDiet_scRNAseq,d21,scRNA-seq,DSC,DSC,32,Tpsg1,1.02912657602736,0.812,0.537,0.275,5.74615983877692e-196,0.28300980840752404
d21MaternalDiet_scRNAseq,d21,scRNA-seq,DSC,DSC,33,Trp53inp1,1.11165430220375,0.587,0.343,0.24399999999999994,1.38165661721401e-101,0.2712436497377149
d21MaternalDiet_scRNAseq,d21,scRNA-seq,DSC,DSC,34,Id4,0.987483995831952,0.635,0.365,0.27,1.99336851655802e-138,0.26662067887462704
d21MaternalDiet_scRNAseq,d21,scRNA-seq,DSC,DSC,35,Clec2h,1.14967841021758,0.798,0.57,0.2280000000000001,2.13627126783238e-197,0.2621266775296084
d21MaternalDiet_scRNAseq,d21,scRNA-seq,DSC,DSC,36,Spdef,0.863932424711452,0.88,0.578,0.30200000000000005,7.05900081827049e-218,0.26090759226285853
d21MaternalDiet_scRNAseq,d21,scRNA-seq,DSC,DSC,37,Ffar4,1.04338234965939,0.689,0.455,0.23399999999999993,1.28106555535149e-136,0.24415146982029717
d21MaternalDiet_scRNAseq,d21,scRNA-seq,DSC,DSC,38,Scin,1.36234158490381,0.616,0.437,0.179,1.15947241490715e-82,0.243859143697782
d21MaternalDiet_scRNAseq,d21,scRNA-seq,DSC,DSC,39,Fcgbp,1.08067136432075,0.973,0.755,0.21799999999999997,0,0.23558635742192346
d21MaternalDiet_scRNAseq,d21,scRNA-seq,DSC,DSC,40,Syt7,0.938991074099867,0.736,0.49,0.246,4.81557100817509e-149,0.2309918042285673
d21MaternalDiet_scRNAseq,d21,scRNA-seq,DSC,DSC,41,Rprm,1.00765353974637,0.492,0.263,0.22899999999999998,2.54598049734417e-68,0.2307526606019187
d21MaternalDiet_scRNAseq,d21,scRNA-seq,DSC,DSC,42,Pdia5,1.05018618677114,0.954,0.737,0.21699999999999997,0,0.22789040252933734
d21MaternalDiet_scRNAseq,d21,scRNA-seq,DSC,DSC,43,5330417C22Rik,0.823298097828802,0.905,0.634,0.271,1.36544931213284e-224,0.22311378451160538
d21MaternalDiet_scRNAseq,d21,scRNA-seq,DSC,DSC,44,Guca2a,1.17108750762878,0.998,0.81,0.18799999999999994,0,0.22016445143421057
d21MaternalDiet_scRNAseq,d21,scRNA-seq,DSC,DSC,45,Cmtm8,0.96855707464189,0.687,0.464,0.22300000000000003,1.30255559148333e-112,0.2159882276451415
d21MaternalDiet_scRNAseq,d21,scRNA-seq,DSC,DSC,46,Copz2,0.789623258119146,0.665,0.395,0.27,2.43095617120857e-147,0.21319827969216945
d21MaternalDiet_scRNAseq,d21,scRNA-seq,DSC,DSC,47,Rap1gap,0.982077527507676,0.746,0.529,0.21699999999999997,5.04613087951528e-126,0.21311082346916566
d21MaternalDiet_scRNAseq,d21,scRNA-seq,DSC,DSC,48,Ffar2,0.722361243592197,0.864,0.572,0.29200000000000004,5.15743894653354e-185,0.21092948312892154
d21MaternalDiet_scRNAseq,d21,scRNA-seq,DSC,DSC,49,3830403N18Rik,1.18551218216828,0.258,0.084,0.174,1.5348722540962e-128,0.2062791196972807
d21MaternalDiet_scRNAseq,d21,scRNA-seq,DSC,DSC,50,Selenom,1.14029476341934,0.998,0.818,0.18000000000000005,0,0.20525305741548128
d21MaternalDiet_scRNAseq,d21,scRNA-seq,DSC,DSC,51,F3,0.874116398014163,0.598,0.38,0.21799999999999997,2.71194221981278e-99,0.1905573747670875
d21MaternalDiet_scRNAseq,d21,scRNA-seq,DSC,DSC,52,Slpi,0.878476393276052,0.57,0.356,0.21399999999999997,7.6995844327018e-99,0.1879939481610751
d21MaternalDiet_scRNAseq,d21,scRNA-seq,DSC,DSC,53,Bace2,0.917050919141381,0.697,0.494,0.20299999999999996,6.57200546191099e-108,0.1861613365857003
d21MaternalDiet_scRNAseq,d21,scRNA-seq,DSC,DSC,54,Fut2,0.7980267531328,0.888,0.671,0.21699999999999997,3.7079969035057e-180,0.17317180542981758
d21MaternalDiet_scRNAseq,d21,scRNA-seq,DSC,DSC,55,Kdelr3,0.749509849242571,0.769,0.542,0.22699999999999998,1.98294140907778e-132,0.1701387357780636
d21MaternalDiet_scRNAseq,d21,scRNA-seq,DSC,DSC,56,Cox7a1,0.879522166156931,0.802,0.61,0.19200000000000006,8.19494230722741e-158,0.1688682559021308
d21MaternalDiet_scRNAseq,d21,scRNA-seq,DSC,DSC,57,Pck1,0.838687457594864,0.507,0.308,0.199,1.73147426382791e-45,0.16689880406137794
d21MaternalDiet_scRNAseq,d21,scRNA-seq,DSC,DSC,58,Gde1,0.842255584190796,0.687,0.506,0.18100000000000005,1.75238254102874e-84,0.15244826073853412
d21MaternalDiet_scRNAseq,d21,scRNA-seq,DSC,DSC,59,Txndc5,0.982960094949191,0.989,0.836,0.15300000000000002,0,0.15039289452722626
d21MaternalDiet_scRNAseq,d21,scRNA-seq,DSC,DSC,60,Kcnk6,0.609957223976485,0.62,0.393,0.22699999999999998,2.24872580030719e-94,0.1384602898426621
d21MaternalDiet_scRNAseq,d21,scRNA-seq,DSC,DSC,61,Fkbp11,0.736422576062931,0.944,0.756,0.18799999999999994,1.01099786496813e-208,0.138447444299831
d21MaternalDiet_scRNAseq,d21,scRNA-seq,DSC,DSC,62,Kit,0.764151505659345,0.652,0.472,0.18000000000000005,7.18980309664341e-72,0.13754727101868214
d21MaternalDiet_scRNAseq,d21,scRNA-seq,DSC,DSC,63,Nnat,0.838356756117521,0.278,0.114,0.16400000000000003,8.54574339912216e-15,0.13749050800327348
d21MaternalDiet_scRNAseq,d21,scRNA-seq,DSC,DSC,64,Nccrp1,0.498662702518729,0.378,0.107,0.271,1.0138540768889e-192,0.13513759238257558
d21MaternalDiet_scRNAseq,d21,scRNA-seq,DSC,DSC,65,Cgref1,0.659739660342194,0.885,0.7,0.18500000000000005,3.00389207751417e-157,0.12205183716330592
d21MaternalDiet_scRNAseq,d21,scRNA-seq,DSC,DSC,66,B3gnt7,0.685814520146737,0.932,0.763,0.16900000000000004,4.50259244681038e-153,0.11590265390479859
d21MaternalDiet_scRNAseq,d21,scRNA-seq,DSC,DSC,67,Pde2a,0.603787991733977,0.715,0.528,0.18699999999999994,8.77880681524893e-74,0.11290835445425366
d21MaternalDiet_scRNAseq,d21,scRNA-seq,DSC,DSC,68,Dnajc10,0.599101219443187,0.937,0.749,0.18800000000000006,1.89487362015623e-149,0.11263102925531918
d21MaternalDiet_scRNAseq,d21,scRNA-seq,DSC,DSC,69,Gm15401,0.721197821011454,0.479,0.323,0.15599999999999997,2.03671839312507e-27,0.1125068600777868
d21MaternalDiet_scRNAseq,d21,scRNA-seq,DSC,DSC,70,Galnt3,0.616798710121393,0.881,0.718,0.16300000000000003,2.73351703279986e-122,0.10053818974978708
d21MaternalDiet_scRNAseq,d21,scRNA-seq,DSC,DSC,71,Wfdc17,0.587689085070458,0.625,0.467,0.15799999999999997,4.27254897672351e-48,0.09285487544113236
d21MaternalDiet_scRNAseq,d21,scRNA-seq,DSC,DSC,72,Ccn3,0.457274098736143,0.65,0.465,0.185,4.01828245196735e-70,0.08459570826618645
d21MaternalDiet_scRNAseq,d21,scRNA-seq,DSC,DSC,73,Mcub,0.399044679235588,0.575,0.364,0.21099999999999997,1.1968208114169e-79,0.08419842731870905
d21MaternalDiet_scRNAseq,d21,scRNA-seq,DSC,DSC,74,Ptpro,0.533415499774153,0.44,0.284,0.15600000000000003,3.95757453276964e-22,0.08321281796476789
d21MaternalDiet_scRNAseq,d21,scRNA-seq,DSC,DSC,75,Ly6k,0.357115955179713,0.265,0.032,0.233,0,0.08320801755687314
d21MaternalDiet_scRNAseq,d21,scRNA-seq,DSC,DSC,76,Cldn15,0.468176170405483,0.892,0.716,0.17600000000000005,7.27904827835631e-78,0.08239900599136503
d21MaternalDiet_scRNAseq,d21,scRNA-seq,DSC,DSC,77,Gm49708,0.368127919466189,0.455,0.257,0.198,2.96835280100941e-63,0.07288932805430542
d21MaternalDiet_scRNAseq,d21,scRNA-seq,DSC,DSC,78,Rbp4,0.387716893090922,0.641,0.461,0.18,1.04747528482957e-57,0.06978904075636595
d21MaternalDiet_scRNAseq,d21,scRNA-seq,DSC,DSC,79,Lrmp,0.25572120719532,0.675,0.42,0.25500000000000006,7.03588236466614e-131,0.06520890783480661
d21MaternalDiet_scRNAseq,d21,scRNA-seq,DSC,DSC,80,Clca1,0.37645135170999,0.855,0.7,0.15500000000000003,1.40907461617137e-106,0.05834995951504846
d21MaternalDiet_scRNAseq,d21,scRNA-seq,EC,EC,1,Ceacam20,6.21219811003317,0.926,0.122,0.804,0,4.994607280466669
d21MaternalDiet_scRNAseq,d21,scRNA-seq,EC,EC,2,Ces2c,6.43342418543856,0.963,0.212,0.751,0,4.831501563264359
d21MaternalDiet_scRNAseq,d21,scRNA-seq,EC,EC,3,Cyp3a13,6.16857594219859,0.941,0.179,0.762,0,4.700454867955326
d21MaternalDiet_scRNAseq,d21,scRNA-seq,EC,EC,4,Lama3,6.57112482017518,0.826,0.113,0.713,0,4.685211996784903
d21MaternalDiet_scRNAseq,d21,scRNA-seq,EC,EC,5,2010003K11Rik,6.34539425203642,0.81,0.088,0.7220000000000001,0,4.581374649970296
d21MaternalDiet_scRNAseq,d21,scRNA-seq,EC,EC,6,Slc15a1,6.57654446071863,0.808,0.12,0.6880000000000001,3.07434647314766e-287,4.524662588974418
d21MaternalDiet_scRNAseq,d21,scRNA-seq,EC,EC,7,Mep1a,5.90046993896437,0.961,0.203,0.758,0,4.472556213734993
d21MaternalDiet_scRNAseq,d21,scRNA-seq,EC,EC,8,Slc30a10,6.53686855524067,0.804,0.121,0.683,2.75637752387008e-244,4.464681223229378
d21MaternalDiet_scRNAseq,d21,scRNA-seq,EC,EC,9,Ly6g,6.54784610309722,0.863,0.196,0.667,8.36699308869814e-277,4.367413350765847
d21MaternalDiet_scRNAseq,d21,scRNA-seq,EC,EC,10,Tgm3,5.77081981911327,0.952,0.21,0.742,0,4.281948305782047
d21MaternalDiet_scRNAseq,d21,scRNA-seq,EC,EC,11,Aqp8,6.51097314548137,0.845,0.214,0.631,2.00502603917918e-228,4.1084240547987445
d21MaternalDiet_scRNAseq,d21,scRNA-seq,EC,EC,12,Pmp22,5.9111660834681,0.991,0.298,0.6930000000000001,0,4.096438095843394
d21MaternalDiet_scRNAseq,d21,scRNA-seq,EC,EC,13,Atp12a,5.84458154279963,0.906,0.208,0.6980000000000001,5.92439213179612e-286,4.079517916874142
d21MaternalDiet_scRNAseq,d21,scRNA-seq,EC,EC,14,Rhoc,5.40206339186913,0.996,0.248,0.748,0,4.040743417118109
d21MaternalDiet_scRNAseq,d21,scRNA-seq,EC,EC,15,Prss30,6.31777485286538,0.769,0.136,0.633,1.31391590735386e-238,3.9991514818637857
d21MaternalDiet_scRNAseq,d21,scRNA-seq,EC,EC,16,Rbp2,5.69504704860738,0.861,0.187,0.6739999999999999,4.49729304824829e-262,3.838461710761374
d21MaternalDiet_scRNAseq,d21,scRNA-seq,EC,EC,17,Mall,5.10954670000264,0.937,0.241,0.6960000000000001,0,3.5562445032018375
d21MaternalDiet_scRNAseq,d21,scRNA-seq,EC,EC,18,Emp1,6.1137502553509,0.789,0.209,0.5800000000000001,3.20181224704392e-215,3.545975148103522
d21MaternalDiet_scRNAseq,d21,scRNA-seq,EC,EC,19,Pdlim2,5.0537725419796,0.858,0.16,0.698,0,3.5275332343017607
d21MaternalDiet_scRNAseq,d21,scRNA-seq,EC,EC,20,Krt20,5.24258292781987,0.991,0.321,0.6699999999999999,0,3.5125305616393128
d21MaternalDiet_scRNAseq,d21,scRNA-seq,EC,EC,21,Cideb,5.30518428675711,0.841,0.181,0.6599999999999999,2.23732489943995e-268,3.5014216292596925
d21MaternalDiet_scRNAseq,d21,scRNA-seq,EC,EC,22,Steap4,5.44059327098139,0.876,0.238,0.638,4.5568658262139e-287,3.471098506886127
d21MaternalDiet_scRNAseq,d21,scRNA-seq,EC,EC,23,Trpv6,5.83819852037309,0.741,0.148,0.593,7.93784507659267e-193,3.462051722581242
d21MaternalDiet_scRNAseq,d21,scRNA-seq,EC,EC,24,Saa1,6.09560743001515,0.991,0.426,0.565,4.71075855681337e-286,3.4440181979585596
d21MaternalDiet_scRNAseq,d21,scRNA-seq,EC,EC,25,Areg,5.4441152185625,0.808,0.18,0.6280000000000001,5.37623317482517e-244,3.4189043572572504
d21MaternalDiet_scRNAseq,d21,scRNA-seq,EC,EC,26,Slc7a9,6.19991962631542,0.627,0.082,0.545,8.61063758301021e-278,3.378956196341904
d21MaternalDiet_scRNAseq,d21,scRNA-seq,EC,EC,27,Nt5e,5.11872100648513,0.821,0.165,0.6559999999999999,1.25602965949056e-252,3.3578809802542446
d21MaternalDiet_scRNAseq,d21,scRNA-seq,EC,EC,28,Car1,6.04380043599705,0.885,0.338,0.5469999999999999,6.45011569082566e-224,3.305958838490386
d21MaternalDiet_scRNAseq,d21,scRNA-seq,EC,EC,29,Eno3,5.33596449133112,0.969,0.354,0.615,2.73927118871792e-298,3.281618162168639
d21MaternalDiet_scRNAseq,d21,scRNA-seq,EC,EC,30,Mgam2-ps,5.35214188622121,0.8,0.187,0.613,6.36148198403852e-234,3.2808629762536015
d21MaternalDiet_scRNAseq,d21,scRNA-seq,EC,EC,31,Ces2e,5.05793741562983,0.871,0.23,0.641,6.6919885281218e-263,3.242137883418721
d21MaternalDiet_scRNAseq,d21,scRNA-seq,EC,EC,32,Ankrd37,5.33371182922471,0.935,0.332,0.603,4.50883194232964e-282,3.2162282330225
d21MaternalDiet_scRNAseq,d21,scRNA-seq,EC,EC,33,Slc34a2,6.27072908762879,0.612,0.101,0.511,1.25463467135751e-172,3.2043425637783116
d21MaternalDiet_scRNAseq,d21,scRNA-seq,EC,EC,34,Gpr137b,5.45192074446773,0.749,0.165,0.584,1.19890451995843e-210,3.183921714769154
d21MaternalDiet_scRNAseq,d21,scRNA-seq,EC,EC,35,Sectm1b,5.45761974172906,0.704,0.121,0.583,5.69115193735485e-188,3.1817923094280416
d21MaternalDiet_scRNAseq,d21,scRNA-seq,EC,EC,36,Clic5,4.60784147255555,0.932,0.25,0.682,2.08869347085339e-276,3.142547884282885
d21MaternalDiet_scRNAseq,d21,scRNA-seq,EC,EC,37,Cyp4f14,5.84101686715428,0.669,0.134,0.535,9.74822164525541e-214,3.1249440239275397
d21MaternalDiet_scRNAseq,d21,scRNA-seq,EC,EC,38,Sgk2,6.08014105690513,0.612,0.106,0.506,2.01694872540463e-248,3.0765513747939957
d21MaternalDiet_scRNAseq,d21,scRNA-seq,EC,EC,39,Cd55,4.96350195066618,0.913,0.305,0.6080000000000001,2.09487374981858e-257,3.0178091860050382
d21MaternalDiet_scRNAseq,d21,scRNA-seq,EC,EC,40,Ccng2,4.69206681618505,0.81,0.171,0.639,2.94633829085169e-210,2.998230695542247
d21MaternalDiet_scRNAseq,d21,scRNA-seq,EC,EC,41,Mep1b,5.79730561468771,0.641,0.125,0.516,1.68950681475315e-144,2.9914096971788586
d21MaternalDiet_scRNAseq,d21,scRNA-seq,EC,EC,42,Ifit1bl1,5.98996748231964,0.664,0.165,0.499,1.45257546573936e-145,2.9889937736775005
d21MaternalDiet_scRNAseq,d21,scRNA-seq,EC,EC,43,Slc40a1,4.922811231111,0.974,0.368,0.606,6.71123715861438e-292,2.983223606053266
d21MaternalDiet_scRNAseq,d21,scRNA-seq,EC,EC,44,Saa2,5.99958871481008,0.54,0.044,0.49600000000000005,1.48444831595748e-229,2.9757960025458
d21MaternalDiet_scRNAseq,d21,scRNA-seq,EC,EC,45,Tmem37,5.30293869340255,0.943,0.391,0.5519999999999999,2.39759996392488e-270,2.927222158758207
d21MaternalDiet_scRNAseq,d21,scRNA-seq,EC,EC,46,Egln3,4.96363588840549,0.922,0.333,0.589,2.32350119696155e-268,2.9235815382708332
d21MaternalDiet_scRNAseq,d21,scRNA-seq,EC,EC,47,Cyp2d34,4.49577469758444,0.887,0.238,0.649,7.27617760144574e-257,2.9177577787323017
d21MaternalDiet_scRNAseq,d21,scRNA-seq,EC,EC,48,Anxa8,4.79586018381435,0.919,0.314,0.605,2.12347836950288e-273,2.9014954112076814
d21MaternalDiet_scRNAseq,d21,scRNA-seq,EC,EC,49,Clca4a,6.23554099043502,0.695,0.23,0.46499999999999997,3.89857897081754e-149,2.899526560552284
d21MaternalDiet_scRNAseq,d21,scRNA-seq,EC,EC,50,Apoc2,5.5321631664844,0.854,0.331,0.5229999999999999,3.61439579026961e-211,2.893321336071341
d21MaternalDiet_scRNAseq,d21,scRNA-seq,EC,EC,51,Slc3a1,6.08502228986,0.56,0.087,0.4730000000000001,1.11865848181536e-221,2.8782155431037806
d21MaternalDiet_scRNAseq,d21,scRNA-seq,EC,EC,52,Gm2061,7.34801996079416,0.399,0.008,0.391,0,2.8730758046705165
d21MaternalDiet_scRNAseq,d21,scRNA-seq,EC,EC,53,Cyp2s1,4.78423806666658,0.776,0.176,0.6000000000000001,4.52375117448129e-183,2.8705428399999486
d21MaternalDiet_scRNAseq,d21,scRNA-seq,EC,EC,54,Slco2a1,5.53929439631028,0.691,0.175,0.516,7.9072875625521e-139,2.8582759084961045
d21MaternalDiet_scRNAseq,d21,scRNA-seq,EC,EC,55,Cyp2c55,6.4797198608435,0.495,0.059,0.436,2.84623123678094e-81,2.8251578593277658
d21MaternalDiet_scRNAseq,d21,scRNA-seq,EC,EC,56,1810065E05Rik,6.06167968576973,0.8,0.334,0.466,3.44140100039483e-164,2.8247427335686943
d21MaternalDiet_scRNAseq,d21,scRNA-seq,EC,EC,57,Slc26a3,6.12026783009125,0.588,0.128,0.45999999999999996,5.6940605046135e-115,2.815323201841975
d21MaternalDiet_scRNAseq,d21,scRNA-seq,EC,EC,58,Creb3l3,7.12185259829154,0.416,0.026,0.38999999999999996,0,2.7775225133337003
d21MaternalDiet_scRNAseq,d21,scRNA-seq,EC,EC,59,Mxd1,4.36047351307895,0.939,0.304,0.635,6.89972330305499e-264,2.768900680805133
d21MaternalDiet_scRNAseq,d21,scRNA-seq,EC,EC,60,Fhl1,4.21311161923575,0.926,0.279,0.647,5.77875278735414e-251,2.7258832176455305
d21MaternalDiet_scRNAseq,d21,scRNA-seq,EC,EC,61,Car4,6.86343258716527,0.597,0.2,0.39699999999999996,7.86859284747477e-82,2.724782737104612
d21MaternalDiet_scRNAseq,d21,scRNA-seq,EC,EC,62,Bnip3,4.56052122094768,0.861,0.264,0.597,2.25585699085969e-241,2.722631168905765
d21MaternalDiet_scRNAseq,d21,scRNA-seq,EC,EC,63,Cdhr2,4.29608987765992,0.948,0.324,0.6239999999999999,3.38402242063874e-253,2.6807600836597896
d21MaternalDiet_scRNAseq,d21,scRNA-seq,EC,EC,64,Ocm,8.41210770427586,0.325,0.007,0.318,0,2.6750502499597233
d21MaternalDiet_scRNAseq,d21,scRNA-seq,EC,EC,65,Atf3,4.80968963055032,0.682,0.128,0.554,2.69709009445197e-163,2.6645680553248776
d21MaternalDiet_scRNAseq,d21,scRNA-seq,EC,EC,66,Sult1b1,4.43009909841467,0.993,0.394,0.599,9.16577357588813e-302,2.6536293599503873
d21MaternalDiet_scRNAseq,d21,scRNA-seq,EC,EC,67,Slc9a2,4.90210569808315,0.699,0.159,0.5399999999999999,1.30664325574544e-159,2.6471370769649005
d21MaternalDiet_scRNAseq,d21,scRNA-seq,EC,EC,68,Slc16a3,4.91348156480087,0.688,0.152,0.5359999999999999,1.45814722508557e-227,2.633626118733266
d21MaternalDiet_scRNAseq,d21,scRNA-seq,EC,EC,69,Gprc5a,4.49799287466475,0.852,0.269,0.583,3.48817987947327e-212,2.622329845929549
d21MaternalDiet_scRNAseq,d21,scRNA-seq,EC,EC,70,Tnni1,4.47954884419527,0.819,0.237,0.582,2.5121302419511e-223,2.6070974273216474
d21MaternalDiet_scRNAseq,d21,scRNA-seq,EC,EC,71,Selenop,5.16205715112316,0.985,0.483,0.502,1.41962017229108e-270,2.591352689863826
d21MaternalDiet_scRNAseq,d21,scRNA-seq,EC,EC,72,Adm,5.41522707392969,0.538,0.062,0.47600000000000003,1.5296249901936e-243,2.5776480871905325
d21MaternalDiet_scRNAseq,d21,scRNA-seq,EC,EC,73,Ptprh,5.4714366167123,0.634,0.164,0.47,3.46841189048409e-116,2.571575209854781
d21MaternalDiet_scRNAseq,d21,scRNA-seq,EC,EC,74,Endod1,4.34752042771552,0.987,0.407,0.5800000000000001,1.38550474998897e-295,2.521561848075002
d21MaternalDiet_scRNAseq,d21,scRNA-seq,EC,EC,75,Tmigd1,5.68597430948315,0.603,0.167,0.43599999999999994,7.2489890926963e-151,2.479084798934653
d21MaternalDiet_scRNAseq,d21,scRNA-seq,EC,EC,76,Fa2h,5.38044116283394,0.556,0.096,0.4600000000000001,2.49182961233617e-150,2.475002934903613
d21MaternalDiet_scRNAseq,d21,scRNA-seq,EC,EC,77,Cidec,6.58429576320977,0.377,0.003,0.374,0,2.462526615440454
d21MaternalDiet_scRNAseq,d21,scRNA-seq,EC,EC,78,Timp3,5.04954969799677,0.693,0.208,0.485,1.2732160653307e-141,2.449031603528433
d21MaternalDiet_scRNAseq,d21,scRNA-seq,EC,EC,79,Ppfia3,5.30691102312883,0.608,0.148,0.45999999999999996,2.52230067986249e-119,2.4411790706392615
d21MaternalDiet_scRNAseq,d21,scRNA-seq,EC,EC,80,Ly6m,5.50447138971726,0.702,0.263,0.43899999999999995,4.80084782038988e-126,2.416462940085877
d21MaternalDiet_scRNAseq,d21,scRNA-seq,EC,EC,81,Cyp2d26,4.7369309639436,0.702,0.193,0.5089999999999999,1.54568150377909e-168,2.411097860647292
d21MaternalDiet_scRNAseq,d21,scRNA-seq,EC,EC,82,Dhrs9,4.48432062112952,0.606,0.079,0.527,2.51031732397968e-281,2.363236967335257
d21MaternalDiet_scRNAseq,d21,scRNA-seq,EC,EC,83,Gchfr,4.83906994824104,0.691,0.205,0.486,9.33440742760362e-157,2.3517879948451452
d21MaternalDiet_scRNAseq,d21,scRNA-seq,EC,EC,84,Trim15,5.07705144991986,0.575,0.114,0.46099999999999997,1.56703067216292e-195,2.340520718413055
d21MaternalDiet_scRNAseq,d21,scRNA-seq,EC,EC,85,Slc25a20,4.10389876079711,0.861,0.296,0.565,1.51644684753289e-215,2.318702799850367
d21MaternalDiet_scRNAseq,d21,scRNA-seq,EC,EC,86,Dusp1,4.11922786263233,0.719,0.158,0.5609999999999999,8.15586399044997e-160,2.310886830936737
d21MaternalDiet_scRNAseq,d21,scRNA-seq,EC,EC,87,Trpm6,5.05048850836441,0.593,0.139,0.45399999999999996,1.12078479971717e-99,2.2929217827974417
d21MaternalDiet_scRNAseq,d21,scRNA-seq,EC,EC,88,Apol7a,4.65931547781827,0.673,0.182,0.49100000000000005,3.72585923001232e-159,2.2877238996087708
d21MaternalDiet_scRNAseq,d21,scRNA-seq,EC,EC,89,Rdh9,5.7505761593937,0.438,0.042,0.396,1.96114086193434e-143,2.2772281591199053
d21MaternalDiet_scRNAseq,d21,scRNA-seq,EC,EC,90,Myo15b,4.11813871401504,0.974,0.43,0.544,1.58335249742772e-266,2.240267460424182
d21MaternalDiet_scRNAseq,d21,scRNA-seq,EC,EC,91,Tmcc3,4.2204641847975,0.941,0.411,0.53,4.40965599827066e-252,2.236846017942675
d21MaternalDiet_scRNAseq,d21,scRNA-seq,EC,EC,92,Bmp2,4.28519546640915,0.773,0.256,0.517,8.28843777624316e-164,2.2154460561335307
d21MaternalDiet_scRNAseq,d21,scRNA-seq,EC,EC,93,Cyp2c65,5.2282672456054,0.484,0.062,0.422,3.1107948520515e-213,2.2063287776454787
d21MaternalDiet_scRNAseq,d21,scRNA-seq,EC,EC,94,Fxyd4,5.13573701694705,0.649,0.221,0.42800000000000005,7.56664642459634e-106,2.1980954432533375
d21MaternalDiet_scRNAseq,d21,scRNA-seq,EC,EC,95,Chp2,4.4970321046888,0.728,0.242,0.486,4.75375846727238e-135,2.1855576028787564
d21MaternalDiet_scRNAseq,d21,scRNA-seq,EC,EC,96,Lhfpl2,4.95058999586546,0.529,0.09,0.43900000000000006,9.17679000512497e-93,2.1733090081849373
d21MaternalDiet_scRNAseq,d21,scRNA-seq,EC,EC,97,Cdkn1a,3.70002714724507,0.969,0.398,0.571,3.70611277010613e-262,2.1127155010769347
d21MaternalDiet_scRNAseq,d21,scRNA-seq,EC,EC,98,Dpep1,5.56278039497138,0.499,0.126,0.373,1.39408303238202e-60,2.074917087324325
d21MaternalDiet_scRNAseq,d21,scRNA-seq,EC,EC,99,Chit1,6.74930650407485,0.329,0.023,0.306,4.81241598217949e-72,2.065287790246904
d21MaternalDiet_scRNAseq,d21,scRNA-seq,EC,EC,100,Efna1,3.99616405558204,0.745,0.229,0.516,5.76282538929036e-146,2.062020652680333
d21MaternalDiet_scRNAseq,d21,scRNA-seq,EC,EC,101,Tpm2,5.84634340647912,0.434,0.084,0.35,8.49728240053513e-86,2.046220192267692
d21MaternalDiet_scRNAseq,d21,scRNA-seq,EC,EC,102,Ggt1,5.33859045345453,0.427,0.047,0.38,3.96596091223178e-166,2.0286643723127216
d21MaternalDiet_scRNAseq,d21,scRNA-seq,EC,EC,103,Sgk1,3.79720486713356,0.828,0.295,0.5329999999999999,1.39233086741033e-177,2.023910194182187
d21MaternalDiet_scRNAseq,d21,scRNA-seq,EC,EC,104,Csta1,5.7237425093095,0.412,0.062,0.35,8.47537167476176e-62,2.003309878258325
d21MaternalDiet_scRNAseq,d21,scRNA-seq,EC,EC,105,Trim40,4.51978516213707,0.632,0.19,0.442,1.87985810147458e-146,1.9977450416645848
d21MaternalDiet_scRNAseq,d21,scRNA-seq,EC,EC,106,Lamb3,3.74559936413493,0.856,0.323,0.5329999999999999,3.79594822964595e-195,1.9964044610839173
d21MaternalDiet_scRNAseq,d21,scRNA-seq,EC,EC,107,Slc6a8,3.89654566276992,0.972,0.467,0.5049999999999999,1.12816139874346e-262,1.9677555596988092
d21MaternalDiet_scRNAseq,d21,scRNA-seq,EC,EC,108,Neu1,3.84317625679945,0.891,0.38,0.511,9.84171823739693e-207,1.963863067224519
d21MaternalDiet_scRNAseq,d21,scRNA-seq,EC,EC,109,Arg2,4.94628254200498,0.558,0.161,0.397,7.66549779427598e-125,1.963674169175977
d21MaternalDiet_scRNAseq,d21,scRNA-seq,EC,EC,110,Stom,4.69724638575665,0.643,0.227,0.41600000000000004,2.14932421463182e-108,1.9540544964747668
d21MaternalDiet_scRNAseq,d21,scRNA-seq,EC,EC,111,Upp1,4.70049981963505,0.802,0.389,0.41300000000000003,5.80082178046851e-149,1.941306425509276
d21MaternalDiet_scRNAseq,d21,scRNA-seq,EC,EC,112,Cxcl5,6.59208352397831,0.416,0.123,0.293,7.71762028157008e-81,1.9314804725256447
d21MaternalDiet_scRNAseq,d21,scRNA-seq,EC,EC,113,Espn,3.44783158055346,0.808,0.249,0.559,8.89916631734008e-179,1.9273378535293841
d21MaternalDiet_scRNAseq,d21,scRNA-seq,EC,EC,114,Slc51b,4.74480528252124,0.569,0.168,0.4009999999999999,2.41787333979058e-107,1.9026669182910168
d21MaternalDiet_scRNAseq,d21,scRNA-seq,EC,EC,115,Abcg2,3.94835186557342,0.871,0.39,0.481,6.93420117259471e-207,1.8991572473408151
d21MaternalDiet_scRNAseq,d21,scRNA-seq,EC,EC,116,Smpdl3a,3.82596627894338,0.976,0.483,0.493,1.42744607371032e-269,1.8862013755190863
d21MaternalDiet_scRNAseq,d21,scRNA-seq,EC,EC,117,Coro2a,3.53161350250368,0.946,0.42,0.526,1.22186706098563e-244,1.8576287023169358
d21MaternalDiet_scRNAseq,d21,scRNA-seq,EC,EC,118,Lrp1,3.79032921956352,0.651,0.164,0.487,3.43857730360174e-140,1.8458903299274343
d21MaternalDiet_scRNAseq,d21,scRNA-seq,EC,EC,119,Alpi,7.05754812345945,0.275,0.014,0.261,2.94104569677724e-103,1.8420200602229166
d21MaternalDiet_scRNAseq,d21,scRNA-seq,EC,EC,120,Tmem236,3.39798639683873,0.858,0.319,0.5389999999999999,2.01001087015859e-188,1.8315146678960752
d21MaternalDiet_scRNAseq,d21,scRNA-seq,EC,EC,121,Agpat4,3.39576998446424,0.871,0.336,0.5349999999999999,1.68813928414725e-194,1.816736941688368
d21MaternalDiet_scRNAseq,d21,scRNA-seq,EC,EC,122,Edn1,4.57281105635353,0.536,0.146,0.39,8.27725520369218e-84,1.7833963119778766
d21MaternalDiet_scRNAseq,d21,scRNA-seq,EC,EC,123,Oaz3,6.86280282400351,0.281,0.022,0.259,6.95135085921107e-51,1.7774659314169092
d21MaternalDiet_scRNAseq,d21,scRNA-seq,EC,EC,124,4732465J04Rik,5.06158550405826,0.473,0.123,0.35,1.02615618408749e-65,1.771554926420391
d21MaternalDiet_scRNAseq,d21,scRNA-seq,EC,EC,125,2310079G19Rik,6.01572287464304,0.325,0.034,0.29100000000000004,3.86908242674846e-32,1.7505753565211248
d21MaternalDiet_scRNAseq,d21,scRNA-seq,EC,EC,126,Sult1d1,3.22923697230028,0.935,0.393,0.542,2.19720353818087e-227,1.7502464389867518
d21MaternalDiet_scRNAseq,d21,scRNA-seq,EC,EC,127,Slc11a2,4.81949593520199,0.752,0.391,0.361,3.1618899745866e-116,1.7398380326079184
d21MaternalDiet_scRNAseq,d21,scRNA-seq,EC,EC,128,Naip1,3.46152393527226,0.828,0.327,0.5009999999999999,6.52812247847011e-170,1.7342234915714019
d21MaternalDiet_scRNAseq,d21,scRNA-seq,EC,EC,129,Gm15283,4.78873674977446,0.569,0.207,0.362,8.24959167257373e-82,1.7335227034183547
d21MaternalDiet_scRNAseq,d21,scRNA-seq,EC,EC,130,4930539E08Rik,4.44092213180245,0.566,0.177,0.38899999999999996,1.00216832347877e-75,1.727518709271153
d21MaternalDiet_scRNAseq,d21,scRNA-seq,EC,EC,131,Gsta1,3.81641019651242,0.715,0.263,0.45199999999999996,7.72994993609069e-148,1.7250174088236137
d21MaternalDiet_scRNAseq,d21,scRNA-seq,EC,EC,132,Ak4,4.90378634599838,0.508,0.158,0.35,1.28591890683171e-78,1.716325221099433
d21MaternalDiet_scRNAseq,d21,scRNA-seq,EC,EC,133,Sprr1a,4.01993734648763,0.54,0.114,0.42600000000000005,4.0999786217921e-176,1.7124933096037307
d21MaternalDiet_scRNAseq,d21,scRNA-seq,EC,EC,134,Spats2l,3.68606291726945,0.673,0.215,0.4580000000000001,1.09504731513315e-122,1.6882168161094084
d21MaternalDiet_scRNAseq,d21,scRNA-seq,EC,EC,135,Nos2,5.20280983662338,0.375,0.053,0.322,7.76407259528711e-154,1.6753047673927284
d21MaternalDiet_scRNAseq,d21,scRNA-seq,EC,EC,136,Slc13a2,4.2864551096029,0.643,0.254,0.389,1.94236687363356e-102,1.6674310376355281
d21MaternalDiet_scRNAseq,d21,scRNA-seq,EC,EC,137,Mgll,4.3445298266266,0.556,0.173,0.38300000000000006,4.09322629896927e-113,1.663954923597988
d21MaternalDiet_scRNAseq,d21,scRNA-seq,EC,EC,138,Clca4b,5.8548708659064,0.519,0.238,0.281,1.44548464685538e-53,1.6452187133196985
d21MaternalDiet_scRNAseq,d21,scRNA-seq,EC,EC,139,Themis3,3.84706599764597,0.699,0.272,0.42699999999999994,1.28322684136096e-113,1.642697180994829
d21MaternalDiet_scRNAseq,d21,scRNA-seq,EC,EC,140,Selenbp1,4.09595217310235,0.939,0.544,0.3949999999999999,3.73466025039144e-222,1.6179011083754278
d21MaternalDiet_scRNAseq,d21,scRNA-seq,EC,EC,141,Gch1,3.45690704183876,0.856,0.391,0.46499999999999997,3.73141168381655e-189,1.6074617744550235
d21MaternalDiet_scRNAseq,d21,scRNA-seq,EC,EC,142,Slc46a1,4.32232144691564,0.577,0.207,0.37,7.83364604868997e-76,1.599258935358787
d21MaternalDiet_scRNAseq,d21,scRNA-seq,EC,EC,143,Apobec1,4.21161114842488,0.575,0.196,0.37899999999999995,1.73190994498889e-73,1.5962006252530292
d21MaternalDiet_scRNAseq,d21,scRNA-seq,EC,EC,144,Apob,5.54235865179539,0.379,0.091,0.28800000000000003,7.31465676919046e-39,1.5961992917170726
d21MaternalDiet_scRNAseq,d21,scRNA-seq,EC,EC,145,Stk17b,3.2572963720428,0.874,0.384,0.49,8.32612457856487e-174,1.596075222300972
d21MaternalDiet_scRNAseq,d21,scRNA-seq,EC,EC,146,Mt4,4.72543571602961,0.357,0.021,0.33599999999999997,2.33593088725579e-280,1.5877464005859487
d21MaternalDiet_scRNAseq,d21,scRNA-seq,EC,EC,147,Clu,4.24301948870846,0.564,0.192,0.37199999999999994,6.84350582610515e-98,1.5784032497995468
d21MaternalDiet_scRNAseq,d21,scRNA-seq,EC,EC,148,2610528A11Rik,4.57388695067625,0.998,0.656,0.34199999999999997,1.97643099090374e-281,1.5642693371312772
d21MaternalDiet_scRNAseq,d21,scRNA-seq,EC,EC,149,Rhob,3.23911730175581,0.913,0.432,0.48100000000000004,5.06806843365438e-201,1.5580154221445448
d21MaternalDiet_scRNAseq,d21,scRNA-seq,EC,EC,150,Ifit3b,5.71972215084607,0.301,0.03,0.271,6.06152031164143e-63,1.550044702879285
d21MaternalDiet_scRNAseq,d21,scRNA-seq,EC,EC,151,Ggh,3.85694579006721,0.989,0.591,0.398,2.02508749092251e-266,1.5350644244467497
d21MaternalDiet_scRNAseq,d21,scRNA-seq,EC,EC,152,Cyp2d10,4.62002511910337,0.503,0.172,0.331,6.94695724483684e-51,1.5292283144232155
d21MaternalDiet_scRNAseq,d21,scRNA-seq,EC,EC,153,Gprc5d,5.10256530752723,0.303,0.005,0.298,0,1.5205644616431144
d21MaternalDiet_scRNAseq,d21,scRNA-seq,EC,EC,154,Hbegf,3.88959691021554,0.588,0.202,0.38599999999999995,9.65842703158113e-69,1.5013844073431981
d21MaternalDiet_scRNAseq,d21,scRNA-seq,EC,EC,155,Slc9a3,6.46628382639467,0.272,0.041,0.231,1.1511351578415e-45,1.4937115638971687
d21MaternalDiet_scRNAseq,d21,scRNA-seq,EC,EC,156,Slc51a,6.35967411093462,0.285,0.051,0.23399999999999999,2.10032000095713e-80,1.4881637419587008
d21MaternalDiet_scRNAseq,d21,scRNA-seq,EC,EC,157,Sema3c,3.12640179794364,0.819,0.344,0.475,1.99570831430561e-151,1.485040854023229
d21MaternalDiet_scRNAseq,d21,scRNA-seq,EC,EC,158,Gm3336,3.21501960331691,0.797,0.339,0.458,1.78726909692202e-152,1.4724789783191448
d21MaternalDiet_scRNAseq,d21,scRNA-seq,EC,EC,159,Pdgfa,3.06509929602147,0.956,0.479,0.477,6.43223238100941e-218,1.4620523642022412
d21MaternalDiet_scRNAseq,d21,scRNA-seq,EC,EC,160,Kbtbd11,3.84796510472016,0.632,0.267,0.365,1.87059298387971e-79,1.4045072632228583
d21MaternalDiet_scRNAseq,d21,scRNA-seq,EC,EC,161,Ifit2,5.17262736451851,0.407,0.136,0.27099999999999996,2.16960737547716e-60,1.401782015784516
d21MaternalDiet_scRNAseq,d21,scRNA-seq,EC,EC,162,Irf7,3.64678239075074,0.664,0.284,0.38000000000000006,9.86518430607113e-83,1.3857773084852816
d21MaternalDiet_scRNAseq,d21,scRNA-seq,EC,EC,163,Capg,3.16779480541081,0.85,0.422,0.428,7.98978414999746e-169,1.3558161767158265
d21MaternalDiet_scRNAseq,d21,scRNA-seq,EC,EC,164,Hsd17b2,3.06688635576047,0.928,0.491,0.43700000000000006,4.34981942775882e-200,1.3402293374673258
d21MaternalDiet_scRNAseq,d21,scRNA-seq,EC,EC,165,Clmp,3.65273154809715,0.538,0.176,0.36200000000000004,1.27945344908738e-84,1.3222888204111685
d21MaternalDiet_scRNAseq,d21,scRNA-seq,EC,EC,166,Cdhr5,3.90730882034932,1,0.663,0.33699999999999997,7.21260080193166e-283,1.3167630724577206
d21MaternalDiet_scRNAseq,d21,scRNA-seq,EC,EC,167,Sptssb,4.93910518011749,0.379,0.114,0.265,9.9698685856164e-73,1.308862872731135
d21MaternalDiet_scRNAseq,d21,scRNA-seq,EC,EC,168,Klf6,3.14625792788026,0.895,0.48,0.41500000000000004,3.49299107403472e-178,1.305697040070308
d21MaternalDiet_scRNAseq,d21,scRNA-seq,EC,EC,169,Mafb,4.00268335623287,0.466,0.145,0.32100000000000006,2.49601288645609e-38,1.2848613573507515
d21MaternalDiet_scRNAseq,d21,scRNA-seq,EC,EC,170,Osmr,4.59009385552736,0.34,0.067,0.273,3.13146789724936e-72,1.2530956225589693
d21MaternalDiet_scRNAseq,d21,scRNA-seq,EC,EC,171,Cyp2d9,5.97184737970599,0.314,0.105,0.20900000000000002,0.000841416998813303,1.2481161023585519
d21MaternalDiet_scRNAseq,d21,scRNA-seq,EC,EC,172,Metrnl,3.11156490379263,0.813,0.414,0.39899999999999997,3.3930006311681e-134,1.2415143966132594
d21MaternalDiet_scRNAseq,d21,scRNA-seq,EC,EC,173,Ifit3,4.40691985563275,0.327,0.046,0.281,6.92732572468696e-44,1.238344479432803
d21MaternalDiet_scRNAseq,d21,scRNA-seq,EC,EC,174,Trpv3,4.78850335122822,0.344,0.087,0.257,7.37971510200556e-11,1.2306453612656527
d21MaternalDiet_scRNAseq,d21,scRNA-seq,EC,EC,175,Tm4sf20,3.59438862496371,1,0.66,0.33999999999999997,3.71989949066451e-241,1.2220921324876612
d21MaternalDiet_scRNAseq,d21,scRNA-seq,EC,EC,176,Trib1,2.97075412827602,0.78,0.371,0.40900000000000003,3.49991291172872e-112,1.2150384384648922
d21MaternalDiet_scRNAseq,d21,scRNA-seq,EC,EC,177,Myh14,3.19618670713815,0.954,0.574,0.38,6.05389770117132e-225,1.214550948712497
d21MaternalDiet_scRNAseq,d21,scRNA-seq,EC,EC,178,Duoxa2,4.28287463850351,0.63,0.354,0.276,4.38381154041225e-62,1.1820734002269688
d21MaternalDiet_scRNAseq,d21,scRNA-seq,EC,EC,179,Phlpp2,3.54795024914409,0.553,0.221,0.3320000000000001,4.63523836914202e-51,1.1779194827158381
d21MaternalDiet_scRNAseq,d21,scRNA-seq,EC,EC,180,Ctsl,3.35560272038638,0.954,0.605,0.349,3.19426385426879e-205,1.1711053494148467
d21MaternalDiet_scRNAseq,d21,scRNA-seq,EC,EC,181,Ly6c1,4.01900249788955,0.453,0.168,0.28500000000000003,1.88972016007607e-41,1.145415711898522
d21MaternalDiet_scRNAseq,d21,scRNA-seq,EC,EC,182,Gda,3.64238676941514,0.625,0.317,0.308,3.19015362895304e-74,1.1218551249798632
d21MaternalDiet_scRNAseq,d21,scRNA-seq,EC,EC,183,Cldn4,3.4038985319278,0.588,0.259,0.32899999999999996,6.39193281375082e-74,1.119882617004246
d21MaternalDiet_scRNAseq,d21,scRNA-seq,EC,EC,184,Eps8,3.34405808673527,0.985,0.651,0.33399999999999996,1.42120871414937e-227,1.11691540096958
d21MaternalDiet_scRNAseq,d21,scRNA-seq,EC,EC,185,Sult2b1,3.1934337652695,0.725,0.377,0.348,1.00713970772329e-103,1.1113149503137858
d21MaternalDiet_scRNAseq,d21,scRNA-seq,EC,EC,186,Rflnb,2.88866162190208,0.871,0.489,0.382,1.50201499130081e-159,1.1034687395665945
d21MaternalDiet_scRNAseq,d21,scRNA-seq,EC,EC,187,Klk15,4.57555851891049,0.312,0.071,0.241,3.09871714962558e-30,1.102709603057428
d21MaternalDiet_scRNAseq,d21,scRNA-seq,EC,EC,188,Slc37a2,4.49333027662754,0.329,0.085,0.244,8.06955409724248e-12,1.0963725874971197
d21MaternalDiet_scRNAseq,d21,scRNA-seq,EC,EC,189,Hsd3b3,2.90673175428027,0.601,0.227,0.374,7.16765785399381e-94,1.087117676100821
d21MaternalDiet_scRNAseq,d21,scRNA-seq,EC,EC,190,2200002D01Rik,4.36286823908837,0.998,0.749,0.249,1.7416444116303e-283,1.0863541915330042
d21MaternalDiet_scRNAseq,d21,scRNA-seq,EC,EC,191,S100g,4.17385363765092,0.723,0.463,0.25999999999999995,2.67560015363324e-71,1.085201945789239
d21MaternalDiet_scRNAseq,d21,scRNA-seq,EC,EC,192,Plscr2,3.60175797193133,0.46,0.159,0.30100000000000005,2.33548006933057e-77,1.0841291495513306
d21MaternalDiet_scRNAseq,d21,scRNA-seq,EC,EC,193,Muc3,3.08789110101285,0.998,0.649,0.349,9.31935650588088e-257,1.0776739942534845
d21MaternalDiet_scRNAseq,d21,scRNA-seq,EC,EC,194,Ifit1,4.89308491910008,0.405,0.186,0.21900000000000003,4.42195446599106e-15,1.0715855972829176
d21MaternalDiet_scRNAseq,d21,scRNA-seq,EC,EC,195,Dmbt1,3.54741719778155,0.993,0.692,0.30100000000000005,4.00144633385632e-258,1.0677725765322468
d21MaternalDiet_scRNAseq,d21,scRNA-seq,EC,EC,196,Oasl1,3.81531432071818,0.466,0.189,0.277,3.55603813866153e-34,1.056842066838936
d21MaternalDiet_scRNAseq,d21,scRNA-seq,EC,EC,197,St3gal4,3.09658453666826,0.893,0.552,0.34099999999999997,3.76678499356247e-168,1.0559353270038765
d21MaternalDiet_scRNAseq,d21,scRNA-seq,EC,EC,198,Mettl7b,3.05512256452236,0.776,0.431,0.34500000000000003,1.23665704069159e-115,1.0540172847602143
d21MaternalDiet_scRNAseq,d21,scRNA-seq,EC,EC,199,2210407C18Rik,3.29745832260786,0.503,0.186,0.317,2.65056020826291e-68,1.0452942882666918
d21MaternalDiet_scRNAseq,d21,scRNA-seq,EC,EC,200,Ctss,2.84662785197848,0.98,0.613,0.367,1.41411954963117e-235,1.0447124216761021
d21MaternalDiet_scRNAseq,d21,scRNA-seq,EC,EC,201,Mrc1,3.59917790620369,0.429,0.139,0.29,3.49509079692506e-76,1.04376159279907
d21MaternalDiet_scRNAseq,d21,scRNA-seq,EC,EC,202,Cdkn2b,3.25039193678337,0.575,0.255,0.31999999999999995,3.30478240400431e-57,1.0401254197706782
d21MaternalDiet_scRNAseq,d21,scRNA-seq,EC,EC,203,Nudt4,3.71103120623922,0.991,0.711,0.28,5.34234474706823e-273,1.0390887377469817
d21MaternalDiet_scRNAseq,d21,scRNA-seq,EC,EC,204,Sdcbp2,3.16855030790502,0.985,0.66,0.32499999999999996,3.12648671576084e-237,1.0297788500691314
d21MaternalDiet_scRNAseq,d21,scRNA-seq,EC,EC,205,Ly6a,3.57696192940845,0.969,0.683,0.2859999999999999,9.27568262836246e-198,1.0230111118108165
d21MaternalDiet_scRNAseq,d21,scRNA-seq,EC,EC,206,Pxdc1,2.724756676832,0.438,0.068,0.37,2.47920538703136e-150,1.00815997042784
d21MaternalDiet_scRNAseq,d21,scRNA-seq,EC,EC,207,Abat,2.75192574781059,0.654,0.288,0.36600000000000005,8.64019963749301e-80,1.007204823698676
d21MaternalDiet_scRNAseq,d21,scRNA-seq,EC,EC,208,Adh6a,4.76741286416466,0.322,0.113,0.20900000000000002,2.15412120796146e-25,0.9963892886104141
d21MaternalDiet_scRNAseq,d21,scRNA-seq,EC,EC,209,Cxcl16,3.05650150918598,0.425,0.1,0.32499999999999996,8.06454233118453e-54,0.9933629904854433
d21MaternalDiet_scRNAseq,d21,scRNA-seq,EC,EC,210,Slc44a4,2.95094153525752,0.959,0.628,0.33099999999999996,6.45049581845753e-228,0.9767616481702389
d21MaternalDiet_scRNAseq,d21,scRNA-seq,EC,EC,211,Mgat4c,3.4406805779517,0.686,0.403,0.28300000000000003,3.17380137130767e-70,0.9737126035603312
d21MaternalDiet_scRNAseq,d21,scRNA-seq,EC,EC,212,Sema7a,3.10513393987292,0.377,0.065,0.312,1.54226534437552e-117,0.968801789240351
d21MaternalDiet_scRNAseq,d21,scRNA-seq,EC,EC,213,Isg15,4.16333778698307,0.586,0.354,0.23199999999999998,6.58308369160056e-43,0.9658943665800722
d21MaternalDiet_scRNAseq,d21,scRNA-seq,EC,EC,214,Il18,2.6947223732382,0.763,0.405,0.358,5.9191317536827e-100,0.9647106096192756
d21MaternalDiet_scRNAseq,d21,scRNA-seq,EC,EC,215,Itih5,2.31321246647221,0.885,0.474,0.41100000000000003,1.78108831856368e-143,0.9507303237200783
d21MaternalDiet_scRNAseq,d21,scRNA-seq,EC,EC,216,Igsf9,3.19851892601154,0.54,0.244,0.29600000000000004,4.80243273535209e-54,0.946761602099416
d21MaternalDiet_scRNAseq,d21,scRNA-seq,EC,EC,217,Tppp3,2.80414562443407,0.612,0.275,0.33699999999999997,6.36227742890759e-60,0.9449970754342815
d21MaternalDiet_scRNAseq,d21,scRNA-seq,EC,EC,218,Cpm,2.75415693887986,0.614,0.276,0.33799999999999997,5.94558034533179e-64,0.9309050453413926
d21MaternalDiet_scRNAseq,d21,scRNA-seq,EC,EC,219,Fbxo32,2.97322320469857,0.538,0.238,0.30000000000000004,3.29561380123132e-41,0.8919669614095711
d21MaternalDiet_scRNAseq,d21,scRNA-seq,EC,EC,220,Hist1h1c,2.72579740150854,0.88,0.553,0.32699999999999996,6.66355754543787e-128,0.8913357502932925
d21MaternalDiet_scRNAseq,d21,scRNA-seq,EC,EC,221,Slc39a4,2.94972044039119,0.743,0.446,0.297,3.80107133884795e-93,0.8760669707961833
d21MaternalDiet_scRNAseq,d21,scRNA-seq,EC,EC,222,Ly6g6c,3.29411379725864,0.392,0.131,0.261,2.76830747382651e-52,0.8597637010845051
d21MaternalDiet_scRNAseq,d21,scRNA-seq,EC,EC,223,Lrrc19,3.27920427351725,0.449,0.191,0.258,4.80407537317429e-19,0.8460347025674506
d21MaternalDiet_scRNAseq,d21,scRNA-seq,EC,EC,224,Rnasel,2.64886195729483,0.969,0.651,0.31799999999999995,1.13118849088776e-209,0.8423381024197558
d21MaternalDiet_scRNAseq,d21,scRNA-seq,EC,EC,225,Pfkp,2.66105605821664,0.937,0.621,0.31600000000000006,1.00300429067866e-190,0.8408937143964583
d21MaternalDiet_scRNAseq,d21,scRNA-seq,EC,EC,226,Ahnak,3.10899907540148,0.996,0.729,0.267,9.24420899026248e-251,0.8301027531321952
d21MaternalDiet_scRNAseq,d21,scRNA-seq,EC,EC,227,Cst6,2.54058098347143,0.434,0.109,0.325,6.94355134371363e-95,0.8256888196282147
d21MaternalDiet_scRNAseq,d21,scRNA-seq,EC,EC,228,Duox2,3.17245857914856,0.743,0.489,0.254,6.22555084518553e-69,0.8058044791037342
d21MaternalDiet_scRNAseq,d21,scRNA-seq,EC,EC,229,AA467197,4.52296555045759,0.998,0.821,0.17700000000000005,2.54644634040046e-282,0.8005649024309937
d21MaternalDiet_scRNAseq,d21,scRNA-seq,EC,EC,230,Tns4,3.18909968837195,0.492,0.243,0.249,1.54061382055129e-30,0.7940858224046154
d21MaternalDiet_scRNAseq,d21,scRNA-seq,EC,EC,231,Samd9l,2.31121564854061,0.826,0.484,0.34199999999999997,1.03756559902602e-106,0.7904357518008885
d21MaternalDiet_scRNAseq,d21,scRNA-seq,EC,EC,232,Ifngr1,2.78317902339391,0.985,0.703,0.28200000000000003,5.27906597073807e-237,0.7848564845970827
d21MaternalDiet_scRNAseq,d21,scRNA-seq,EC,EC,233,Ugdh,2.38880983587692,0.797,0.47,0.32700000000000007,3.48197308958918e-103,0.7811408163317529
d21MaternalDiet_scRNAseq,d21,scRNA-seq,EC,EC,234,Glod5,2.49681455468612,0.593,0.282,0.311,2.8816654808371e-50,0.7765093265073832
d21MaternalDiet_scRNAseq,d21,scRNA-seq,EC,EC,235,Ubd,3.57027344724055,0.322,0.105,0.21700000000000003,9.07868892770705e-17,0.7747493380511995
d21MaternalDiet_scRNAseq,d21,scRNA-seq,EC,EC,236,Maoa,2.86450741931918,0.915,0.645,0.27,1.5791390793062e-160,0.7734170032161787
d21MaternalDiet_scRNAseq,d21,scRNA-seq,EC,EC,237,Jun,2.47864585932931,0.937,0.629,0.30800000000000005,3.50984025593073e-143,0.7634229246734276
d21MaternalDiet_scRNAseq,d21,scRNA-seq,EC,EC,238,Lgals3,4.40248469692327,1,0.827,0.17300000000000004,2.25414058349594e-279,0.7616298525677259
d21MaternalDiet_scRNAseq,d21,scRNA-seq,EC,EC,239,Smim24,2.53378841621752,0.878,0.584,0.29400000000000004,4.39656787509924e-137,0.7449337943679509
d21MaternalDiet_scRNAseq,d21,scRNA-seq,EC,EC,240,Fos,2.26241934918419,0.869,0.541,0.32799999999999996,1.12013848084726e-112,0.7420735465324142
d21MaternalDiet_scRNAseq,d21,scRNA-seq,EC,EC,241,Slc6a14,2.74569714599521,0.706,0.437,0.26899999999999996,1.59928046945854e-58,0.7385925322727114
d21MaternalDiet_scRNAseq,d21,scRNA-seq,EC,EC,242,Cyp2d12,3.72825155050468,0.318,0.121,0.197,0.00307542411767704,0.7344655554494219
d21MaternalDiet_scRNAseq,d21,scRNA-seq,EC,EC,243,Junb,2.36056285336229,0.924,0.617,0.30700000000000005,8.54963650798168e-151,0.7246927959822231
d21MaternalDiet_scRNAseq,d21,scRNA-seq,EC,EC,244,Oas3,3.7774407417149,0.266,0.075,0.191,0.0158522606378416,0.7214911816675459
d21MaternalDiet_scRNAseq,d21,scRNA-seq,EC,EC,245,Tnf,2.85204763177578,0.394,0.142,0.252,3.06522238860038e-55,0.7187160032074965
d21MaternalDiet_scRNAseq,d21,scRNA-seq,EC,EC,246,Mgat4a,2.49551519517936,0.946,0.658,0.2879999999999999,3.62391628214695e-180,0.7187083762116555
d21MaternalDiet_scRNAseq,d21,scRNA-seq,EC,EC,247,Gm26532,2.77135819715593,0.401,0.146,0.255,3.95417900188429e-19,0.7066963402747621
d21MaternalDiet_scRNAseq,d21,scRNA-seq,EC,EC,248,Slc26a2,2.54564723600954,0.88,0.61,0.27,1.31735996154968e-130,0.6873247537225758
d21MaternalDiet_scRNAseq,d21,scRNA-seq,EC,EC,249,Phf11b,3.17593553837902,0.268,0.052,0.21600000000000003,6.13348598712628e-61,0.6860020762898684
d21MaternalDiet_scRNAseq,d21,scRNA-seq,EC,EC,250,Fam3b,2.24127451293061,0.795,0.495,0.30000000000000004,1.27986807331904e-96,0.6723823538791831
d21MaternalDiet_scRNAseq,d21,scRNA-seq,EC,EC,251,Gsn,2.12775801804094,0.926,0.61,0.31600000000000006,8.07096852612686e-146,0.6723715337009372
d21MaternalDiet_scRNAseq,d21,scRNA-seq,EC,EC,252,Serpina1b,2.87343183217832,0.373,0.141,0.232,1.56227048510506e-32,0.6666361850653703
d21MaternalDiet_scRNAseq,d21,scRNA-seq,EC,EC,253,Cyp2c68,2.51113426004949,0.503,0.246,0.257,1.39782486222754e-28,0.645361504832719
d21MaternalDiet_scRNAseq,d21,scRNA-seq,EC,EC,254,Serpinb5,2.1900608641562,0.871,0.589,0.28200000000000003,7.7585169279963e-112,0.6175971636920484
d21MaternalDiet_scRNAseq,d21,scRNA-seq,EC,EC,255,Hk2,2.54503326387372,0.88,0.64,0.24,4.89885560045849e-119,0.6108079833296928
d21MaternalDiet_scRNAseq,d21,scRNA-seq,EC,EC,256,Oasl2,3.23366083174296,0.46,0.272,0.188,1.87497395699732e-16,0.6079282363676765
d21MaternalDiet_scRNAseq,d21,scRNA-seq,EC,EC,257,Aplp1,2.04608180233012,0.508,0.211,0.29700000000000004,1.38559856820437e-58,0.6076862952920458
d21MaternalDiet_scRNAseq,d21,scRNA-seq,EC,EC,258,Eif4ebp3,2.39487311253531,0.769,0.516,0.253,9.2491852838341e-89,0.6059028974714334
d21MaternalDiet_scRNAseq,d21,scRNA-seq,EC,EC,259,Plec,2.27818793424163,0.943,0.686,0.2569999999999999,3.3253993939619e-169,0.5854942991000986
d21MaternalDiet_scRNAseq,d21,scRNA-seq,EC,EC,260,Sfn,2.95215425243051,0.989,0.791,0.19799999999999995,5.77666395920012e-233,0.5845265419812409
d21MaternalDiet_scRNAseq,d21,scRNA-seq,EC,EC,261,Unc119,2.30575751408612,0.697,0.449,0.24799999999999994,9.2152280517419e-61,0.5718278634933577
d21MaternalDiet_scRNAseq,d21,scRNA-seq,EC,EC,262,Cox7a1,2.22021270518627,0.895,0.643,0.252,9.58388008919765e-126,0.5594936017069401
d21MaternalDiet_scRNAseq,d21,scRNA-seq,EC,EC,263,Phf11d,3.31501536506654,0.281,0.121,0.16000000000000003,3.97417484862029e-17,0.5304024584106465
d21MaternalDiet_scRNAseq,d21,scRNA-seq,EC,EC,264,Maf,2.3625382245993,0.346,0.122,0.22399999999999998,4.81359422853419e-13,0.5292085623102432
d21MaternalDiet_scRNAseq,d21,scRNA-seq,EC,EC,265,Gde1,1.79920566646698,0.828,0.534,0.29399999999999993,2.05053063490162e-83,0.528966465941292
d21MaternalDiet_scRNAseq,d21,scRNA-seq,EC,EC,266,Ace2,2.01160383042729,0.438,0.182,0.256,3.06401081172622e-38,0.5149705805893863
d21MaternalDiet_scRNAseq,d21,scRNA-seq,EC,EC,267,Slc39a2,2.91327018356293,0.333,0.158,0.17500000000000002,2.89384899964375e-18,0.5098222821235128
d21MaternalDiet_scRNAseq,d21,scRNA-seq,EC,EC,268,Cited1,2.84657801762148,0.257,0.078,0.179,6.57186652942853e-14,0.5095374651542449
d21MaternalDiet_scRNAseq,d21,scRNA-seq,EC,EC,269,Abcb1a,2.10664629439244,0.671,0.432,0.23900000000000005,4.63474697328554e-53,0.5034884643597933
d21MaternalDiet_scRNAseq,d21,scRNA-seq,EC,EC,270,Gadd45b,1.7128689048492,0.593,0.302,0.291,2.20588033776525e-41,0.4984448513111172
d21MaternalDiet_scRNAseq,d21,scRNA-seq,EC,EC,271,Hoxd11,2.49553721259915,0.49,0.291,0.199,2.26972421812573e-19,0.49661190530723087
d21MaternalDiet_scRNAseq,d21,scRNA-seq,EC,EC,272,Pam,1.5839928348948,0.68,0.372,0.30800000000000005,9.92803972665897e-61,0.4878697931475985
d21MaternalDiet_scRNAseq,d21,scRNA-seq,EC,EC,273,Rtp4,2.87294587625859,0.46,0.291,0.16900000000000004,7.33854342080357e-13,0.48552785308770186
d21MaternalDiet_scRNAseq,d21,scRNA-seq,EC,EC,274,Id1,1.85941963918623,0.843,0.591,0.252,6.94622742406638e-80,0.46857374907493
d21MaternalDiet_scRNAseq,d21,scRNA-seq,EC,EC,275,Prss23,2.6446718161255,0.303,0.126,0.177,3.60133747957354e-11,0.46810691145421346
d21MaternalDiet_scRNAseq,d21,scRNA-seq,EC,EC,276,Paqr5,1.8516827649203,0.671,0.42,0.25100000000000006,2.70119844006929e-50,0.46477237399499544
d21MaternalDiet_scRNAseq,d21,scRNA-seq,EC,EC,277,Ifrd1,2.74669515037535,0.719,0.555,0.16399999999999992,8.82577503086632e-41,0.45045800466155717
d21MaternalDiet_scRNAseq,d21,scRNA-seq,EC,EC,278,Cpn1,2.54990357559818,0.423,0.247,0.176,1.41363069736361e-20,0.44878302930527963
d21MaternalDiet_scRNAseq,d21,scRNA-seq,EC,EC,279,Atp2b1,2.36056933092425,0.959,0.769,0.18999999999999995,3.66804445782803e-188,0.4485081728756074
d21MaternalDiet_scRNAseq,d21,scRNA-seq,EC,EC,280,Prr5l,1.92893276003278,0.266,0.034,0.232,1.45866953318558e-106,0.447512400327605
d21MaternalDiet_scRNAseq,d21,scRNA-seq,EC,EC,281,Galnt6,1.8074385804112,0.734,0.488,0.246,5.84811781013404e-53,0.4446298907811552
d21MaternalDiet_scRNAseq,d21,scRNA-seq,EC,EC,282,Gbp2,2.82373001429088,0.473,0.318,0.15499999999999997,1.49665250379232e-16,0.4376781522150863
d21MaternalDiet_scRNAseq,d21,scRNA-seq,EC,EC,283,Btg2,1.97722652956657,0.941,0.721,0.21999999999999997,1.15618938702704e-136,0.43498983650464534
d21MaternalDiet_scRNAseq,d21,scRNA-seq,EC,EC,284,Klf4,2.6900878081451,0.991,0.831,0.16000000000000003,1.39137173758188e-249,0.4304140493032161
d21MaternalDiet_scRNAseq,d21,scRNA-seq,EC,EC,285,Marcksl1,1.86999359896858,0.723,0.493,0.22999999999999998,1.29054895913997e-48,0.4300985277627734
d21MaternalDiet_scRNAseq,d21,scRNA-seq,EC,EC,286,Slamf9,1.44099988844392,0.39,0.098,0.29200000000000004,6.4782968737424e-84,0.42077196742562467
d21MaternalDiet_scRNAseq,d21,scRNA-seq,EC,EC,287,P3h3,1.59249629466744,0.37,0.108,0.262,1.80007018195884e-67,0.4172340292028693
d21MaternalDiet_scRNAseq,d21,scRNA-seq,EC,EC,288,Ifi47,2.24878217062592,0.405,0.232,0.17300000000000001,8.49212470923934e-16,0.3890393155182842
d21MaternalDiet_scRNAseq,d21,scRNA-seq,EC,EC,289,Aldob,1.59562625883958,0.743,0.505,0.238,2.15576624014201e-43,0.37975904960382
d21MaternalDiet_scRNAseq,d21,scRNA-seq,EC,EC,290,Clec2h,1.79904807730659,0.819,0.613,0.20599999999999996,1.45590949292251e-62,0.37060390392515746
d21MaternalDiet_scRNAseq,d21,scRNA-seq,EC,EC,291,Tent5a,1.91788061558571,0.928,0.742,0.18600000000000005,3.54252938009454e-134,0.35672579449894215
d21MaternalDiet_scRNAseq,d21,scRNA-seq,EC,EC,292,Slc5a3,2.0316961464402,0.471,0.299,0.172,4.00439614230268e-14,0.3494517371877144
d21MaternalDiet_scRNAseq,d21,scRNA-seq,EC,EC,293,Mpzl2,1.9945806039936,0.538,0.363,0.17500000000000004,1.06876486914851e-18,0.3490516056988801
d21MaternalDiet_scRNAseq,d21,scRNA-seq,EC,EC,294,Dst,1.53215308962788,0.612,0.387,0.22499999999999998,1.0616786461607e-29,0.344734445166273
d21MaternalDiet_scRNAseq,d21,scRNA-seq,EC,EC,295,Gk,1.47126908751455,0.603,0.371,0.23199999999999998,6.96077793685746e-32,0.34133442830337557
d21MaternalDiet_scRNAseq,d21,scRNA-seq,EC,EC,296,Cxcl13,2.01580083727606,0.253,0.084,0.16899999999999998,8.74354636586908e-34,0.34067034149965414
d21MaternalDiet_scRNAseq,d21,scRNA-seq,EC,EC,297,Plbd1,1.47902591761078,0.481,0.291,0.19,2.91256570032732e-15,0.2810149243460482
d21MaternalDiet_scRNAseq,d21,scRNA-seq,EC,EC,298,Tmem54,1.82596407299923,0.895,0.743,0.15200000000000002,1.00332176209887e-114,0.277546539095883
d21MaternalDiet_scRNAseq,d21,scRNA-seq,EC,EC,299,Cdc14b,1.61497038611937,0.37,0.206,0.164,8.64504059563004e-8,0.2648551433235767
d21MaternalDiet_scRNAseq,d21,scRNA-seq,EC,EC,300,Cldn8,1.49864514533403,0.501,0.346,0.15500000000000003,1.89173459751797e-13,0.23228999752677468
d21MaternalDiet_scRNAseq,d21,scRNA-seq,EC,EC,301,F3,1.36807867116809,0.588,0.422,0.16599999999999998,1.68723400379709e-15,0.2271010594139029
d21MaternalDiet_scRNAseq,d21,scRNA-seq,EC,EC,302,Myl7,1.07832242390739,0.405,0.212,0.19300000000000003,8.7031775230913e-27,0.2081162278141263
d21MaternalDiet_scRNAseq,d21,scRNA-seq,EC,EC,303,Cwh43,1.22260728380535,0.296,0.144,0.152,0.0111644253758963,0.1858363071384132
d21MaternalDiet_scRNAseq,d21,scRNA-seq,EC,EC,304,Slc5a8,0.977815905027903,0.499,0.324,0.175,1.44584329157982e-10,0.17111778337988304
d21MaternalDiet_scRNAseq,d21,scRNA-seq,EC,EC,305,Cyp11a1,0.640357343143354,0.281,0.039,0.24200000000000002,6.58462994042529e-85,0.1549664770406917
d21MaternalDiet_scRNAseq,d21,scRNA-seq,EC,EC,306,Pea15a,0.705101804848076,0.458,0.252,0.20600000000000002,2.10654718477429e-30,0.14525097179870367
d21MaternalDiet_scRNAseq,d21,scRNA-seq,EC,EC,307,Nxpe4,0.786601507140584,0.577,0.416,0.16099999999999998,2.17990181038789e-12,0.126642842649634
d21MaternalDiet_scRNAseq,d21,scRNA-seq,EC,EC,308,Ikzf2,0.433247050824916,0.536,0.264,0.272,1.86759145982753e-35,0.11784319782437716
d21MaternalDiet_scRNAseq,d21,scRNA-seq,EC,EC,309,Dnase1l3,0.622622180531463,0.251,0.079,0.172,0.0216090891447677,0.10709101505141162
d21MaternalDiet_scRNAseq,d21,scRNA-seq,EEC,EEC,1,Chgb,7.23739128506864,0.687,0.281,0.406,0,2.938380861737868
d21MaternalDiet_scRNAseq,d21,scRNA-seq,EEC,EEC,2,Chga,7.27018578277604,0.605,0.204,0.401,0,2.9153444988931922
d21MaternalDiet_scRNAseq,d21,scRNA-seq,EEC,EEC,3,Insl5,6.73223171803915,0.628,0.247,0.381,0,2.564980284572916
d21MaternalDiet_scRNAseq,d21,scRNA-seq,EEC,EEC,4,Pyy,6.70991181667763,0.873,0.508,0.365,0,2.449117813087335
d21MaternalDiet_scRNAseq,d21,scRNA-seq,EEC,EEC,5,Pcsk1n,7.01949281692851,0.354,0.136,0.21799999999999997,1.80265915045749e-180,1.5302494340904151
d21MaternalDiet_scRNAseq,d21,scRNA-seq,EEC,EEC,6,Sst,7.70762622232956,0.374,0.199,0.175,1.67377373986235e-134,1.348834588907673
d21MaternalDiet_scRNAseq,d21,scRNA-seq,EEC,EEC,7,Gcg,6.95038655185261,0.464,0.273,0.191,1.13265710765192e-143,1.3275238314038484
d21MaternalDiet_scRNAseq,d21,scRNA-seq,EEC,EEC,8,Neurod1,7.25464271927913,0.288,0.123,0.16499999999999998,5.74732065034522e-111,1.1970160486810564
d21MaternalDiet_scRNAseq,d21,scRNA-seq,EEC,EEC,9,Pam,2.56467825638761,0.606,0.344,0.262,5.7885596605856e-190,0.6719457031735538
d21MaternalDiet_scRNAseq,d21,scRNA-seq,EEC,EEC,10,Krt20,1.00730345931826,0.669,0.291,0.37800000000000006,1.3468493084117e-303,0.3807607076223023
d21MaternalDiet_scRNAseq,d21,scRNA-seq,EEC,EEC,11,Cdkn1a,1.149057910078,0.665,0.377,0.28800000000000003,6.77102752978161e-165,0.33092867810246407
d21MaternalDiet_scRNAseq,d21,scRNA-seq,EEC,EEC,12,Tuba1a,1.78899823454824,0.479,0.295,0.184,2.15477223154239e-129,0.3291756751568762
d21MaternalDiet_scRNAseq,d21,scRNA-seq,EEC,EEC,13,Ang4,0.736957955829084,0.853,0.506,0.347,0,0.25572441067269214
d21MaternalDiet_scRNAseq,d21,scRNA-seq,EEC,EEC,14,Sox4,0.93005589011951,0.756,0.51,0.246,5.76081147046654e-119,0.22879374896939944
d21MaternalDiet_scRNAseq,d21,scRNA-seq,EEC,EEC,15,Marcksl1,1.12804976994521,0.632,0.48,0.15200000000000002,3.3940887373345e-82,0.17146356503167193
d21MaternalDiet_scRNAseq,d21,scRNA-seq,EEC,EEC,16,Ube2c,0.63783307226217,0.849,0.597,0.252,2.33562255908353e-211,0.16073393421006685
d21MaternalDiet_scRNAseq,d21,scRNA-seq,EEC,EEC,17,Slpi,0.770199344061306,0.559,0.376,0.18300000000000005,1.45540100290155e-111,0.14094647996321905
d21MaternalDiet_scRNAseq,d21,scRNA-seq,EEC,EEC,18,Selenop,0.358695402699342,0.806,0.449,0.35700000000000004,1.8233353595211e-264,0.1280542587636651
d21MaternalDiet_scRNAseq,d21,scRNA-seq,EEC,EEC,19,Retnlb,0.380554295918957,0.85,0.618,0.23199999999999998,1.13216991482985e-215,0.08828859665319802
d21MaternalDiet_scRNAseq,d21,scRNA-seq,EEC,EEC,20,Hist1h2ap,0.322270250996223,0.738,0.467,0.27099999999999996,1.94406696199748e-168,0.08733523801997642
d21MaternalDiet_scRNAseq,d21,scRNA-seq,EEC,EEC,21,Birc5,0.411953428772581,0.829,0.634,0.19499999999999995,2.73265108875714e-93,0.08033091861065328
d21MaternalDiet_scRNAseq,d21,scRNA-seq,EEC,EEC,22,Ifitm3,0.377893345061063,0.924,0.746,0.17800000000000005,5.62881505878402e-148,0.06726501542086923
d21MaternalDiet_scRNAseq,d21,scRNA-seq,EEC,EEC,23,Pclaf,0.308363859166353,0.823,0.643,0.17999999999999994,1.32433533201559e-97,0.055505494649943525
d21MaternalDiet_scRNAseq,d21,scRNA-seq,EEC,EEC,24,Nusap1,0.31148993956694,0.545,0.394,0.15100000000000002,7.25528554824643e-66,0.047034980874607946
d21MaternalDiet_scRNAseq,d21,scRNA-seq,GDT,GDT,1,Il17a,14.2412837741874,0.6,0,0.6,0,8.54477026451244
d21MaternalDiet_scRNAseq,d21,scRNA-seq,GDT,GDT,2,Tcrg-C1,8.93450031179779,0.867,0.046,0.821,1.4013334322783e-135,7.335224755985984
d21MaternalDiet_scRNAseq,d21,scRNA-seq,GDT,GDT,3,Cd163l1,10.4645115096019,0.717,0.029,0.688,4.50472796649935e-119,7.199583918606106
d21MaternalDiet_scRNAseq,d21,scRNA-seq,GDT,GDT,4,Actn2,10.0203335933484,0.733,0.019,0.714,2.58950575499216e-154,7.154518185650757
d21MaternalDiet_scRNAseq,d21,scRNA-seq,GDT,GDT,5,Cxcr6,7.64891797890857,0.967,0.062,0.905,2.24564309095429e-116,6.922270770912256
d21MaternalDiet_scRNAseq,d21,scRNA-seq,GDT,GDT,6,Trdv4,9.86399489236531,0.717,0.016,0.701,3.08801113791099e-186,6.914660419548082
d21MaternalDiet_scRNAseq,d21,scRNA-seq,GDT,GDT,7,Blk,10.5988450148741,0.65,0.006,0.644,4.78356629686199e-147,6.82565618957892
d21MaternalDiet_scRNAseq,d21,scRNA-seq,GDT,GDT,8,Trdc,8.94658786344704,0.833,0.103,0.73,1.97962532947636e-47,6.531009140316338
d21MaternalDiet_scRNAseq,d21,scRNA-seq,GDT,GDT,9,Il2ra,9.26316331201329,0.717,0.014,0.703,1.76226010419734e-193,6.512003808345343
d21MaternalDiet_scRNAseq,d21,scRNA-seq,GDT,GDT,10,Fam83a,10.9103896396517,0.55,0.001,0.549,0,5.989803912168784
d21MaternalDiet_scRNAseq,d21,scRNA-seq,GDT,GDT,11,Maf,7.14084547878044,0.867,0.127,0.74,2.64440026673542e-51,5.284225654297526
d21MaternalDiet_scRNAseq,d21,scRNA-seq,GDT,GDT,12,Ccr2,6.75810680558047,0.817,0.051,0.7659999999999999,7.51695343086778e-132,5.176709813074639
d21MaternalDiet_scRNAseq,d21,scRNA-seq,GDT,GDT,13,Il7r,6.67379250640719,0.817,0.043,0.7739999999999999,3.23627814915497e-148,5.1655153999591645
d21MaternalDiet_scRNAseq,d21,scRNA-seq,GDT,GDT,14,Dtx1,6.6093788348495,0.783,0.02,0.763,1.60019218503472e-170,5.042956050990169
d21MaternalDiet_scRNAseq,d21,scRNA-seq,GDT,GDT,15,Icos,7.86042883407687,0.65,0.012,0.638,2.55872372798419e-172,5.014953596141043
d21MaternalDiet_scRNAseq,d21,scRNA-seq,GDT,GDT,16,Thy1,6.13361751929949,0.867,0.057,0.8099999999999999,1.27126754218675e-93,4.968230190632586
d21MaternalDiet_scRNAseq,d21,scRNA-seq,GDT,GDT,17,Bcl2a1b,6.05177801145442,0.883,0.089,0.794,1.09228130254736e-107,4.80511174109481
d21MaternalDiet_scRNAseq,d21,scRNA-seq,GDT,GDT,18,S100a4,6.35526150854038,0.95,0.197,0.7529999999999999,1.13343428835235e-45,4.785511915930906
d21MaternalDiet_scRNAseq,d21,scRNA-seq,GDT,GDT,19,Sla,6.7160869820738,0.767,0.063,0.704,4.75361242520514e-88,4.728125235379955
d21MaternalDiet_scRNAseq,d21,scRNA-seq,GDT,GDT,20,Xlr4a,7.61488597234664,0.633,0.017,0.616,2.03662945431823e-81,4.69076975896553
d21MaternalDiet_scRNAseq,d21,scRNA-seq,GDT,GDT,21,Cd3e,5.94837244898471,0.867,0.082,0.785,5.6331735932118e-85,4.669472372452997
d21MaternalDiet_scRNAseq,d21,scRNA-seq,GDT,GDT,22,Cd247,6.93450799301529,0.75,0.077,0.673,1.41941203618508e-53,4.666923879299291
d21MaternalDiet_scRNAseq,d21,scRNA-seq,GDT,GDT,23,Foxs1,9.00991878253816,0.517,0.001,0.516,0,4.64911809178969
d21MaternalDiet_scRNAseq,d21,scRNA-seq,GDT,GDT,24,Lat,5.76573330622578,0.9,0.103,0.797,7.15094231371844e-81,4.595289445061947
d21MaternalDiet_scRNAseq,d21,scRNA-seq,GDT,GDT,25,Rasgrp1,6.38044708527946,0.75,0.03,0.72,3.02802059791164e-120,4.593921901401211
d21MaternalDiet_scRNAseq,d21,scRNA-seq,GDT,GDT,26,Emb,6.17488788056661,0.917,0.178,0.7390000000000001,3.9893998441859e-46,4.563242143738726
d21MaternalDiet_scRNAseq,d21,scRNA-seq,GDT,GDT,27,Ltb4r1,8.653135995889,0.55,0.029,0.521,1.82139573660529e-20,4.5082838538581695
d21MaternalDiet_scRNAseq,d21,scRNA-seq,GDT,GDT,28,Tcrg-C4,6.26443975260439,0.8,0.094,0.7060000000000001,6.10875943414862e-80,4.4226944653387
d21MaternalDiet_scRNAseq,d21,scRNA-seq,GDT,GDT,29,Cd3g,5.62137227360972,0.9,0.137,0.763,1.64505268513926e-51,4.289107044764216
d21MaternalDiet_scRNAseq,d21,scRNA-seq,GDT,GDT,30,Pxdc1,6.89256036656464,0.7,0.079,0.621,4.47007752838646e-66,4.280279987636642
d21MaternalDiet_scRNAseq,d21,scRNA-seq,GDT,GDT,31,Il18r1,7.49231384621666,0.617,0.047,0.57,1.00872221513383e-43,4.270618892343496
d21MaternalDiet_scRNAseq,d21,scRNA-seq,GDT,GDT,32,Rora,7.23148675979113,0.667,0.081,0.5860000000000001,5.66467178733068e-20,4.237651241237603
d21MaternalDiet_scRNAseq,d21,scRNA-seq,GDT,GDT,33,Serpina3g,6.63677215187297,0.65,0.023,0.627,8.51836614921602e-148,4.161256139224352
d21MaternalDiet_scRNAseq,d21,scRNA-seq,GDT,GDT,34,Cd3d,5.23121371526231,0.917,0.125,0.792,1.08916453686912e-60,4.14312126248775
d21MaternalDiet_scRNAseq,d21,scRNA-seq,GDT,GDT,35,Zap70,6.5762420236044,0.667,0.038,0.629,2.62659052965146e-44,4.136456232847167
d21MaternalDiet_scRNAseq,d21,scRNA-seq,GDT,GDT,36,Msn,5.08082546193309,1,0.193,0.8069999999999999,1.30602736017007e-62,4.1002261477800035
d21MaternalDiet_scRNAseq,d21,scRNA-seq,GDT,GDT,37,Samsn1,5.9192662016612,0.733,0.041,0.692,2.78829817415913e-90,4.09613221154955
d21MaternalDiet_scRNAseq,d21,scRNA-seq,GDT,GDT,38,Trbc2,5.12313213941294,0.933,0.135,0.798,1.70330388084606e-53,4.088259447251526
d21MaternalDiet_scRNAseq,d21,scRNA-seq,GDT,GDT,39,Hlf,7.23638309150597,0.567,0.005,0.5619999999999999,0,4.066847297426355
d21MaternalDiet_scRNAseq,d21,scRNA-seq,GDT,GDT,40,Gpr171,5.63588965773985,0.75,0.029,0.721,1.43152395396361e-125,4.063476443230432
d21MaternalDiet_scRNAseq,d21,scRNA-seq,GDT,GDT,41,Pou6f2,8.00839488502998,0.517,0.014,0.503,1.0108009448339e-131,4.028222627170081
d21MaternalDiet_scRNAseq,d21,scRNA-seq,GDT,GDT,42,Cysltr1,7.08564758560352,0.583,0.018,0.565,1.11421220169156e-76,4.003390885865988
d21MaternalDiet_scRNAseq,d21,scRNA-seq,GDT,GDT,43,Lta,7.15851628588927,0.567,0.01,0.5569999999999999,1.12534113964924e-115,3.9872935712403232
d21MaternalDiet_scRNAseq,d21,scRNA-seq,GDT,GDT,44,Spn,5.68855370496545,0.783,0.083,0.7000000000000001,3.84098274313198e-84,3.9819875934758153
d21MaternalDiet_scRNAseq,d21,scRNA-seq,GDT,GDT,45,Lsp1,4.81159066829515,0.983,0.161,0.822,4.69689028894507e-64,3.955127529338613
d21MaternalDiet_scRNAseq,d21,scRNA-seq,GDT,GDT,46,Ptprcap,5.02451350174346,0.95,0.166,0.7839999999999999,5.84866521791398e-55,3.939218585366872
d21MaternalDiet_scRNAseq,d21,scRNA-seq,GDT,GDT,47,Abi3bp,9.48466789172802,0.45,0.038,0.41200000000000003,5.7767093331064e-8,3.907683171391944
d21MaternalDiet_scRNAseq,d21,scRNA-seq,GDT,GDT,48,Fxyd5,5.2359777959621,0.95,0.21,0.74,5.7961782194442e-49,3.8746235690119537
d21MaternalDiet_scRNAseq,d21,scRNA-seq,GDT,GDT,49,Gpr183,6.36018260517829,0.683,0.081,0.6020000000000001,1.66573988242081e-33,3.828829928317331
d21MaternalDiet_scRNAseq,d21,scRNA-seq,GDT,GDT,50,Rinl,5.5239979940647,0.9,0.21,0.6900000000000001,3.74254129307905e-45,3.8115586159046435
d21MaternalDiet_scRNAseq,d21,scRNA-seq,GDT,GDT,51,Skap1,5.0480495186669,0.833,0.09,0.743,2.80564580375286e-81,3.750700792369507
d21MaternalDiet_scRNAseq,d21,scRNA-seq,GDT,GDT,52,AI662270,5.33461782071934,0.767,0.065,0.702,3.40047539108263e-73,3.7449017101449766
d21MaternalDiet_scRNAseq,d21,scRNA-seq,GDT,GDT,53,Rapsn,6.47957020868082,0.583,0.008,0.575,2.28413385649403e-273,3.7257528699914713
d21MaternalDiet_scRNAseq,d21,scRNA-seq,GDT,GDT,54,Laptm5,4.5725349537991,1,0.19,0.81,5.22405986562663e-55,3.7037533125772715
d21MaternalDiet_scRNAseq,d21,scRNA-seq,GDT,GDT,55,Lgals1,5.72316964309137,0.967,0.321,0.6459999999999999,1.91294973828467e-42,3.6971675894370244
d21MaternalDiet_scRNAseq,d21,scRNA-seq,GDT,GDT,56,Ltb,5.23623434037798,0.85,0.145,0.705,1.80266694755751e-37,3.6915452099664754
d21MaternalDiet_scRNAseq,d21,scRNA-seq,GDT,GDT,57,Bcl2a1d,6.70868368268809,0.567,0.021,0.5459999999999999,9.52736643750219e-38,3.6629412907476966
d21MaternalDiet_scRNAseq,d21,scRNA-seq,GDT,GDT,58,Ets1,5.34619598142975,0.917,0.234,0.683,2.03820603764289e-40,3.651451855316519
d21MaternalDiet_scRNAseq,d21,scRNA-seq,GDT,GDT,59,Ifi203,5.00671808531075,0.8,0.077,0.7230000000000001,2.54602078217085e-87,3.6198571756796727
d21MaternalDiet_scRNAseq,d21,scRNA-seq,GDT,GDT,60,Coro1a,4.85689607550665,0.967,0.222,0.745,1.0126034248325e-46,3.618387576252454
d21MaternalDiet_scRNAseq,d21,scRNA-seq,GDT,GDT,61,Itgb7,5.10740609490418,0.817,0.112,0.705,2.31585671414934e-51,3.6007212969074467
d21MaternalDiet_scRNAseq,d21,scRNA-seq,GDT,GDT,62,Trbc1,4.92158977582232,0.833,0.104,0.729,4.8768626889356e-52,3.5878389465744713
d21MaternalDiet_scRNAseq,d21,scRNA-seq,GDT,GDT,63,Cd48,4.89626104308626,0.867,0.135,0.732,2.17073703488157e-64,3.5840630835391423
d21MaternalDiet_scRNAseq,d21,scRNA-seq,GDT,GDT,64,Srgn,4.95411729160921,0.967,0.244,0.723,7.25660431307695e-48,3.5818268018334587
d21MaternalDiet_scRNAseq,d21,scRNA-seq,GDT,GDT,65,Gm16565,7.13599411696309,0.5,0.001,0.499,0,3.5608610643645817
d21MaternalDiet_scRNAseq,d21,scRNA-seq,GDT,GDT,66,Cass4,7.24538350205446,0.5,0.012,0.488,3.27153336860988e-207,3.5357471490025763
d21MaternalDiet_scRNAseq,d21,scRNA-seq,GDT,GDT,67,Gimap1,4.92054930990668,0.917,0.212,0.7050000000000001,8.35058208668133e-41,3.46898726348421
d21MaternalDiet_scRNAseq,d21,scRNA-seq,GDT,GDT,68,Cd226,5.73380090319003,0.65,0.045,0.605,2.41866244103023e-36,3.468949546429968
d21MaternalDiet_scRNAseq,d21,scRNA-seq,GDT,GDT,69,Arhgap30,4.87975477725223,0.817,0.114,0.703,6.75753741510273e-62,3.430467608408317
d21MaternalDiet_scRNAseq,d21,scRNA-seq,GDT,GDT,70,Ccr6,6.90295498606026,0.533,0.037,0.49600000000000005,1.93364360762195e-59,3.4238656730858894
d21MaternalDiet_scRNAseq,d21,scRNA-seq,GDT,GDT,71,Asb2,6.98568995166575,0.517,0.032,0.485,1.63478011682763e-21,3.3880596265578884
d21MaternalDiet_scRNAseq,d21,scRNA-seq,GDT,GDT,72,Nr4a3,6.13466371861566,0.567,0.017,0.5499999999999999,1.73701352096851e-90,3.3740650452386127
d21MaternalDiet_scRNAseq,d21,scRNA-seq,GDT,GDT,73,Arhgdib,4.54614517257898,0.983,0.242,0.741,7.22925985884518e-49,3.368693572881024
d21MaternalDiet_scRNAseq,d21,scRNA-seq,GDT,GDT,74,Klrb1b,6.01212321353927,0.6,0.042,0.5579999999999999,5.59739754979631e-83,3.354764753154912
d21MaternalDiet_scRNAseq,d21,scRNA-seq,GDT,GDT,75,Ptpn7,5.79867426616374,0.633,0.057,0.576,7.02149176809687e-37,3.340036377310314
d21MaternalDiet_scRNAseq,d21,scRNA-seq,GDT,GDT,76,Ppp1r18,5.33235350764283,0.717,0.092,0.625,3.79490851598927e-33,3.3327209422767687
d21MaternalDiet_scRNAseq,d21,scRNA-seq,GDT,GDT,77,Vim,5.07275529615082,0.917,0.27,0.647,1.35353140868819e-37,3.2820726766095807
d21MaternalDiet_scRNAseq,d21,scRNA-seq,GDT,GDT,78,Nhsl2,6.70528303946843,0.5,0.014,0.486,8.15766765109067e-160,3.258767557181657
d21MaternalDiet_scRNAseq,d21,scRNA-seq,GDT,GDT,79,Cd53,4.75857390985655,0.8,0.116,0.684,4.91034816929238e-56,3.254864554341881
d21MaternalDiet_scRNAseq,d21,scRNA-seq,GDT,GDT,80,Sh2d2a,5.50636814209711,0.65,0.059,0.591,4.49756059557072e-42,3.254263571979392
d21MaternalDiet_scRNAseq,d21,scRNA-seq,GDT,GDT,81,Cd93,5.72594329440163,0.6,0.035,0.565,2.29505211258908e-113,3.235157961336921
d21MaternalDiet_scRNAseq,d21,scRNA-seq,GDT,GDT,82,Ckb,5.54441565627809,0.967,0.388,0.579,6.04019924843467e-40,3.210216664985014
d21MaternalDiet_scRNAseq,d21,scRNA-seq,GDT,GDT,83,Cd52,4.28619005002885,1,0.253,0.747,2.22317565217457e-44,3.2017839673715507
d21MaternalDiet_scRNAseq,d21,scRNA-seq,GDT,GDT,84,Emp3,4.62360670211458,0.867,0.175,0.692,4.67271426573817e-47,3.1995358378632894
d21MaternalDiet_scRNAseq,d21,scRNA-seq,GDT,GDT,85,Klk8,5.04572339062829,0.7,0.067,0.633,2.52952310292848e-51,3.193942906267708
d21MaternalDiet_scRNAseq,d21,scRNA-seq,GDT,GDT,86,Traf1,5.62234519641041,0.717,0.149,0.568,6.9981283568702e-32,3.1934920715611126
d21MaternalDiet_scRNAseq,d21,scRNA-seq,GDT,GDT,87,Podnl1,8.3899100586361,0.4,0.023,0.377,0.000134533455494317,3.1629960921058102
d21MaternalDiet_scRNAseq,d21,scRNA-seq,GDT,GDT,88,Ikzf3,5.53114394544839,0.65,0.084,0.5660000000000001,4.54013586859651e-38,3.130627473123789
d21MaternalDiet_scRNAseq,d21,scRNA-seq,GDT,GDT,89,Tcrg-C2,5.48090919960505,0.633,0.064,0.569,9.87972129449753e-55,3.1186373345752734
d21MaternalDiet_scRNAseq,d21,scRNA-seq,GDT,GDT,90,Ccdc184,5.9356609318484,0.55,0.025,0.525,2.85328105725429e-115,3.11622198922041
d21MaternalDiet_scRNAseq,d21,scRNA-seq,GDT,GDT,91,Stx11,5.98237497572935,0.533,0.017,0.516,7.90017600615519e-177,3.0869054874763444
d21MaternalDiet_scRNAseq,d21,scRNA-seq,GDT,GDT,92,Mndal,4.52105300974297,0.75,0.07,0.6799999999999999,2.87232988298309e-79,3.0743160466252193
d21MaternalDiet_scRNAseq,d21,scRNA-seq,GDT,GDT,93,Rac2,4.04205154596495,0.967,0.207,0.76,3.41748338080935e-47,3.0719591749333626
d21MaternalDiet_scRNAseq,d21,scRNA-seq,GDT,GDT,94,Runx3,4.3430454584326,0.817,0.121,0.696,2.78692446772754e-52,3.02275963906909
d21MaternalDiet_scRNAseq,d21,scRNA-seq,GDT,GDT,95,Gm36723,6.44468519781702,0.5,0.034,0.46599999999999997,1.72163155059102e-27,3.0032233021827315
d21MaternalDiet_scRNAseq,d21,scRNA-seq,GDT,GDT,96,Cd37,4.60736849490944,0.867,0.219,0.648,1.05194388924513e-38,2.985574784701317
d21MaternalDiet_scRNAseq,d21,scRNA-seq,GDT,GDT,97,Cd79b,5.1844823210795,0.683,0.108,0.5750000000000001,1.49695863902139e-43,2.981077334620713
d21MaternalDiet_scRNAseq,d21,scRNA-seq,GDT,GDT,98,Gpsm3,4.61611560563612,0.817,0.175,0.6419999999999999,2.92296060241964e-36,2.9635462188183883
d21MaternalDiet_scRNAseq,d21,scRNA-seq,GDT,GDT,99,Id2,5.30491150090613,0.983,0.429,0.554,3.81842259504775e-39,2.938920971501996
d21MaternalDiet_scRNAseq,d21,scRNA-seq,GDT,GDT,100,Itgb2,4.69941600954816,0.717,0.092,0.625,2.47639711974831e-51,2.9371350059676
d21MaternalDiet_scRNAseq,d21,scRNA-seq,GDT,GDT,101,Abi3,4.62672389578295,0.767,0.134,0.633,1.62356519711578e-39,2.9287162260306077
d21MaternalDiet_scRNAseq,d21,scRNA-seq,GDT,GDT,102,Celf2,4.66705024187816,0.833,0.206,0.627,9.01529507648461e-36,2.926240501657606
d21MaternalDiet_scRNAseq,d21,scRNA-seq,GDT,GDT,103,Hcls1,5.13345532195594,0.667,0.099,0.5680000000000001,4.29215913367426e-23,2.915802622870974
d21MaternalDiet_scRNAseq,d21,scRNA-seq,GDT,GDT,104,Rgs1,5.53544995183118,0.617,0.093,0.524,1.64109427241959e-19,2.900575774759538
d21MaternalDiet_scRNAseq,d21,scRNA-seq,GDT,GDT,105,Selplg,4.47028967896071,0.8,0.157,0.643,2.91297459319044e-38,2.874396263571737
d21MaternalDiet_scRNAseq,d21,scRNA-seq,GDT,GDT,106,Gzmb,5.05567132738658,0.617,0.051,0.566,3.2749476480476e-84,2.861509971300804
d21MaternalDiet_scRNAseq,d21,scRNA-seq,GDT,GDT,107,Serpinb6b,4.54820661467637,0.667,0.045,0.622,8.75721897543361e-96,2.828984514328702
d21MaternalDiet_scRNAseq,d21,scRNA-seq,GDT,GDT,108,Cst7,5.72819877543318,0.55,0.059,0.49100000000000005,2.5103254682845e-16,2.8125455987376915
d21MaternalDiet_scRNAseq,d21,scRNA-seq,GDT,GDT,109,Lcp1,4.10215261128631,0.967,0.288,0.679,4.72088018088989e-39,2.7853616230634044
d21MaternalDiet_scRNAseq,d21,scRNA-seq,GDT,GDT,110,4933424M12Rik,5.32773288464048,0.533,0.012,0.521,8.85102035746119e-142,2.77574883289769
d21MaternalDiet_scRNAseq,d21,scRNA-seq,GDT,GDT,111,Gimap3,4.81948557670669,0.683,0.11,0.5730000000000001,1.3508650268077e-27,2.7615652354529336
d21MaternalDiet_scRNAseq,d21,scRNA-seq,GDT,GDT,112,Myo1f,4.98692747029614,0.617,0.069,0.548,9.70687161032736e-40,2.7328362537222852
d21MaternalDiet_scRNAseq,d21,scRNA-seq,GDT,GDT,113,Lax1,4.90053886006639,0.583,0.026,0.5569999999999999,3.36212468957239e-132,2.729600145056979
d21MaternalDiet_scRNAseq,d21,scRNA-seq,GDT,GDT,114,Hcst,4.32212934642558,0.8,0.172,0.6280000000000001,1.35981959400731e-26,2.7142972295552648
d21MaternalDiet_scRNAseq,d21,scRNA-seq,GDT,GDT,115,Ikzf1,4.2642435645444,0.717,0.084,0.633,4.0516654150625e-56,2.6992661763566055
d21MaternalDiet_scRNAseq,d21,scRNA-seq,GDT,GDT,116,Egr3,5.30226435641642,0.533,0.026,0.507,6.04988345499177e-74,2.688248028703125
d21MaternalDiet_scRNAseq,d21,scRNA-seq,GDT,GDT,117,Tnfrsf9,7.08997147181129,0.4,0.022,0.378,0.0000402294213560916,2.6800092163446676
d21MaternalDiet_scRNAseq,d21,scRNA-seq,GDT,GDT,118,St6galnac3,6.72909792360248,0.417,0.02,0.39699999999999996,8.58619307883459e-13,2.671451875670184
d21MaternalDiet_scRNAseq,d21,scRNA-seq,GDT,GDT,119,Gimap5,4.61075812278044,0.667,0.091,0.5760000000000001,8.96463457228593e-42,2.6557966787215337
d21MaternalDiet_scRNAseq,d21,scRNA-seq,GDT,GDT,120,Ms4a6b,4.1887418344032,0.717,0.092,0.625,7.80977429760512e-54,2.617963646502
d21MaternalDiet_scRNAseq,d21,scRNA-seq,GDT,GDT,121,Capg,4.59779685387692,1,0.436,0.5640000000000001,2.08279248530997e-40,2.593157425586583
d21MaternalDiet_scRNAseq,d21,scRNA-seq,GDT,GDT,122,Txk,4.75802451102854,0.7,0.157,0.5429999999999999,1.55621239786552e-27,2.583607309488497
d21MaternalDiet_scRNAseq,d21,scRNA-seq,GDT,GDT,123,Ptprc,3.78361191372722,0.9,0.218,0.682,5.05812300295299e-39,2.580423325161964
d21MaternalDiet_scRNAseq,d21,scRNA-seq,GDT,GDT,124,Tespa1,4.44484752392982,0.683,0.104,0.5790000000000001,3.56751798837907e-47,2.573566716355366
d21MaternalDiet_scRNAseq,d21,scRNA-seq,GDT,GDT,125,Anxa6,4.40567776535082,0.867,0.292,0.575,1.4152556421479e-30,2.5332647150767214
d21MaternalDiet_scRNAseq,d21,scRNA-seq,GDT,GDT,126,Slfn2,4.72994079189056,0.717,0.187,0.53,6.01471080728001e-20,2.506868619701997
d21MaternalDiet_scRNAseq,d21,scRNA-seq,GDT,GDT,127,Il2rg,4.55900148883836,0.633,0.09,0.543,4.60467003361023e-20,2.47553780843923
d21MaternalDiet_scRNAseq,d21,scRNA-seq,GDT,GDT,128,Cyth4,4.40867253821661,0.633,0.073,0.56,3.04394111741814e-29,2.4688566214013017
d21MaternalDiet_scRNAseq,d21,scRNA-seq,GDT,GDT,129,Pdcd1,7.2655789060783,0.35,0.011,0.33899999999999997,0.00684505600078475,2.4630312491605433
d21MaternalDiet_scRNAseq,d21,scRNA-seq,GDT,GDT,130,Hsd11b1,4.14651234590508,0.65,0.056,0.594,2.12836044700429e-75,2.4630283334676175
d21MaternalDiet_scRNAseq,d21,scRNA-seq,GDT,GDT,131,Adam8,5.62780127740438,0.567,0.135,0.43199999999999994,1.75247286854795e-20,2.431210151838692
d21MaternalDiet_scRNAseq,d21,scRNA-seq,GDT,GDT,132,Sept1,4.43572194137113,0.85,0.304,0.546,6.84751334172655e-27,2.4219041799886374
d21MaternalDiet_scRNAseq,d21,scRNA-seq,GDT,GDT,133,Fgl2,4.43168883970195,0.8,0.265,0.535,4.936851355648e-23,2.3709535292405435
d21MaternalDiet_scRNAseq,d21,scRNA-seq,GDT,GDT,134,Ctsw,3.94732210577255,0.783,0.183,0.6000000000000001,6.87137426669316e-34,2.3683932634635303
d21MaternalDiet_scRNAseq,d21,scRNA-seq,GDT,GDT,135,Limd2,4.18528799374678,0.8,0.241,0.559,2.59051457157164e-25,2.3395759885044503
d21MaternalDiet_scRNAseq,d21,scRNA-seq,GDT,GDT,136,Kcnc1,4.88420461389075,0.5,0.024,0.476,1.56746306050691e-54,2.324881396211997
d21MaternalDiet_scRNAseq,d21,scRNA-seq,GDT,GDT,137,Cd80,4.88334796491386,0.5,0.026,0.474,6.55923991302124e-91,2.3147069353691694
d21MaternalDiet_scRNAseq,d21,scRNA-seq,GDT,GDT,138,Stat4,5.45875751194386,0.483,0.06,0.423,2.96191181552172e-8,2.309054427552253
d21MaternalDiet_scRNAseq,d21,scRNA-seq,GDT,GDT,139,Ifi213,4.66283596004012,0.517,0.024,0.493,3.32986098709454e-119,2.298778128299779
d21MaternalDiet_scRNAseq,d21,scRNA-seq,GDT,GDT,140,Batf3,4.69942848293587,0.517,0.03,0.487,3.61317666237996e-80,2.2886216711897687
d21MaternalDiet_scRNAseq,d21,scRNA-seq,GDT,GDT,141,Cytip,4.93787244710428,0.65,0.187,0.463,6.6881860883325e-12,2.286234943009282
d21MaternalDiet_scRNAseq,d21,scRNA-seq,GDT,GDT,142,Nrgn,6.11088970871789,0.417,0.046,0.371,0.000956435834294756,2.267140081934337
d21MaternalDiet_scRNAseq,d21,scRNA-seq,GDT,GDT,143,Cntn1,4.56745159225947,0.5,0.008,0.492,1.15853276917288e-268,2.2471861833916593
d21MaternalDiet_scRNAseq,d21,scRNA-seq,GDT,GDT,144,Sp100,3.9726036763655,0.733,0.168,0.565,4.23781572881521e-26,2.244521077146507
d21MaternalDiet_scRNAseq,d21,scRNA-seq,GDT,GDT,145,Lef1,4.21499171813423,0.567,0.042,0.5249999999999999,5.05523442144802e-69,2.21287065202047
d21MaternalDiet_scRNAseq,d21,scRNA-seq,GDT,GDT,146,Cd160,3.66858797073987,0.717,0.115,0.602,3.11667771904984e-40,2.2084899583854014
d21MaternalDiet_scRNAseq,d21,scRNA-seq,GDT,GDT,147,Arl5c,4.43745468849589,0.517,0.021,0.496,1.37882873585462e-89,2.2009775254939616
d21MaternalDiet_scRNAseq,d21,scRNA-seq,GDT,GDT,148,Krt83,4.82967928444044,0.55,0.095,0.45500000000000007,1.4835243355905e-20,2.1975040744204004
d21MaternalDiet_scRNAseq,d21,scRNA-seq,GDT,GDT,149,Slco3a1,4.31086937186251,0.583,0.077,0.506,2.17046032732849e-42,2.18129990216243
d21MaternalDiet_scRNAseq,d21,scRNA-seq,GDT,GDT,150,Dock2,4.53004737746986,0.583,0.107,0.476,4.65344474520809e-17,2.1563025516756533
d21MaternalDiet_scRNAseq,d21,scRNA-seq,GDT,GDT,151,Glipr1,4.27561353514721,0.633,0.13,0.503,3.32725101323806e-26,2.1506336081790467
d21MaternalDiet_scRNAseq,d21,scRNA-seq,GDT,GDT,152,Sh2d1a,4.30771393800582,0.517,0.022,0.495,6.87398475227211e-81,2.132318399312881
d21MaternalDiet_scRNAseq,d21,scRNA-seq,GDT,GDT,153,Bin2,4.42705218774677,0.567,0.087,0.48,8.43113162471505e-11,2.1249850501184495
d21MaternalDiet_scRNAseq,d21,scRNA-seq,GDT,GDT,154,Il10,4.33654643285862,0.5,0.011,0.489,9.70534291307155e-139,2.1205712056678654
d21MaternalDiet_scRNAseq,d21,scRNA-seq,GDT,GDT,155,Gng2,4.5084798167724,0.717,0.247,0.47,8.98878251018241e-16,2.118985513883028
d21MaternalDiet_scRNAseq,d21,scRNA-seq,GDT,GDT,156,Rcsd1,5.22935502605232,0.467,0.063,0.404,0.000113388677455889,2.1126594305251376
d21MaternalDiet_scRNAseq,d21,scRNA-seq,GDT,GDT,157,Ppp1r14c,5.35896648124602,0.583,0.19,0.39299999999999996,8.44616838798138e-7,2.1060738271296855
d21MaternalDiet_scRNAseq,d21,scRNA-seq,GDT,GDT,158,Ptpn22,4.89919281817059,0.5,0.071,0.429,9.21571792866405e-9,2.101753718995183
d21MaternalDiet_scRNAseq,d21,scRNA-seq,GDT,GDT,159,Jaml,4.22658687373964,0.733,0.237,0.496,3.75155898457161e-18,2.0963870893748613
d21MaternalDiet_scRNAseq,d21,scRNA-seq,GDT,GDT,160,Arhgap45,4.75125502006667,0.583,0.142,0.44099999999999995,8.60110443511524e-10,2.095303463849401
d21MaternalDiet_scRNAseq,d21,scRNA-seq,GDT,GDT,161,Gngt2,3.72712642561132,0.683,0.121,0.562,1.27880335722037e-28,2.094645051193562
d21MaternalDiet_scRNAseq,d21,scRNA-seq,GDT,GDT,162,Ifi208,4.41126467949977,0.517,0.045,0.47200000000000003,4.58029317444643e-61,2.0821169287238916
d21MaternalDiet_scRNAseq,d21,scRNA-seq,GDT,GDT,163,Tnf,4.56191240504798,0.6,0.149,0.45099999999999996,2.27407262425868e-23,2.0574224946766386
d21MaternalDiet_scRNAseq,d21,scRNA-seq,GDT,GDT,164,Cnn2,4.27348276040836,0.733,0.253,0.48,8.29081044623422e-15,2.051271724996013
d21MaternalDiet_scRNAseq,d21,scRNA-seq,GDT,GDT,165,Gnb4,4.13771960537867,0.533,0.04,0.49300000000000005,4.46457913863557e-59,2.0398957654516843
d21MaternalDiet_scRNAseq,d21,scRNA-seq,GDT,GDT,166,Klri2,4.19275224117766,0.5,0.017,0.483,3.00296277164177e-120,2.0250993324888094
d21MaternalDiet_scRNAseq,d21,scRNA-seq,GDT,GDT,167,Gimap4,3.882506917684,0.633,0.124,0.509,1.07086790709325e-15,1.976196021101156
d21MaternalDiet_scRNAseq,d21,scRNA-seq,GDT,GDT,168,Itgad,4.18011848552195,0.483,0.012,0.471,1.11697769928669e-194,1.9688358066808382
d21MaternalDiet_scRNAseq,d21,scRNA-seq,GDT,GDT,169,Cd6,4.17098455776156,0.483,0.016,0.46699999999999997,9.25882186478985e-160,1.9478497884746486
d21MaternalDiet_scRNAseq,d21,scRNA-seq,GDT,GDT,170,Hs6st2,3.94001951758401,0.5,0.01,0.49,6.26627684379723e-214,1.9306095636161649
d21MaternalDiet_scRNAseq,d21,scRNA-seq,GDT,GDT,171,Cyfip2,4.53222238464425,0.483,0.063,0.42,3.79306460916919e-11,1.903533401550585
d21MaternalDiet_scRNAseq,d21,scRNA-seq,GDT,GDT,172,St3gal5,3.86559087279949,0.517,0.026,0.491,9.80437469381522e-97,1.8980051185445497
d21MaternalDiet_scRNAseq,d21,scRNA-seq,GDT,GDT,173,Ifi209,4.93383405242837,0.4,0.02,0.38,9.94314168365068e-23,1.8748569399227806
d21MaternalDiet_scRNAseq,d21,scRNA-seq,GDT,GDT,174,Tceal3,3.8215016382386,0.5,0.011,0.489,4.56004885439203e-207,1.8687143010986753
d21MaternalDiet_scRNAseq,d21,scRNA-seq,GDT,GDT,175,Zeb2,3.58640591825728,0.567,0.049,0.5179999999999999,3.75346545732367e-63,1.8577582656572706
d21MaternalDiet_scRNAseq,d21,scRNA-seq,GDT,GDT,176,Basp1,3.46205209374086,0.6,0.067,0.5329999999999999,5.42748424556646e-50,1.845273765963878
d21MaternalDiet_scRNAseq,d21,scRNA-seq,GDT,GDT,177,Flna,3.83379954711547,0.7,0.228,0.472,9.27067819698195e-19,1.8095533862385018
d21MaternalDiet_scRNAseq,d21,scRNA-seq,GDT,GDT,178,Cd200r1,3.92921610276625,0.483,0.025,0.45799999999999996,1.46054602758523e-62,1.7995809750669423
d21MaternalDiet_scRNAseq,d21,scRNA-seq,GDT,GDT,179,Gimap7,3.36565058797032,0.567,0.035,0.5319999999999999,1.82285083644884e-72,1.79052611280021
d21MaternalDiet_scRNAseq,d21,scRNA-seq,GDT,GDT,180,Axl,3.75352037846631,0.5,0.023,0.477,5.51656159012573e-103,1.7904292205284298
d21MaternalDiet_scRNAseq,d21,scRNA-seq,GDT,GDT,181,Arhgap15,3.93487164034053,0.5,0.048,0.452,1.5822992330243e-30,1.7785619814339197
d21MaternalDiet_scRNAseq,d21,scRNA-seq,GDT,GDT,182,Klk1b27,3.46577992310891,0.517,0.005,0.512,0,1.774479320631762
d21MaternalDiet_scRNAseq,d21,scRNA-seq,GDT,GDT,183,Arg1,4.42144698788669,0.55,0.153,0.397,5.14123227546778e-16,1.7553144541910162
d21MaternalDiet_scRNAseq,d21,scRNA-seq,GDT,GDT,184,Ap1s2,3.95509686190532,0.667,0.225,0.44200000000000006,3.90384034713655e-16,1.7481528129621517
d21MaternalDiet_scRNAseq,d21,scRNA-seq,GDT,GDT,185,Crtam,3.59868522434307,0.5,0.018,0.482,5.86806193194342e-127,1.7345662781333597
d21MaternalDiet_scRNAseq,d21,scRNA-seq,GDT,GDT,186,Pecam1,3.75932135963155,0.533,0.08,0.453,1.91311969710676e-21,1.702972575913092
d21MaternalDiet_scRNAseq,d21,scRNA-seq,GDT,GDT,187,Klrc1,3.51329851045278,0.5,0.025,0.475,3.84740709779706e-77,1.6688167924650703
d21MaternalDiet_scRNAseq,d21,scRNA-seq,GDT,GDT,188,Inpp5d,4.52159398072416,0.5,0.131,0.369,0.00453668339052331,1.6684681788872149
d21MaternalDiet_scRNAseq,d21,scRNA-seq,GDT,GDT,189,Rgs10,3.34559176157757,0.8,0.303,0.49700000000000005,1.43886853429604e-20,1.6627591055040525
d21MaternalDiet_scRNAseq,d21,scRNA-seq,GDT,GDT,190,Gimap6,3.75377400678697,0.533,0.091,0.44200000000000006,7.17192746447608e-13,1.659168110999841
d21MaternalDiet_scRNAseq,d21,scRNA-seq,GDT,GDT,191,Olfr1369-ps1,4.62467392650005,0.433,0.081,0.352,1.80647755820844e-15,1.6278852221280173
d21MaternalDiet_scRNAseq,d21,scRNA-seq,GDT,GDT,192,Rhoh,4.02554459783662,0.483,0.08,0.40299999999999997,0.0000015164714424484,1.6222944729281579
d21MaternalDiet_scRNAseq,d21,scRNA-seq,GDT,GDT,193,Gbp6,4.11941206722616,0.617,0.225,0.392,9.51284734134358e-15,1.6148095303526548
d21MaternalDiet_scRNAseq,d21,scRNA-seq,GDT,GDT,194,Dock10,3.76508923373044,0.5,0.073,0.427,3.26583662373375e-10,1.6076931028028978
d21MaternalDiet_scRNAseq,d21,scRNA-seq,GDT,GDT,195,Npl,3.51234721779697,0.55,0.094,0.45600000000000007,1.50090830833522e-31,1.6016303313154185
d21MaternalDiet_scRNAseq,d21,scRNA-seq,GDT,GDT,196,Klrc2,3.4108987760075,0.5,0.031,0.469,9.96291509748572e-85,1.5997115259475174
d21MaternalDiet_scRNAseq,d21,scRNA-seq,GDT,GDT,197,Ctla2a,3.65435601358977,0.55,0.114,0.43600000000000005,5.54329936901816e-21,1.59329922192514
d21MaternalDiet_scRNAseq,d21,scRNA-seq,GDT,GDT,198,Izumo1r,3.55064782476453,0.45,0.012,0.438,5.80822253153844e-158,1.5551837472468641
d21MaternalDiet_scRNAseq,d21,scRNA-seq,GDT,GDT,199,Plxnc1,3.36850676180499,0.5,0.045,0.455,2.87482889857927e-58,1.5326705766212705
d21MaternalDiet_scRNAseq,d21,scRNA-seq,GDT,GDT,200,Slamf7,2.98953751980312,0.583,0.08,0.503,2.13172767585038e-37,1.5037373724609693
d21MaternalDiet_scRNAseq,d21,scRNA-seq,GDT,GDT,201,Fyn,3.9186106263971,0.6,0.219,0.381,9.48069230500586e-7,1.4929906486572952
d21MaternalDiet_scRNAseq,d21,scRNA-seq,GDT,GDT,202,Ncr1,3.15554282411618,0.517,0.044,0.47300000000000003,1.09424962968435e-62,1.4925717558069531
d21MaternalDiet_scRNAseq,d21,scRNA-seq,GDT,GDT,203,Igfbp7,3.14688562838315,0.5,0.031,0.469,7.14743663817881e-64,1.4758893597116973
d21MaternalDiet_scRNAseq,d21,scRNA-seq,GDT,GDT,204,Cd44,3.71444803567349,0.817,0.42,0.39699999999999996,6.99865246097143e-19,1.4746358701623754
d21MaternalDiet_scRNAseq,d21,scRNA-seq,GDT,GDT,205,Pip4k2a,3.34640110578134,0.583,0.155,0.42799999999999994,1.13686425946334e-17,1.4322596732744133
d21MaternalDiet_scRNAseq,d21,scRNA-seq,GDT,GDT,206,Runx2,2.99248764609005,0.55,0.074,0.47600000000000003,3.79838636242957e-36,1.4244241195388638
d21MaternalDiet_scRNAseq,d21,scRNA-seq,GDT,GDT,207,Icam1,3.63850119346262,0.6,0.211,0.389,5.08467892126823e-14,1.4153769642569591
d21MaternalDiet_scRNAseq,d21,scRNA-seq,GDT,GDT,208,Plod2,3.20622452871842,0.5,0.06,0.44,2.32402158021465e-34,1.4107387926361048
d21MaternalDiet_scRNAseq,d21,scRNA-seq,GDT,GDT,209,Eaf2,3.7504476032467,0.5,0.129,0.371,4.33739283314798e-14,1.3914160608045256
d21MaternalDiet_scRNAseq,d21,scRNA-seq,GDT,GDT,210,Spock2,3.65850755568325,0.483,0.105,0.378,5.11404549773266e-16,1.3829158560482684
d21MaternalDiet_scRNAseq,d21,scRNA-seq,GDT,GDT,211,Itgae,3.1562523939136,0.583,0.148,0.43499999999999994,5.0067754925806e-20,1.3729697913524157
d21MaternalDiet_scRNAseq,d21,scRNA-seq,GDT,GDT,212,Nebl,2.81702076658758,0.583,0.097,0.486,1.06804283817945e-31,1.3690720925615638
d21MaternalDiet_scRNAseq,d21,scRNA-seq,GDT,GDT,213,Evl,3.2038368086013,0.6,0.173,0.427,1.1585093711208e-17,1.368038317272755
d21MaternalDiet_scRNAseq,d21,scRNA-seq,GDT,GDT,214,Myl4,3.42596418708161,0.483,0.086,0.397,2.8733474660059e-19,1.3601077822713994
d21MaternalDiet_scRNAseq,d21,scRNA-seq,GDT,GDT,215,Ccl17,3.03025580955201,0.517,0.07,0.447,6.12866313617363e-34,1.3545243468697483
d21MaternalDiet_scRNAseq,d21,scRNA-seq,GDT,GDT,216,Slfn5,3.51861872572394,0.45,0.071,0.379,8.72617370533629e-15,1.3335564970493734
d21MaternalDiet_scRNAseq,d21,scRNA-seq,GDT,GDT,217,Klrk1,2.84465829859712,0.533,0.074,0.459,2.32081162968838e-31,1.3056981590560781
d21MaternalDiet_scRNAseq,d21,scRNA-seq,GDT,GDT,218,Hmgn3,2.93237157735635,0.567,0.122,0.44499999999999995,2.32369213076293e-24,1.3049053519235756
d21MaternalDiet_scRNAseq,d21,scRNA-seq,GDT,GDT,219,H2-Q7,3.65501337004327,0.75,0.395,0.355,2.70699738440993e-13,1.2975297463653608
d21MaternalDiet_scRNAseq,d21,scRNA-seq,GDT,GDT,220,Gm10827,4.10131387352962,0.333,0.018,0.315,4.27191676765364e-43,1.2919138701618305
d21MaternalDiet_scRNAseq,d21,scRNA-seq,GDT,GDT,221,Ifi47,3.09056326403923,0.65,0.237,0.41300000000000003,3.694393224807e-15,1.2764026280482021
d21MaternalDiet_scRNAseq,d21,scRNA-seq,GDT,GDT,222,Hdgfl3,2.70921513054398,0.483,0.012,0.471,8.67497223290697e-126,1.2760403264862146
d21MaternalDiet_scRNAseq,d21,scRNA-seq,GDT,GDT,223,Itga4,2.78376086366661,0.567,0.118,0.44899999999999995,3.85991997313539e-23,1.2499086277863076
d21MaternalDiet_scRNAseq,d21,scRNA-seq,GDT,GDT,224,Klrb1c,2.83524656019879,0.483,0.043,0.44,1.1818120751636e-55,1.2475084864874677
d21MaternalDiet_scRNAseq,d21,scRNA-seq,GDT,GDT,225,Eomes,2.73833504714243,0.467,0.021,0.446,1.65215295975404e-85,1.2212974310255238
d21MaternalDiet_scRNAseq,d21,scRNA-seq,GDT,GDT,226,Phf11a,2.62829968709022,0.483,0.019,0.46399999999999997,2.73605825375321e-129,1.219531054809862
d21MaternalDiet_scRNAseq,d21,scRNA-seq,GDT,GDT,227,Stk17b,3.02668362458161,0.8,0.401,0.399,1.9799605908971e-15,1.2076467662080625
d21MaternalDiet_scRNAseq,d21,scRNA-seq,GDT,GDT,228,Ifng,2.56818966426428,0.483,0.013,0.47,1.25892683824047e-133,1.2070491422042116
d21MaternalDiet_scRNAseq,d21,scRNA-seq,GDT,GDT,229,Rasgrp2,2.52173348620292,0.517,0.044,0.47300000000000003,1.2879064889548e-52,1.1927799389739813
d21MaternalDiet_scRNAseq,d21,scRNA-seq,GDT,GDT,230,Xlr,2.51985518406311,0.5,0.032,0.46799999999999997,1.34867535788731e-82,1.1792922261415353
d21MaternalDiet_scRNAseq,d21,scRNA-seq,GDT,GDT,231,H2-Oa,2.37091448069442,0.517,0.021,0.496,1.34134949172889e-99,1.1759735824244322
d21MaternalDiet_scRNAseq,d21,scRNA-seq,GDT,GDT,232,Ccl3,2.48335097979478,0.483,0.011,0.472,1.78248646830035e-161,1.1721416624631362
d21MaternalDiet_scRNAseq,d21,scRNA-seq,GDT,GDT,233,Trim30a,2.78871181382865,0.617,0.2,0.417,7.0294126466829e-13,1.162892826366547
d21MaternalDiet_scRNAseq,d21,scRNA-seq,GDT,GDT,234,Ptpn6,2.70584443482586,0.733,0.314,0.419,3.80215939576056e-12,1.1337488181920354
d21MaternalDiet_scRNAseq,d21,scRNA-seq,GDT,GDT,235,Ly86,2.24397347505245,0.533,0.029,0.504,3.00049388984505e-77,1.1309626314264347
d21MaternalDiet_scRNAseq,d21,scRNA-seq,GDT,GDT,236,Trac,2.76066713489574,0.533,0.129,0.404,7.88010636240203e-16,1.115309522497879
d21MaternalDiet_scRNAseq,d21,scRNA-seq,GDT,GDT,237,Cd83,2.85642197002945,0.517,0.127,0.39,1.23037573963084e-11,1.1140045683114856
d21MaternalDiet_scRNAseq,d21,scRNA-seq,GDT,GDT,238,Cd2,2.38988335999098,0.5,0.041,0.459,1.22452684419669e-48,1.0969564622358599
d21MaternalDiet_scRNAseq,d21,scRNA-seq,GDT,GDT,239,Ighd,2.27485187088014,0.483,0.006,0.477,1.65145429117324e-206,1.0851043424098268
d21MaternalDiet_scRNAseq,d21,scRNA-seq,GDT,GDT,240,Miat,2.7730645386563,0.417,0.027,0.38999999999999996,1.14684070845052e-36,1.081495170075957
d21MaternalDiet_scRNAseq,d21,scRNA-seq,GDT,GDT,241,Rgs2,2.62492006968745,0.633,0.226,0.40700000000000003,3.0431482670912e-10,1.0683424683627922
d21MaternalDiet_scRNAseq,d21,scRNA-seq,GDT,GDT,242,Vav1,2.84813067682148,0.583,0.208,0.375,1.2910476095862e-7,1.068049003808055
d21MaternalDiet_scRNAseq,d21,scRNA-seq,GDT,GDT,243,Gm2a,2.83813652051597,0.633,0.26,0.373,0.00000224271037679988,1.0586249221524568
d21MaternalDiet_scRNAseq,d21,scRNA-seq,GDT,GDT,244,Trib2,2.86878543831055,0.55,0.192,0.35800000000000004,4.81134634541054e-12,1.027025186915177
d21MaternalDiet_scRNAseq,d21,scRNA-seq,GDT,GDT,245,Tnfrsf13b,2.47118660097916,0.433,0.023,0.41,1.36742056969485e-39,1.0131865064014556
d21MaternalDiet_scRNAseq,d21,scRNA-seq,GDT,GDT,246,Tuba1a,2.2620800972969,0.767,0.32,0.447,7.53656191080769e-16,1.0111498034917143
d21MaternalDiet_scRNAseq,d21,scRNA-seq,GDT,GDT,247,Hist1h3f,2.78037835411479,0.583,0.22,0.363,2.01550342443004e-10,1.0092773425436687
d21MaternalDiet_scRNAseq,d21,scRNA-seq,GDT,GDT,248,Capn3,2.48722763548812,0.467,0.063,0.404,3.80320560211232e-23,1.0048399647372006
d21MaternalDiet_scRNAseq,d21,scRNA-seq,GDT,GDT,249,Bst1,2.65097948964339,0.4,0.021,0.379,1.67352498887563e-62,1.0047212265748446
d21MaternalDiet_scRNAseq,d21,scRNA-seq,GDT,GDT,250,Ms4a4b,2.11393802301481,0.617,0.142,0.475,1.88671011447905e-23,1.0041205609320347
d21MaternalDiet_scRNAseq,d21,scRNA-seq,GDT,GDT,251,Ikzf2,3.02783103077148,0.6,0.273,0.32699999999999996,0.00000444353284684377,0.9901007470622738
d21MaternalDiet_scRNAseq,d21,scRNA-seq,GDT,GDT,252,Arid3a,2.89579793451148,0.55,0.209,0.3410000000000001,6.66000062312591e-10,0.987467095668415
d21MaternalDiet_scRNAseq,d21,scRNA-seq,GDT,GDT,253,Cd40,2.15032088195712,0.483,0.026,0.45699999999999996,2.64243492355812e-75,0.9826966430544037
d21MaternalDiet_scRNAseq,d21,scRNA-seq,GDT,GDT,254,Plxdc2,2.08678034037035,0.483,0.013,0.47,1.57194430790608e-121,0.9807867599740645
d21MaternalDiet_scRNAseq,d21,scRNA-seq,GDT,GDT,255,Ms4a1,2.16065037556177,0.483,0.036,0.447,1.34164824421391e-61,0.9658107178761113
d21MaternalDiet_scRNAseq,d21,scRNA-seq,GDT,GDT,256,Loxl2,2.48819986584786,0.483,0.097,0.386,2.04160148704642e-16,0.9604451482172739
d21MaternalDiet_scRNAseq,d21,scRNA-seq,GDT,GDT,257,Pimreg,2.38392405172261,0.55,0.15,0.4,3.99345004226192e-15,0.953569620689044
d21MaternalDiet_scRNAseq,d21,scRNA-seq,GDT,GDT,258,Ms4a4c,3.05915106827243,0.317,0.019,0.298,6.80544947430515e-13,0.9116270183451841
d21MaternalDiet_scRNAseq,d21,scRNA-seq,GDT,GDT,259,Pdlim2,2.07481021353484,0.617,0.185,0.432,1.6890766107078e-13,0.8963180122470508
d21MaternalDiet_scRNAseq,d21,scRNA-seq,GDT,GDT,260,Pik3cg,2.22526733720229,0.6,0.2,0.39999999999999997,8.90452607609094e-13,0.890106934880916
d21MaternalDiet_scRNAseq,d21,scRNA-seq,GDT,GDT,261,Psmb8,2.86508305185328,0.983,0.675,0.30799999999999994,1.28836849682199e-27,0.8824455799708101
d21MaternalDiet_scRNAseq,d21,scRNA-seq,GDT,GDT,262,Gbp7,2.36756952123569,0.65,0.287,0.36300000000000004,1.52555214154781e-8,0.8594277362085556
d21MaternalDiet_scRNAseq,d21,scRNA-seq,GDT,GDT,263,Itpr2,2.17676811928409,0.7,0.308,0.39199999999999996,1.7258897595865e-8,0.8532931027593633
d21MaternalDiet_scRNAseq,d21,scRNA-seq,GDT,GDT,264,Ccr1,1.84871560544835,0.5,0.041,0.459,1.09269772303662e-57,0.8485604629007927
d21MaternalDiet_scRNAseq,d21,scRNA-seq,GDT,GDT,265,Hist1h2af,2.10408769414916,0.55,0.147,0.403,2.22391155268302e-13,0.8479473407421116
d21MaternalDiet_scRNAseq,d21,scRNA-seq,GDT,GDT,266,Rel,2.6837007987719,0.617,0.306,0.311,3.0721539989862e-7,0.834630948418061
d21MaternalDiet_scRNAseq,d21,scRNA-seq,GDT,GDT,267,Lck,2.46853566233017,0.55,0.219,0.33100000000000007,1.05950932464316e-7,0.8170853042312864
d21MaternalDiet_scRNAseq,d21,scRNA-seq,GDT,GDT,268,Hist1h2bm,2.43471849934117,0.583,0.249,0.33399999999999996,2.00582518953727e-8,0.8131959787799506
d21MaternalDiet_scRNAseq,d21,scRNA-seq,GDT,GDT,269,Gzmc,1.95870501119301,0.5,0.092,0.40800000000000003,1.90475952902711e-28,0.7991516445667481
d21MaternalDiet_scRNAseq,d21,scRNA-seq,GDT,GDT,270,Cdkn2d,2.35563084459929,0.667,0.33,0.337,4.54675084160456e-8,0.7938475946299608
d21MaternalDiet_scRNAseq,d21,scRNA-seq,GDT,GDT,271,Nkg7,1.98931874582483,0.583,0.187,0.39599999999999996,5.97060113616057e-10,0.7877702233466326
d21MaternalDiet_scRNAseq,d21,scRNA-seq,GDT,GDT,272,Cd34,1.89254593291991,0.5,0.084,0.416,1.88150415807465e-26,0.7872991080946825
d21MaternalDiet_scRNAseq,d21,scRNA-seq,GDT,GDT,273,Atp1a3,2.03262748145319,0.383,0.006,0.377,2.73572182121528e-57,0.7663005605078526
d21MaternalDiet_scRNAseq,d21,scRNA-seq,GDT,GDT,274,Hist1h3b,2.16143660113263,0.533,0.183,0.35000000000000003,4.41415435265946e-11,0.7565028103964205
d21MaternalDiet_scRNAseq,d21,scRNA-seq,GDT,GDT,275,Dapl1,2.1253090564439,0.35,0.015,0.33499999999999996,2.76574082203191e-47,0.7119785339087064
d21MaternalDiet_scRNAseq,d21,scRNA-seq,GDT,GDT,276,Pcsk1,2.3665265185734,0.533,0.238,0.29500000000000004,0.00503892706520477,0.6981253229791531
d21MaternalDiet_scRNAseq,d21,scRNA-seq,GDT,GDT,277,Ccl24,1.48742342594086,0.483,0.016,0.46699999999999997,7.49748609702476e-129,0.6946267399143816
d21MaternalDiet_scRNAseq,d21,scRNA-seq,GDT,GDT,278,Crybb1,1.57385209702879,0.483,0.049,0.434,4.73472456081154e-50,0.6830518101104949
d21MaternalDiet_scRNAseq,d21,scRNA-seq,GDT,GDT,279,Klre1,1.48999082837514,0.483,0.026,0.45699999999999996,3.04744745987303e-78,0.6809258085674389
d21MaternalDiet_scRNAseq,d21,scRNA-seq,GDT,GDT,280,Plcb2,1.47894864757896,0.517,0.062,0.455,7.9686509144941e-34,0.6729216346484268
d21MaternalDiet_scRNAseq,d21,scRNA-seq,GDT,GDT,281,B4galnt1,2.30107637262355,0.667,0.392,0.275,0.0000081945609556558,0.6327960024714763
d21MaternalDiet_scRNAseq,d21,scRNA-seq,GDT,GDT,282,Cd244a,1.45176072309398,0.5,0.066,0.434,3.03654796307749e-32,0.6300641538227874
d21MaternalDiet_scRNAseq,d21,scRNA-seq,GDT,GDT,283,Edn1,1.82409754009116,0.5,0.16,0.33999999999999997,6.12077192197461e-9,0.6201931636309944
d21MaternalDiet_scRNAseq,d21,scRNA-seq,GDT,GDT,284,Map4k4,2.03779505642918,0.683,0.38,0.30300000000000005,0.00000791102928375385,0.6174519020980417
d21MaternalDiet_scRNAseq,d21,scRNA-seq,GDT,GDT,285,Cotl1,2.82722041222029,0.883,0.667,0.21599999999999997,4.89636440766131e-20,0.6106796090395825
d21MaternalDiet_scRNAseq,d21,scRNA-seq,GDT,GDT,286,Klra9,1.51115035291415,0.417,0.015,0.40199999999999997,8.00522537921988e-47,0.6074824418714883
d21MaternalDiet_scRNAseq,d21,scRNA-seq,GDT,GDT,287,Lair1,1.26034323642623,0.517,0.04,0.47700000000000004,2.24095268793534e-57,0.6011837237753117
d21MaternalDiet_scRNAseq,d21,scRNA-seq,GDT,GDT,288,Phf11d,1.57780105600744,0.5,0.125,0.375,6.16130998348372e-15,0.5916753960027901
d21MaternalDiet_scRNAseq,d21,scRNA-seq,GDT,GDT,289,Ptgs1,1.55160862339839,0.483,0.105,0.378,8.26862104438498e-19,0.5865080596445914
d21MaternalDiet_scRNAseq,d21,scRNA-seq,GDT,GDT,290,Fcgr3,1.33476945334799,0.483,0.046,0.437,1.74619980616222e-40,0.5832942511130715
d21MaternalDiet_scRNAseq,d21,scRNA-seq,GDT,GDT,291,Hist1h3e,1.75828561764053,0.567,0.242,0.32499999999999996,0.0000379271966456246,0.5714428257331722
d21MaternalDiet_scRNAseq,d21,scRNA-seq,GDT,GDT,292,Klrb1a,1.98067646687188,0.317,0.031,0.28600000000000003,0.00099023559121285,0.5664734695253577
d21MaternalDiet_scRNAseq,d21,scRNA-seq,GDT,GDT,293,Hspa1a,2.04488172361862,0.533,0.257,0.276,3.96832391738999e-7,0.5643873557187391
d21MaternalDiet_scRNAseq,d21,scRNA-seq,GDT,GDT,294,Hist1h2ab,1.72119033058287,0.583,0.26,0.32299999999999995,0.0000134029645291384,0.555944476778267
d21MaternalDiet_scRNAseq,d21,scRNA-seq,GDT,GDT,295,Xcl1,1.48140268101389,0.533,0.161,0.372,3.08997584966966e-14,0.5510817973371671
d21MaternalDiet_scRNAseq,d21,scRNA-seq,GDT,GDT,296,Mxd3,1.63988381851132,0.567,0.232,0.33499999999999996,1.28361380904582e-7,0.5493610792012922
d21MaternalDiet_scRNAseq,d21,scRNA-seq,GDT,GDT,297,Mgll,1.74824847317618,0.5,0.186,0.314,1.63257298017825e-8,0.5489500205773206
d21MaternalDiet_scRNAseq,d21,scRNA-seq,GDT,GDT,298,Il4i1,1.41244879938017,0.483,0.1,0.383,1.88974108490716e-16,0.5409678901626052
d21MaternalDiet_scRNAseq,d21,scRNA-seq,GDT,GDT,299,Ms4a6c,1.43475806642851,0.483,0.107,0.376,7.90402880996208e-16,0.5394690329771198
d21MaternalDiet_scRNAseq,d21,scRNA-seq,GDT,GDT,300,Junb,2.57725216167699,0.833,0.628,0.20499999999999996,0.00000101861380824179,0.5283366931437828
d21MaternalDiet_scRNAseq,d21,scRNA-seq,GDT,GDT,301,Fcer1g,1.74340794425171,0.55,0.257,0.29300000000000004,3.39374995406094e-7,0.5108185276657511
d21MaternalDiet_scRNAseq,d21,scRNA-seq,GDT,GDT,302,Usp18,1.55560193511398,0.5,0.174,0.326,0.0000150130572058124,0.5071262308471575
d21MaternalDiet_scRNAseq,d21,scRNA-seq,GDT,GDT,303,Lilrb4a,1.13915441008909,0.483,0.046,0.437,6.40254197891332e-48,0.49781047720893234
d21MaternalDiet_scRNAseq,d21,scRNA-seq,GDT,GDT,304,Tubb3,1.24735465132073,0.433,0.035,0.398,2.48186688991798e-45,0.4964471512256506
d21MaternalDiet_scRNAseq,d21,scRNA-seq,GDT,GDT,305,Lockd,2.10983778739039,0.667,0.435,0.23200000000000004,0.0165233931889245,0.48948236667457057
d21MaternalDiet_scRNAseq,d21,scRNA-seq,GDT,GDT,306,Ctla2b,1.16384587724152,0.467,0.051,0.41600000000000004,3.61358347812644e-34,0.4841598849324724
d21MaternalDiet_scRNAseq,d21,scRNA-seq,GDT,GDT,307,AW112010,2.49642623799987,0.917,0.728,0.18900000000000006,1.8766301005964e-19,0.47182455898197556
d21MaternalDiet_scRNAseq,d21,scRNA-seq,GDT,GDT,308,Gbp2,1.68243586791419,0.6,0.323,0.27699999999999997,0.00000522421096072463,0.46603473541223056
d21MaternalDiet_scRNAseq,d21,scRNA-seq,GDT,GDT,309,Gm2682,1.07297254815869,0.433,0.021,0.412,2.54772298724141e-54,0.44206468984138025
d21MaternalDiet_scRNAseq,d21,scRNA-seq,GDT,GDT,310,Nin,1.90683051828808,0.483,0.253,0.22999999999999998,0.0315839991103061,0.43857101920625835
d21MaternalDiet_scRNAseq,d21,scRNA-seq,GDT,GDT,311,Tnfrsf13c,1.29217729894949,0.35,0.014,0.33599999999999997,4.58288773621243e-20,0.4341715724470286
d21MaternalDiet_scRNAseq,d21,scRNA-seq,GDT,GDT,312,Parp14,1.52514435950618,0.633,0.353,0.28,0.00233751359157011,0.4270404206617304
d21MaternalDiet_scRNAseq,d21,scRNA-seq,GDT,GDT,313,Socs3,1.81915645914012,0.55,0.322,0.22800000000000004,0.000156172784768099,0.41476767268394743
d21MaternalDiet_scRNAseq,d21,scRNA-seq,GDT,GDT,314,Dock11,1.24866778507767,0.6,0.282,0.318,0.000075815049290971,0.39707635565469906
d21MaternalDiet_scRNAseq,d21,scRNA-seq,GDT,GDT,315,Ccr9,0.931075527916431,0.517,0.096,0.42100000000000004,1.96786287792664e-23,0.3919827972528175
d21MaternalDiet_scRNAseq,d21,scRNA-seq,GDT,GDT,316,Hbegf,1.11205963984144,0.567,0.215,0.352,0.00000183415903409661,0.39144499322418685
d21MaternalDiet_scRNAseq,d21,scRNA-seq,GDT,GDT,317,Ccnf,1.29298748684843,0.55,0.274,0.276,0.000276486112798947,0.3568645463701667
d21MaternalDiet_scRNAseq,d21,scRNA-seq,GDT,GDT,318,Tnfaip2,0.987658578646904,0.383,0.026,0.357,6.6028944863534e-42,0.35259411257694473
d21MaternalDiet_scRNAseq,d21,scRNA-seq,GDT,GDT,319,Sema7a,0.856627936063897,0.483,0.075,0.408,1.46093993132478e-22,0.34950419791406995
d21MaternalDiet_scRNAseq,d21,scRNA-seq,GDT,GDT,320,Ifngr1,1.9179000877385,0.883,0.713,0.17000000000000004,8.03646162366269e-12,0.32604301491554505
d21MaternalDiet_scRNAseq,d21,scRNA-seq,GDT,GDT,321,Cd8b1,0.755468284921495,0.483,0.06,0.423,2.94216262890277e-34,0.3195630845217924
d21MaternalDiet_scRNAseq,d21,scRNA-seq,GDT,GDT,322,Cxcl10,0.922057118400507,0.517,0.18,0.337,5.95107838207872e-11,0.31073324890097087
d21MaternalDiet_scRNAseq,d21,scRNA-seq,GDT,GDT,323,Atp2b1,1.97514763400345,0.933,0.776,0.15700000000000003,3.31104424295092e-9,0.3100981785385417
d21MaternalDiet_scRNAseq,d21,scRNA-seq,GDT,GDT,324,Fam111a,1.63479003654659,0.667,0.48,0.18700000000000006,0.0382442812490872,0.3057057368342124
d21MaternalDiet_scRNAseq,d21,scRNA-seq,GDT,GDT,325,Plcg2,1.06464651923957,0.517,0.234,0.28300000000000003,0.00000938467750572839,0.30129496494479835
d21MaternalDiet_scRNAseq,d21,scRNA-seq,GDT,GDT,326,Gpm6b,0.871397731606424,0.383,0.074,0.309,2.27195521033896e-11,0.269261899066385
d21MaternalDiet_scRNAseq,d21,scRNA-seq,GDT,GDT,327,Avil,0.854758837480561,0.517,0.225,0.29200000000000004,1.06198782046438e-7,0.24958958054432384
d21MaternalDiet_scRNAseq,d21,scRNA-seq,GDT,GDT,328,Kif14,0.70184345336261,0.517,0.174,0.343,1.68302699916545e-7,0.24073230450337524
d21MaternalDiet_scRNAseq,d21,scRNA-seq,GDT,GDT,329,Ighm,0.606080179645362,0.5,0.103,0.397,1.1939242367295e-17,0.24061383131920872
d21MaternalDiet_scRNAseq,d21,scRNA-seq,GDT,GDT,330,Ptafr,0.681683385688501,0.383,0.033,0.35,3.80406496646695e-38,0.2385891849909753
d21MaternalDiet_scRNAseq,d21,scRNA-seq,GDT,GDT,331,Selenop,0.919693500668697,0.75,0.501,0.249,9.35988171221898e-7,0.22900368166650556
d21MaternalDiet_scRNAseq,d21,scRNA-seq,GDT,GDT,332,Reg3b,0.613085867535549,0.433,0.089,0.344,4.03823576746583e-16,0.2109015384322288
d21MaternalDiet_scRNAseq,d21,scRNA-seq,GDT,GDT,333,Isg15,0.838965833726022,0.6,0.362,0.238,0.00160151813451058,0.19967386842679322
d21MaternalDiet_scRNAseq,d21,scRNA-seq,GDT,GDT,334,Pla2g4c,0.632506667423384,0.467,0.153,0.31400000000000006,5.8653396646736e-8,0.1986070935709426
d21MaternalDiet_scRNAseq,d21,scRNA-seq,GDT,GDT,335,Hist1h2ak,0.713587026814299,0.533,0.255,0.278,0.000647560393041674,0.19837719345437513
d21MaternalDiet_scRNAseq,d21,scRNA-seq,GDT,GDT,336,Olfml3,0.653168694460386,0.4,0.097,0.30300000000000005,1.30411784917673e-8,0.19791011442149697
d21MaternalDiet_scRNAseq,d21,scRNA-seq,GDT,GDT,337,Rhoc,0.518626598218185,0.65,0.276,0.374,0.00000236220358859711,0.1939663477336012
d21MaternalDiet_scRNAseq,d21,scRNA-seq,GDT,GDT,338,Plek,0.599778903582579,0.45,0.141,0.30900000000000005,0.000102961592298114,0.18533168120701696
d21MaternalDiet_scRNAseq,d21,scRNA-seq,GDT,GDT,339,Cldn10,0.600031963846404,0.45,0.145,0.30500000000000005,0.00000292410595339486,0.18300974897315325
d21MaternalDiet_scRNAseq,d21,scRNA-seq,GDT,GDT,340,Aspm,0.743716765630519,0.567,0.321,0.24599999999999994,0.0209211734973844,0.18295432434510764
d21MaternalDiet_scRNAseq,d21,scRNA-seq,GDT,GDT,341,Cxcl1,0.702258968680947,0.383,0.134,0.249,0.00345434709349303,0.17486248320155579
d21MaternalDiet_scRNAseq,d21,scRNA-seq,GDT,GDT,342,Lbp,0.600970557320682,0.5,0.216,0.28400000000000003,0.000189846708501264,0.17067563827907373
d21MaternalDiet_scRNAseq,d21,scRNA-seq,GDT,GDT,343,Klf2,0.537112777933905,0.5,0.185,0.315,0.0000018024498183679,0.16919052504918008
d21MaternalDiet_scRNAseq,d21,scRNA-seq,GDT,GDT,344,Gm42047,0.611044663855062,0.483,0.212,0.271,0.00527831307673528,0.1655931039047218
d21MaternalDiet_scRNAseq,d21,scRNA-seq,GDT,GDT,345,Klra1,0.399224867141492,0.45,0.051,0.399,5.17264205623088e-28,0.15929072198945532
d21MaternalDiet_scRNAseq,d21,scRNA-seq,GDT,GDT,346,Ccl4,0.358360107260363,0.483,0.05,0.433,4.12668855029761e-40,0.15516992644373717
d21MaternalDiet_scRNAseq,d21,scRNA-seq,GDT,GDT,347,Mep1b,0.429960162833731,0.5,0.143,0.357,2.86084598138772e-10,0.15349577813164197
d21MaternalDiet_scRNAseq,d21,scRNA-seq,GDT,GDT,348,Hhex,0.487775962532301,0.483,0.194,0.289,0.00000200774488274709,0.14096725317183498
d21MaternalDiet_scRNAseq,d21,scRNA-seq,GDT,GDT,349,Cd300c2,0.250774038285751,0.5,0.032,0.46799999999999997,1.97418540552683e-54,0.11736224991773146
d21MaternalDiet_scRNAseq,d21,scRNA-seq,GDT,GDT,350,Nrep,0.380644260466818,0.5,0.204,0.29600000000000004,0.00000707718516306756,0.11267070109817814
d21MaternalDiet_scRNAseq,d21,scRNA-seq,GDT,GDT,351,Gbp3,0.436380199053907,0.517,0.268,0.249,0.026106391780812,0.10865866956442284
d21MaternalDiet_scRNAseq,d21,scRNA-seq,GDT,GDT,352,Parpbp,0.313351355618527,0.5,0.192,0.308,0.000031920309370765,0.09651221753050632
d21MaternalDiet_scRNAseq,d21,scRNA-seq,Goblet,Goblet,1,Plet1,3.59325084407869,0.69,0.289,0.40099999999999997,1.39168043906444e-233,1.4408935884755545
d21MaternalDiet_scRNAseq,d21,scRNA-seq,Goblet,Goblet,2,Mt3,2.98705268895025,0.811,0.42,0.39100000000000007,3.10157413274722e-280,1.167937601379548
d21MaternalDiet_scRNAseq,d21,scRNA-seq,Goblet,Goblet,3,B3gnt6,3.71305732532845,0.525,0.221,0.30400000000000005,1.63932392453222e-148,1.128769426899849
d21MaternalDiet_scRNAseq,d21,scRNA-seq,Goblet,Goblet,4,Cmah,3.50750547454966,0.565,0.256,0.30899999999999994,1.10047694822432e-139,1.0838191916358448
d21MaternalDiet_scRNAseq,d21,scRNA-seq,Goblet,Goblet,5,Rian,3.47562927529547,0.543,0.273,0.27,1.38031428357746e-115,0.938419904329777
d21MaternalDiet_scRNAseq,d21,scRNA-seq,Goblet,Goblet,6,B830012L14Rik,3.61490622406517,0.366,0.115,0.251,8.78473189904716e-105,0.9073414622403576
d21MaternalDiet_scRNAseq,d21,scRNA-seq,Goblet,Goblet,7,Mirg,3.30602007161324,0.333,0.076,0.257,1.59462251486453e-125,0.8496471584046027
d21MaternalDiet_scRNAseq,d21,scRNA-seq,Goblet,Goblet,8,Col8a1,2.97790715800226,0.472,0.189,0.283,9.12521828859823e-73,0.8427477257146394
d21MaternalDiet_scRNAseq,d21,scRNA-seq,Goblet,Goblet,9,Kcnk6,2.19124905996444,0.778,0.412,0.36600000000000005,9.53907815799461e-208,0.8019971559469852
d21MaternalDiet_scRNAseq,d21,scRNA-seq,Goblet,Goblet,10,Tpd52l1,2.22703157605796,0.748,0.39,0.358,9.37255900903063e-194,0.7972773042287498
d21MaternalDiet_scRNAseq,d21,scRNA-seq,Goblet,Goblet,11,Meg3,3.42743597924246,0.58,0.353,0.22699999999999998,7.55891833979143e-90,0.7780279672880384
d21MaternalDiet_scRNAseq,d21,scRNA-seq,Goblet,Goblet,12,Casc4,2.48104705671805,0.67,0.358,0.31200000000000006,3.43648320274867e-152,0.7740866816960318
d21MaternalDiet_scRNAseq,d21,scRNA-seq,Goblet,Goblet,13,Pck1,1.96025675990694,0.713,0.319,0.39399999999999996,1.28284381910476e-157,0.7723411634033343
d21MaternalDiet_scRNAseq,d21,scRNA-seq,Goblet,Goblet,14,Copz2,2.24054246852827,0.759,0.427,0.332,1.28078923334773e-181,0.7438600995513857
d21MaternalDiet_scRNAseq,d21,scRNA-seq,Goblet,Goblet,15,Etv5,2.30025006815504,0.614,0.293,0.321,1.08219576841177e-121,0.7383802718777679
d21MaternalDiet_scRNAseq,d21,scRNA-seq,Goblet,Goblet,16,Rbp4,2.08385095631738,0.815,0.472,0.34299999999999997,7.95309380512422e-206,0.7147608780168613
d21MaternalDiet_scRNAseq,d21,scRNA-seq,Goblet,Goblet,17,Ccl9,2.22016766517257,0.699,0.378,0.32099999999999995,6.07217851125757e-149,0.7126738205203949
d21MaternalDiet_scRNAseq,d21,scRNA-seq,Goblet,Goblet,18,Rnase4,1.89017183993356,0.853,0.487,0.366,3.00279682914978e-211,0.691802893415683
d21MaternalDiet_scRNAseq,d21,scRNA-seq,Goblet,Goblet,19,Rgs17,2.56028978732128,0.457,0.194,0.263,2.39879879808207e-71,0.6733562140654967
d21MaternalDiet_scRNAseq,d21,scRNA-seq,Goblet,Goblet,20,Retnlb,2.52052508465256,0.887,0.631,0.256,1.71617251404282e-184,0.6452544216710554
d21MaternalDiet_scRNAseq,d21,scRNA-seq,Goblet,Goblet,21,Tpsg1,1.72134936806883,0.937,0.566,0.3710000000000001,9.26085275863679e-261,0.6386206155535361
d21MaternalDiet_scRNAseq,d21,scRNA-seq,Goblet,Goblet,22,Fam3b,1.86097487191586,0.809,0.479,0.33000000000000007,2.13516030974967e-179,0.614121707732234
d21MaternalDiet_scRNAseq,d21,scRNA-seq,Goblet,Goblet,23,Nupr1,2.56244193726831,0.993,0.755,0.238,0,0.6098611810698578
d21MaternalDiet_scRNAseq,d21,scRNA-seq,Goblet,Goblet,24,Spdef,1.80708045169477,0.95,0.616,0.33399999999999996,2.57778920231127e-279,0.6035648708660531
d21MaternalDiet_scRNAseq,d21,scRNA-seq,Goblet,Goblet,25,Muc4,2.05328663351566,0.97,0.678,0.2919999999999999,0,0.5995596969865725
d21MaternalDiet_scRNAseq,d21,scRNA-seq,Goblet,Goblet,26,Cmtm8,1.57623637449481,0.839,0.483,0.356,2.39176027185672e-172,0.5611401493201523
d21MaternalDiet_scRNAseq,d21,scRNA-seq,Goblet,Goblet,27,Galnt6,1.57821519735026,0.82,0.467,0.3529999999999999,8.10786555235094e-172,0.5571099646646417
d21MaternalDiet_scRNAseq,d21,scRNA-seq,Goblet,Goblet,28,Kdelr3,1.75219571512952,0.866,0.566,0.30000000000000004,8.04552496088192e-205,0.525658714538856
d21MaternalDiet_scRNAseq,d21,scRNA-seq,Goblet,Goblet,29,Bace2,1.63344030567591,0.827,0.512,0.31499999999999995,1.71702249444581e-162,0.5145336962879116
d21MaternalDiet_scRNAseq,d21,scRNA-seq,Goblet,Goblet,30,Syt7,1.45389555482521,0.85,0.516,0.33399999999999996,4.97903478841361e-170,0.4856011153116201
d21MaternalDiet_scRNAseq,d21,scRNA-seq,Goblet,Goblet,31,Ccn3,2.40148640681978,0.688,0.489,0.19899999999999995,1.95004738701448e-101,0.4778957949571361
d21MaternalDiet_scRNAseq,d21,scRNA-seq,Goblet,Goblet,32,Ffar4,1.67699737030688,0.76,0.483,0.277,4.30681162383276e-116,0.46452827157500576
d21MaternalDiet_scRNAseq,d21,scRNA-seq,Goblet,Goblet,33,Gm45159,2.11664941830983,0.418,0.199,0.21899999999999997,6.37047142699411e-58,0.46354622260985273
d21MaternalDiet_scRNAseq,d21,scRNA-seq,Goblet,Goblet,34,Cgref1,1.97739771143472,0.949,0.721,0.22799999999999998,0,0.45084667820711616
d21MaternalDiet_scRNAseq,d21,scRNA-seq,Goblet,Goblet,35,Pde2a,1.51245680861634,0.842,0.544,0.29799999999999993,1.74461505001231e-159,0.4507121289676692
d21MaternalDiet_scRNAseq,d21,scRNA-seq,Goblet,Goblet,36,Qsox1,1.43476587096981,0.969,0.655,0.31399999999999995,1.93649773333159e-236,0.4505164834845202
d21MaternalDiet_scRNAseq,d21,scRNA-seq,Goblet,Goblet,37,Slc12a8,1.61792049299781,0.92,0.651,0.269,4.287057133439e-247,0.4352206126164109
d21MaternalDiet_scRNAseq,d21,scRNA-seq,Goblet,Goblet,38,Cyp2d12,2.89516791548674,0.266,0.116,0.15000000000000002,6.94275669034387e-41,0.43427518732301107
d21MaternalDiet_scRNAseq,d21,scRNA-seq,Goblet,Goblet,39,Ffar2,1.43548855640461,0.905,0.612,0.29300000000000004,1.13095065434131e-188,0.4205981470265508
d21MaternalDiet_scRNAseq,d21,scRNA-seq,Goblet,Goblet,40,Gcnt3,1.50273763704812,0.713,0.436,0.27699999999999997,3.55482219490468e-80,0.4162583254623292
d21MaternalDiet_scRNAseq,d21,scRNA-seq,Goblet,Goblet,41,5330417C22Rik,1.45423843043427,0.955,0.669,0.2859999999999999,2.85142328088815e-230,0.4159121911042011
d21MaternalDiet_scRNAseq,d21,scRNA-seq,Goblet,Goblet,42,Hgfac,1.33746006954036,0.906,0.596,0.31000000000000005,4.79543221655284e-170,0.41461262155751166
d21MaternalDiet_scRNAseq,d21,scRNA-seq,Goblet,Goblet,43,Fut2,1.58002177120225,0.955,0.697,0.258,3.95898443051715e-253,0.4076456169701805
d21MaternalDiet_scRNAseq,d21,scRNA-seq,Goblet,Goblet,44,Rap1gap,1.31393897631341,0.857,0.551,0.30599999999999994,1.218211307633e-145,0.4020653267519034
d21MaternalDiet_scRNAseq,d21,scRNA-seq,Goblet,Goblet,45,Hoxaas3,1.37291211448402,0.855,0.588,0.267,3.87488808256465e-149,0.36656753456723334
d21MaternalDiet_scRNAseq,d21,scRNA-seq,Goblet,Goblet,46,Hpd,1.1641215443741,0.879,0.565,0.31400000000000006,7.41753843270183e-139,0.36553416493346746
d21MaternalDiet_scRNAseq,d21,scRNA-seq,Goblet,Goblet,47,Dlk1,2.18492251908787,0.497,0.332,0.16499999999999998,4.74232854322051e-42,0.3605122156494985
d21MaternalDiet_scRNAseq,d21,scRNA-seq,Goblet,Goblet,48,Sytl2,1.29037418570375,0.82,0.544,0.2759999999999999,1.50465610209618e-99,0.3561432752542349
d21MaternalDiet_scRNAseq,d21,scRNA-seq,Goblet,Goblet,49,Gm1123,1.11520914236045,0.891,0.586,0.30500000000000005,5.26665016171916e-128,0.3401387884199373
d21MaternalDiet_scRNAseq,d21,scRNA-seq,Goblet,Goblet,50,Bcas1,1.24671570590774,0.779,0.509,0.27,7.45899341292245e-79,0.33661324059508985
d21MaternalDiet_scRNAseq,d21,scRNA-seq,Goblet,Goblet,51,Muc1,2.11598380167031,0.515,0.357,0.15800000000000003,7.13259529139077e-34,0.33432544066390907
d21MaternalDiet_scRNAseq,d21,scRNA-seq,Goblet,Goblet,52,Ecscr,1.54946273979032,0.728,0.519,0.20899999999999996,1.57784529314932e-95,0.32383771261617683
d21MaternalDiet_scRNAseq,d21,scRNA-seq,Goblet,Goblet,53,Prnp,1.31078675599569,0.575,0.333,0.24199999999999994,2.96437061859977e-71,0.31721039495095693
d21MaternalDiet_scRNAseq,d21,scRNA-seq,Goblet,Goblet,54,Muc3a,1.37705879167132,0.628,0.406,0.22199999999999998,1.44038749139157e-68,0.305707051751033
d21MaternalDiet_scRNAseq,d21,scRNA-seq,Goblet,Goblet,55,B3galt2,1.30218600585659,0.637,0.407,0.23000000000000004,2.98363307599689e-72,0.29950278134701575
d21MaternalDiet_scRNAseq,d21,scRNA-seq,Goblet,Goblet,56,Tesc,1.51265295566349,0.421,0.225,0.19599999999999998,3.33507898979213e-59,0.296479979310044
d21MaternalDiet_scRNAseq,d21,scRNA-seq,Goblet,Goblet,57,B3galt5,1.53614479966622,0.968,0.778,0.18999999999999995,1.0928108306669e-273,0.2918675119365817
d21MaternalDiet_scRNAseq,d21,scRNA-seq,Goblet,Goblet,58,Fkbp11,1.8016266277933,0.945,0.784,0.16099999999999992,7.32354516875688e-278,0.29006188707472114
d21MaternalDiet_scRNAseq,d21,scRNA-seq,Goblet,Goblet,59,C2cd4b,1.42473511295287,0.693,0.493,0.19999999999999996,3.11734011996319e-65,0.2849470225905739
d21MaternalDiet_scRNAseq,d21,scRNA-seq,Goblet,Goblet,60,Gde1,1.01138771468107,0.802,0.522,0.28,2.3322545267074e-90,0.2831885601106996
d21MaternalDiet_scRNAseq,d21,scRNA-seq,Goblet,Goblet,61,Ppic,1.56695380156423,0.557,0.378,0.17900000000000005,8.61095014513122e-54,0.2804847304799972
d21MaternalDiet_scRNAseq,d21,scRNA-seq,Goblet,Goblet,62,Atp2c2,1.11501613161579,0.965,0.714,0.251,1.72832273285018e-169,0.2798690490355633
d21MaternalDiet_scRNAseq,d21,scRNA-seq,Goblet,Goblet,63,Galnt3,1.43325997684161,0.931,0.738,0.19300000000000006,1.16779008318474e-213,0.27661917553043086
d21MaternalDiet_scRNAseq,d21,scRNA-seq,Goblet,Goblet,64,Cdx2,1.10545239025461,0.764,0.517,0.247,3.31794647117642e-86,0.2730467403928887
d21MaternalDiet_scRNAseq,d21,scRNA-seq,Goblet,Goblet,65,Rep15,1.0072521810913,0.868,0.599,0.269,4.44333306553852e-91,0.27095083671355974
d21MaternalDiet_scRNAseq,d21,scRNA-seq,Goblet,Goblet,66,Mia3,1.44495432276872,0.983,0.801,0.18199999999999994,3.77440170175811e-264,0.262981686743907
d21MaternalDiet_scRNAseq,d21,scRNA-seq,Goblet,Goblet,67,Ifi44,1.58057008947463,0.362,0.196,0.16599999999999998,1.24295649395089e-33,0.26237463485278856
d21MaternalDiet_scRNAseq,d21,scRNA-seq,Goblet,Goblet,68,Ms4a7,1.15228364346241,0.356,0.129,0.22699999999999998,7.32633055825062e-89,0.261568387065967
d21MaternalDiet_scRNAseq,d21,scRNA-seq,Goblet,Goblet,69,B4galnt1,1.14201988637735,0.596,0.374,0.22199999999999998,4.04747629117905e-65,0.2535284147757717
d21MaternalDiet_scRNAseq,d21,scRNA-seq,Goblet,Goblet,70,Dnajc10,1.42661122422381,0.95,0.776,0.17399999999999993,1.08282674940323e-235,0.24823035301494284
d21MaternalDiet_scRNAseq,d21,scRNA-seq,Goblet,Goblet,71,Id4,1.22496173273251,0.604,0.408,0.196,3.04476097554941e-51,0.24009249961557197
d21MaternalDiet_scRNAseq,d21,scRNA-seq,Goblet,Goblet,72,Wfdc17,1.27047718081127,0.674,0.486,0.18800000000000006,1.64320832229535e-61,0.23884970999251884
d21MaternalDiet_scRNAseq,d21,scRNA-seq,Goblet,Goblet,73,Lgals9,1.17940940618003,0.841,0.644,0.19699999999999995,2.96145756342375e-89,0.23234365301746585
d21MaternalDiet_scRNAseq,d21,scRNA-seq,Goblet,Goblet,74,Cbfa2t3,0.906113598810013,0.874,0.627,0.247,1.12762202299976e-91,0.2238100589060732
d21MaternalDiet_scRNAseq,d21,scRNA-seq,Goblet,Goblet,75,Mcub,1.14399275284108,0.589,0.394,0.19499999999999995,1.55603353801189e-50,0.22307858680401055
d21MaternalDiet_scRNAseq,d21,scRNA-seq,Goblet,Goblet,76,Slc44a4,0.879318013192384,0.865,0.62,0.245,1.39396356283373e-100,0.21543291323213407
d21MaternalDiet_scRNAseq,d21,scRNA-seq,Goblet,Goblet,77,C1galt1,1.28149127385483,0.985,0.825,0.16000000000000003,1.85208691616689e-259,0.20503860381677286
d21MaternalDiet_scRNAseq,d21,scRNA-seq,Goblet,Goblet,78,Cldn15,1.21415795591187,0.908,0.741,0.16700000000000004,6.17778345446032e-163,0.20276437863728233
d21MaternalDiet_scRNAseq,d21,scRNA-seq,Goblet,Goblet,79,Gsn,0.881378815985732,0.831,0.603,0.22799999999999998,6.72893484882745e-77,0.20095437004474687
d21MaternalDiet_scRNAseq,d21,scRNA-seq,Goblet,Goblet,80,Cd177,1.14909538868037,0.849,0.676,0.17299999999999993,6.7353015400492e-106,0.19879350224170395
d21MaternalDiet_scRNAseq,d21,scRNA-seq,Goblet,Goblet,81,Nrp2,0.934533520866831,0.758,0.547,0.21099999999999997,1.74056601596495e-73,0.19718657290290129
d21MaternalDiet_scRNAseq,d21,scRNA-seq,Goblet,Goblet,82,Abcb1a,0.839908894553638,0.641,0.423,0.21800000000000003,7.5230263772285e-43,0.18310013901269312
d21MaternalDiet_scRNAseq,d21,scRNA-seq,Goblet,Goblet,83,Pdia5,1.11412735162055,0.933,0.771,0.16200000000000003,2.11195202707816e-158,0.18048863096252915
d21MaternalDiet_scRNAseq,d21,scRNA-seq,Goblet,Goblet,84,Car8,1.1264046827514,0.489,0.334,0.15499999999999997,1.48619888401445e-28,0.17459272582646698
d21MaternalDiet_scRNAseq,d21,scRNA-seq,Goblet,Goblet,85,Prom1,0.83845099134641,0.603,0.396,0.20699999999999996,5.18867360677035e-39,0.17355935520870683
d21MaternalDiet_scRNAseq,d21,scRNA-seq,Goblet,Goblet,86,Ramp1,0.646527826120578,0.97,0.703,0.267,1.3006622698305e-80,0.17262292957419434
d21MaternalDiet_scRNAseq,d21,scRNA-seq,Goblet,Goblet,87,Zbp1,1.10026970726768,0.582,0.427,0.15499999999999997,1.95066345729188e-34,0.17054180462649035
d21MaternalDiet_scRNAseq,d21,scRNA-seq,Goblet,Goblet,88,Plpp1,0.921250439694326,0.865,0.68,0.18499999999999994,1.39335014083812e-84,0.17043133134345026
d21MaternalDiet_scRNAseq,d21,scRNA-seq,Goblet,Goblet,89,Dst,0.856112680369905,0.568,0.38,0.18799999999999994,1.17824218469694e-35,0.16094918390954208
d21MaternalDiet_scRNAseq,d21,scRNA-seq,Goblet,Goblet,90,Hk2,0.68189623052657,0.85,0.631,0.21899999999999997,1.08812100018722e-63,0.1493352744853188
d21MaternalDiet_scRNAseq,d21,scRNA-seq,Goblet,Goblet,91,Atoh1,0.655174857976614,0.919,0.692,0.2270000000000001,9.47742279919336e-69,0.14872469276069145
d21MaternalDiet_scRNAseq,d21,scRNA-seq,Goblet,Goblet,92,Hepacam2,0.587116444320731,0.972,0.731,0.241,4.68393631458686e-66,0.14149506308129617
d21MaternalDiet_scRNAseq,d21,scRNA-seq,Goblet,Goblet,93,Slc26a2,0.614552256551711,0.831,0.601,0.22999999999999998,3.4111957100225e-69,0.1413470190068935
d21MaternalDiet_scRNAseq,d21,scRNA-seq,Goblet,Goblet,94,Fabp2,0.683698013394566,0.797,0.633,0.16400000000000003,1.84835543267809e-47,0.11212647419670885
d21MaternalDiet_scRNAseq,d21,scRNA-seq,Goblet,Goblet,95,A2ml1,0.55667605234328,0.268,0.072,0.196,2.2475127292404e-90,0.10910850625928288
d21MaternalDiet_scRNAseq,d21,scRNA-seq,Goblet,Goblet,96,Kit,0.585510841705012,0.681,0.496,0.18500000000000005,3.92985380931705e-32,0.10831950571542726
d21MaternalDiet_scRNAseq,d21,scRNA-seq,Goblet,Goblet,97,Sycn,0.678847600311926,0.887,0.735,0.15200000000000002,1.74305433153023e-53,0.10318483524741277
d21MaternalDiet_scRNAseq,d21,scRNA-seq,Goblet,Goblet,98,Itpr2,0.275491512976078,0.465,0.296,0.16900000000000004,9.39609043492273e-28,0.046558065692957194
d21MaternalDiet_scRNAseq,d21,scRNA-seq,Macrophages,Macrophages,1,H2-DMb2,10.4805134057039,0.944,0.017,0.9269999999999999,2.24480357070417e-276,9.715435927087515
d21MaternalDiet_scRNAseq,d21,scRNA-seq,Macrophages,Macrophages,2,Adam23,11.3631592130703,0.778,0.006,0.772,0,8.772358912490272
d21MaternalDiet_scRNAseq,d21,scRNA-seq,Macrophages,Macrophages,3,Mcemp1,10.6027292651299,0.806,0.007,0.799,0,8.471580682838791
d21MaternalDiet_scRNAseq,d21,scRNA-seq,Macrophages,Macrophages,4,Cldn1,11.9324063405648,0.667,0.005,0.662,0,7.899252997453898
d21MaternalDiet_scRNAseq,d21,scRNA-seq,Macrophages,Macrophages,5,Tnni2,8.73450707586067,0.917,0.022,0.895,1.7515407473479e-226,7.8173838328953
d21MaternalDiet_scRNAseq,d21,scRNA-seq,Macrophages,Macrophages,6,Spi1,7.79775804807618,1,0.031,0.969,2.79694506635472e-157,7.556027548585819
d21MaternalDiet_scRNAseq,d21,scRNA-seq,Macrophages,Macrophages,7,Il22ra2,10.6092634430428,0.722,0.011,0.711,7.0752016690109e-197,7.54318630800343
d21MaternalDiet_scRNAseq,d21,scRNA-seq,Macrophages,Macrophages,8,Bcl2a1a,8.88178199042004,0.889,0.042,0.847,4.52181790511069e-117,7.522869345885773
d21MaternalDiet_scRNAseq,d21,scRNA-seq,Macrophages,Macrophages,9,H2-Ob,9.810208549645,0.75,0.034,0.716,5.36034699221809e-106,7.02410932154582
d21MaternalDiet_scRNAseq,d21,scRNA-seq,Macrophages,Macrophages,10,Wdfy4,8.71255499920355,0.833,0.035,0.7979999999999999,3.54127873164505e-76,6.952618889364432
d21MaternalDiet_scRNAseq,d21,scRNA-seq,Macrophages,Macrophages,11,H2-Oa,7.35621878644244,0.944,0.021,0.9229999999999999,8.49133238045989e-203,6.789789939886372
d21MaternalDiet_scRNAseq,d21,scRNA-seq,Macrophages,Macrophages,12,9530059O14Rik,10.1029939105364,0.667,0.001,0.666,0,6.728593944417242
d21MaternalDiet_scRNAseq,d21,scRNA-seq,Macrophages,Macrophages,13,Mmp12,9.94252683047852,0.694,0.021,0.6729999999999999,2.46500291516896e-160,6.691320556912044
d21MaternalDiet_scRNAseq,d21,scRNA-seq,Macrophages,Macrophages,14,Kynu,8.98297231831362,0.75,0.008,0.742,2.50280660620564e-298,6.665365460188705
d21MaternalDiet_scRNAseq,d21,scRNA-seq,Macrophages,Macrophages,15,Napsa,7.85322477901707,0.944,0.111,0.833,2.01495035817911e-58,6.541736240921219
d21MaternalDiet_scRNAseq,d21,scRNA-seq,Macrophages,Macrophages,16,Cfp,8.31580012510921,0.889,0.11,0.779,3.08191134790844e-33,6.478008297460074
d21MaternalDiet_scRNAseq,d21,scRNA-seq,Macrophages,Macrophages,17,Zfp366,9.05438534843793,0.722,0.011,0.711,7.49971181266902e-298,6.437667982739368
d21MaternalDiet_scRNAseq,d21,scRNA-seq,Macrophages,Macrophages,18,Ciita,7.38379110377489,0.972,0.116,0.856,2.80011480774846e-54,6.320525184831306
d21MaternalDiet_scRNAseq,d21,scRNA-seq,Macrophages,Macrophages,19,Flt3,7.63113378885218,0.833,0.005,0.828,0,6.318578777169605
d21MaternalDiet_scRNAseq,d21,scRNA-seq,Macrophages,Macrophages,20,Ifitm6,8.9677569811191,0.722,0.019,0.703,1.28173215733555e-154,6.304333157726727
d21MaternalDiet_scRNAseq,d21,scRNA-seq,Macrophages,Macrophages,21,Bcl2a1b,7.08131042838142,0.972,0.091,0.881,1.01508068308632e-79,6.238634487404031
d21MaternalDiet_scRNAseq,d21,scRNA-seq,Macrophages,Macrophages,22,Cacna1s,9.22189886870848,0.667,0.006,0.661,0,6.095675152216306
d21MaternalDiet_scRNAseq,d21,scRNA-seq,Macrophages,Macrophages,23,Dnase1l3,7.6527095815831,0.861,0.084,0.777,1.34517131992268e-60,5.946155344890069
d21MaternalDiet_scRNAseq,d21,scRNA-seq,Macrophages,Macrophages,24,Cd86,8.17416133572089,0.75,0.03,0.72,2.77659645623982e-123,5.885396161719041
d21MaternalDiet_scRNAseq,d21,scRNA-seq,Macrophages,Macrophages,25,Ppp1r1a,8.59851662260062,0.75,0.067,0.683,1.41536226748915e-47,5.8727868532362235
d21MaternalDiet_scRNAseq,d21,scRNA-seq,Macrophages,Macrophages,26,Bcl2a1d,7.17372878469277,0.833,0.021,0.8119999999999999,7.5455893519813e-123,5.825067773170529
d21MaternalDiet_scRNAseq,d21,scRNA-seq,Macrophages,Macrophages,27,Slamf7,6.26981599152724,1,0.08,0.92,8.20623894815998e-78,5.768230712205061
d21MaternalDiet_scRNAseq,d21,scRNA-seq,Macrophages,Macrophages,28,Ankrd55,9.53129415305019,0.611,0.006,0.605,1.49904394736591e-229,5.766432962595365
d21MaternalDiet_scRNAseq,d21,scRNA-seq,Macrophages,Macrophages,29,Plekho1,6.57990944614682,0.972,0.106,0.866,1.90388911336997e-44,5.698201580363146
d21MaternalDiet_scRNAseq,d21,scRNA-seq,Macrophages,Macrophages,30,H2-Eb1,7.56276043619189,1,0.247,0.753,3.11004442064237e-29,5.694758608452493
d21MaternalDiet_scRNAseq,d21,scRNA-seq,Macrophages,Macrophages,31,Rasgrp3,8.47937178308624,0.694,0.028,0.6659999999999999,6.3016527100055e-72,5.647261607535435
d21MaternalDiet_scRNAseq,d21,scRNA-seq,Macrophages,Macrophages,32,St8sia6,9.77655117434733,0.583,0.006,0.577,0,5.64107002759841
d21MaternalDiet_scRNAseq,d21,scRNA-seq,Macrophages,Macrophages,33,Xlr,8.10339972564972,0.722,0.032,0.69,5.50490655825452e-115,5.591345810698306
d21MaternalDiet_scRNAseq,d21,scRNA-seq,Macrophages,Macrophages,34,Trem1,8.86481312316447,0.639,0.014,0.625,3.11445799207743e-198,5.540508201977794
d21MaternalDiet_scRNAseq,d21,scRNA-seq,Macrophages,Macrophages,35,Siglecg,7.87000613513143,0.722,0.021,0.701,1.11076954235868e-168,5.516874300727132
d21MaternalDiet_scRNAseq,d21,scRNA-seq,Macrophages,Macrophages,36,Basp1,6.6888235603078,0.889,0.067,0.8220000000000001,3.90610075003887e-76,5.498212966573012
d21MaternalDiet_scRNAseq,d21,scRNA-seq,Macrophages,Macrophages,37,Pkib,7.06313258611624,0.806,0.032,0.774,1.3680464436684e-83,5.46686462165397
d21MaternalDiet_scRNAseq,d21,scRNA-seq,Macrophages,Macrophages,38,Ccr1,7.126953830589,0.806,0.041,0.765,8.3686274485646e-100,5.4521196804005845
d21MaternalDiet_scRNAseq,d21,scRNA-seq,Macrophages,Macrophages,39,H2-Aa,7.41916232231072,1,0.266,0.734,5.11716952046551e-29,5.445665144576068
d21MaternalDiet_scRNAseq,d21,scRNA-seq,Macrophages,Macrophages,40,Siglece,8.3849503136091,0.639,0.008,0.631,3.03064957615217e-114,5.290903647887342
d21MaternalDiet_scRNAseq,d21,scRNA-seq,Macrophages,Macrophages,41,Itgax,6.32467772700343,0.917,0.084,0.8330000000000001,6.46152764902681e-57,5.268456546593858
d21MaternalDiet_scRNAseq,d21,scRNA-seq,Macrophages,Macrophages,42,H2-Ab1,7.2671621010472,1,0.278,0.722,9.94223883493761e-28,5.246891036956078
d21MaternalDiet_scRNAseq,d21,scRNA-seq,Macrophages,Macrophages,43,Lyz2,7.48115716770409,0.778,0.087,0.6910000000000001,2.24141651675486e-33,5.169479602883527
d21MaternalDiet_scRNAseq,d21,scRNA-seq,Macrophages,Macrophages,44,Dock10,6.01676794226877,0.917,0.073,0.8440000000000001,7.44591522871191e-62,5.078152143274843
d21MaternalDiet_scRNAseq,d21,scRNA-seq,Macrophages,Macrophages,45,Nlrp3,8.36171539965394,0.611,0.004,0.607,0,5.075561247589942
d21MaternalDiet_scRNAseq,d21,scRNA-seq,Macrophages,Macrophages,46,Ncf1,6.55581765001899,0.861,0.088,0.773,4.21718132106e-57,5.067647043464679
d21MaternalDiet_scRNAseq,d21,scRNA-seq,Macrophages,Macrophages,47,Ms4a6c,6.69820337384267,0.861,0.107,0.754,5.33825447288903e-41,5.0504453438773735
d21MaternalDiet_scRNAseq,d21,scRNA-seq,Macrophages,Macrophages,48,Dram1,8.33131840199527,0.611,0.006,0.605,6.27503869883894e-243,5.040447633207139
d21MaternalDiet_scRNAseq,d21,scRNA-seq,Macrophages,Macrophages,49,Adam8,7.83531033097989,0.778,0.135,0.643,2.35625802647221e-30,5.0381045428200695
d21MaternalDiet_scRNAseq,d21,scRNA-seq,Macrophages,Macrophages,50,Apol7c,9.66587054127158,0.556,0.042,0.514,2.8187456658922e-51,4.968257458213593
d21MaternalDiet_scRNAseq,d21,scRNA-seq,Macrophages,Macrophages,51,Ptafr,6.65379697528517,0.778,0.033,0.745,3.36360459769984e-118,4.9570787465874515
d21MaternalDiet_scRNAseq,d21,scRNA-seq,Macrophages,Macrophages,52,Cd209a,8.4958108224519,0.583,0.004,0.579,0,4.919074466199649
d21MaternalDiet_scRNAseq,d21,scRNA-seq,Macrophages,Macrophages,53,Ear2,7.40502058053552,0.667,0.004,0.663,0,4.90952864489505
d21MaternalDiet_scRNAseq,d21,scRNA-seq,Macrophages,Macrophages,54,Lsp1,5.8542053702513,1,0.163,0.837,4.77496324987761e-41,4.899969894900338
d21MaternalDiet_scRNAseq,d21,scRNA-seq,Macrophages,Macrophages,55,Slamf8,7.3726533074709,0.667,0.006,0.661,0,4.873323836238265
d21MaternalDiet_scRNAseq,d21,scRNA-seq,Macrophages,Macrophages,56,Rnase6,5.41865403936647,0.972,0.078,0.894,2.94940855224563e-71,4.844276711193625
d21MaternalDiet_scRNAseq,d21,scRNA-seq,Macrophages,Macrophages,57,Cxcl16,6.13238174280167,0.889,0.111,0.778,2.4047541290707e-39,4.770992995899699
d21MaternalDiet_scRNAseq,d21,scRNA-seq,Macrophages,Macrophages,58,Pilrb2,6.93857413580466,0.694,0.014,0.6799999999999999,4.31440053068509e-165,4.718230412347168
d21MaternalDiet_scRNAseq,d21,scRNA-seq,Macrophages,Macrophages,59,Itgae,6.12856437396199,0.917,0.148,0.769,3.75987571577295e-33,4.712866003576771
d21MaternalDiet_scRNAseq,d21,scRNA-seq,Macrophages,Macrophages,60,Ncf4,5.711459936497,0.889,0.064,0.825,5.13177243375601e-62,4.711954447610024
d21MaternalDiet_scRNAseq,d21,scRNA-seq,Macrophages,Macrophages,61,Rtn1,6.32425385765357,0.806,0.069,0.7370000000000001,1.04566243018473e-45,4.6609750930906815
d21MaternalDiet_scRNAseq,d21,scRNA-seq,Macrophages,Macrophages,62,Slc15a3,6.80950495184726,0.722,0.04,0.6819999999999999,1.10988433064073e-77,4.644082377159831
d21MaternalDiet_scRNAseq,d21,scRNA-seq,Macrophages,Macrophages,63,Il1b,6.52829712408655,0.778,0.069,0.7090000000000001,8.2020901142591e-55,4.628562660977365
d21MaternalDiet_scRNAseq,d21,scRNA-seq,Macrophages,Macrophages,64,Pld4,5.37428124271093,0.889,0.034,0.855,7.04849476464991e-127,4.595010462517846
d21MaternalDiet_scRNAseq,d21,scRNA-seq,Macrophages,Macrophages,65,S100a4,6.65423776001371,0.889,0.199,0.69,1.72096911556711e-21,4.591424054409459
d21MaternalDiet_scRNAseq,d21,scRNA-seq,Macrophages,Macrophages,66,Irf4,7.27032235655214,0.639,0.015,0.624,3.35378350621839e-113,4.536681150488535
d21MaternalDiet_scRNAseq,d21,scRNA-seq,Macrophages,Macrophages,67,Otulinl,5.47629615360677,0.944,0.116,0.828,9.87113526656578e-49,4.534373215186405
d21MaternalDiet_scRNAseq,d21,scRNA-seq,Macrophages,Macrophages,68,Ly86,5.44301537454341,0.861,0.029,0.832,2.31636406085199e-129,4.528588791620116
d21MaternalDiet_scRNAseq,d21,scRNA-seq,Macrophages,Macrophages,69,Aif1,5.52909713672654,0.889,0.077,0.812,6.40663226497413e-67,4.48962687502195
d21MaternalDiet_scRNAseq,d21,scRNA-seq,Macrophages,Macrophages,70,Mefv,7.25391479458977,0.611,0.004,0.607,0,4.40312628031599
d21MaternalDiet_scRNAseq,d21,scRNA-seq,Macrophages,Macrophages,71,Themis2,6.52409022776581,0.694,0.025,0.6689999999999999,3.75160429503093e-118,4.364616362375326
d21MaternalDiet_scRNAseq,d21,scRNA-seq,Macrophages,Macrophages,72,Qpct,5.49950668139886,0.861,0.072,0.789,2.406710257002e-64,4.339110771623701
d21MaternalDiet_scRNAseq,d21,scRNA-seq,Macrophages,Macrophages,73,Igsf6,6.50288065162085,0.694,0.027,0.6669999999999999,1.45479515686676e-108,4.337421394631106
d21MaternalDiet_scRNAseq,d21,scRNA-seq,Macrophages,Macrophages,74,H2-DMa,5.89787137484252,0.972,0.239,0.733,8.2116916484609e-28,4.323139717759567
d21MaternalDiet_scRNAseq,d21,scRNA-seq,Macrophages,Macrophages,75,St3gal5,7.33572930941928,0.611,0.026,0.585,1.33413150208203e-83,4.291401646010279
d21MaternalDiet_scRNAseq,d21,scRNA-seq,Macrophages,Macrophages,76,Cybb,5.45760012537306,0.833,0.047,0.7859999999999999,7.18662579481152e-77,4.289673698543225
d21MaternalDiet_scRNAseq,d21,scRNA-seq,Macrophages,Macrophages,77,Hcls1,5.63402034293284,0.861,0.1,0.761,1.53172034370568e-38,4.2874894809718915
d21MaternalDiet_scRNAseq,d21,scRNA-seq,Macrophages,Macrophages,78,Itga4,5.55506689745757,0.889,0.118,0.771,2.77419999542706e-44,4.282956577939786
d21MaternalDiet_scRNAseq,d21,scRNA-seq,Macrophages,Macrophages,79,Pilra,6.25766327951171,0.694,0.01,0.6839999999999999,1.95874640529499e-221,4.280241683186009
d21MaternalDiet_scRNAseq,d21,scRNA-seq,Macrophages,Macrophages,80,Tnfaip2,6.29358361292314,0.694,0.026,0.6679999999999999,6.41611472297907e-88,4.2041138534326565
d21MaternalDiet_scRNAseq,d21,scRNA-seq,Macrophages,Macrophages,81,Scimp,5.34179609413447,0.806,0.021,0.785,2.11188440098457e-143,4.193309933895559
d21MaternalDiet_scRNAseq,d21,scRNA-seq,Macrophages,Macrophages,82,Gm34084,6.62138237626351,0.833,0.201,0.6319999999999999,9.94072159062092e-24,4.184713661798537
d21MaternalDiet_scRNAseq,d21,scRNA-seq,Macrophages,Macrophages,83,Nfam1,7.48152582267946,0.583,0.024,0.5589999999999999,3.01984231988392e-37,4.182172934877817
d21MaternalDiet_scRNAseq,d21,scRNA-seq,Macrophages,Macrophages,84,Trps1,6.47672103163035,0.667,0.025,0.642,2.38895091968366e-50,4.158054902306685
d21MaternalDiet_scRNAseq,d21,scRNA-seq,Macrophages,Macrophages,85,Fscn1,7.42850113287609,0.583,0.025,0.5579999999999999,7.62336418719182e-90,4.145103632144858
d21MaternalDiet_scRNAseq,d21,scRNA-seq,Macrophages,Macrophages,86,Phf11a,6.97385616483807,0.611,0.02,0.591,3.20015312076047e-131,4.1215489934192995
d21MaternalDiet_scRNAseq,d21,scRNA-seq,Macrophages,Macrophages,87,Csf2rb,6.32652624885533,0.722,0.074,0.648,3.8005853808707e-30,4.0995890092582545
d21MaternalDiet_scRNAseq,d21,scRNA-seq,Macrophages,Macrophages,88,Serpinb6b,6.27577560583666,0.694,0.046,0.6479999999999999,9.42848317103027e-62,4.066702592582155
d21MaternalDiet_scRNAseq,d21,scRNA-seq,Macrophages,Macrophages,89,Cd40,6.94414592912146,0.611,0.026,0.585,8.17654241628604e-80,4.062325368536054
d21MaternalDiet_scRNAseq,d21,scRNA-seq,Macrophages,Macrophages,90,Gngt2,5.09702317538889,0.917,0.121,0.796,1.22321312306179e-38,4.057230447609557
d21MaternalDiet_scRNAseq,d21,scRNA-seq,Macrophages,Macrophages,91,Clec4n,5.95931298828627,0.694,0.023,0.6709999999999999,9.48402462914193e-149,3.998699015140087
d21MaternalDiet_scRNAseq,d21,scRNA-seq,Macrophages,Macrophages,92,Bst1,7.11008193761651,0.583,0.021,0.5619999999999999,5.37173924601859e-87,3.9958660489404783
d21MaternalDiet_scRNAseq,d21,scRNA-seq,Macrophages,Macrophages,93,Gm2a,5.81652953037816,0.944,0.26,0.6839999999999999,1.55978183973339e-22,3.978506198778661
d21MaternalDiet_scRNAseq,d21,scRNA-seq,Macrophages,Macrophages,94,Cd74,6.8736524118395,1,0.429,0.571,1.74778894721538e-24,3.9248555271603545
d21MaternalDiet_scRNAseq,d21,scRNA-seq,Macrophages,Macrophages,95,Gm41611,7.33273766960064,0.556,0.021,0.535,5.71830876384094e-94,3.9230146532363426
d21MaternalDiet_scRNAseq,d21,scRNA-seq,Macrophages,Macrophages,96,Bex6,7.08246206770134,0.556,0.004,0.552,6.2010392442778e-291,3.90951906137114
d21MaternalDiet_scRNAseq,d21,scRNA-seq,Macrophages,Macrophages,97,Aldh1a2,7.38628132502338,0.528,0.004,0.524,2.26092791640488e-155,3.8704114143122514
d21MaternalDiet_scRNAseq,d21,scRNA-seq,Macrophages,Macrophages,98,Cass4,6.77761691866046,0.583,0.012,0.571,9.37233845786278e-171,3.870019260555122
d21MaternalDiet_scRNAseq,d21,scRNA-seq,Macrophages,Macrophages,99,Cxcl14,7.40607691748203,0.528,0.006,0.522,7.01505868840394e-233,3.8659721509256197
d21MaternalDiet_scRNAseq,d21,scRNA-seq,Macrophages,Macrophages,100,Csf1r,5.399798562571,0.75,0.036,0.714,7.24725296103132e-73,3.855456173675694
d21MaternalDiet_scRNAseq,d21,scRNA-seq,Macrophages,Macrophages,101,Lcp1,5.41818598971993,1,0.289,0.7110000000000001,5.28767496044073e-27,3.852330238690871
d21MaternalDiet_scRNAseq,d21,scRNA-seq,Macrophages,Macrophages,102,Traf1,5.62543664987529,0.833,0.149,0.6839999999999999,3.68136779876172e-26,3.8477986685146983
d21MaternalDiet_scRNAseq,d21,scRNA-seq,Macrophages,Macrophages,103,Cd52,5.15065545923278,1,0.255,0.745,3.72488275996573e-27,3.8372383171284214
d21MaternalDiet_scRNAseq,d21,scRNA-seq,Macrophages,Macrophages,104,Itgb2,4.8098244243291,0.889,0.092,0.797,1.04614876790797e-57,3.8334300661902927
d21MaternalDiet_scRNAseq,d21,scRNA-seq,Macrophages,Macrophages,105,Batf3,6.58216540533804,0.611,0.031,0.58,3.28821321721594e-36,3.817655935096063
d21MaternalDiet_scRNAseq,d21,scRNA-seq,Macrophages,Macrophages,106,Treml4,6.64862004240815,0.583,0.009,0.574,2.21068002193112e-195,3.8163079043422776
d21MaternalDiet_scRNAseq,d21,scRNA-seq,Macrophages,Macrophages,107,Egr3,6.84996409308204,0.583,0.027,0.5559999999999999,2.83195199762694e-52,3.808580035753614
d21MaternalDiet_scRNAseq,d21,scRNA-seq,Macrophages,Macrophages,108,Clec12a,5.55136836969834,0.694,0.012,0.6819999999999999,1.3939291483265e-140,3.7860332281342672
d21MaternalDiet_scRNAseq,d21,scRNA-seq,Macrophages,Macrophages,109,Mndal,4.95983090320898,0.833,0.071,0.762,3.36159125041859e-60,3.7793911482452427
d21MaternalDiet_scRNAseq,d21,scRNA-seq,Macrophages,Macrophages,110,Ap1s2,5.45559201046148,0.917,0.225,0.6920000000000001,1.76680235941588e-25,3.7752696712393443
d21MaternalDiet_scRNAseq,d21,scRNA-seq,Macrophages,Macrophages,111,Evi2a,5.96052819938401,0.667,0.035,0.632,2.14478397041387e-26,3.7670538220106944
d21MaternalDiet_scRNAseq,d21,scRNA-seq,Macrophages,Macrophages,112,Pip4k2a,6.03434665635914,0.778,0.155,0.623,1.42915803541436e-16,3.759397966911744
d21MaternalDiet_scRNAseq,d21,scRNA-seq,Macrophages,Macrophages,113,Slc2a6,6.34912590745088,0.611,0.021,0.59,2.40205760076183e-86,3.745984285396019
d21MaternalDiet_scRNAseq,d21,scRNA-seq,Macrophages,Macrophages,114,Gpr183,5.29942892749246,0.778,0.082,0.6960000000000001,5.4792068149326e-42,3.688402533534753
d21MaternalDiet_scRNAseq,d21,scRNA-seq,Macrophages,Macrophages,115,Ltb,4.96245780467397,0.889,0.147,0.742,4.14051589113981e-26,3.6821436910680854
d21MaternalDiet_scRNAseq,d21,scRNA-seq,Macrophages,Macrophages,116,Cd300c2,5.11007391135215,0.75,0.032,0.718,2.87544495728733e-75,3.6690330683508434
d21MaternalDiet_scRNAseq,d21,scRNA-seq,Macrophages,Macrophages,117,Runx3,4.74677963954953,0.889,0.122,0.767,1.0610626291101e-32,3.6407799835344896
d21MaternalDiet_scRNAseq,d21,scRNA-seq,Macrophages,Macrophages,118,Cyp4f18,6.43220836111224,0.611,0.045,0.566,5.55561098849226e-45,3.6406299323895275
d21MaternalDiet_scRNAseq,d21,scRNA-seq,Macrophages,Macrophages,119,Abcd2,7.00900981469387,0.528,0.01,0.518,3.50741064377305e-182,3.630667084011425
d21MaternalDiet_scRNAseq,d21,scRNA-seq,Macrophages,Macrophages,120,Ccr6,7.7969444971425,0.5,0.038,0.462,0.00000246862449548119,3.6021883576798355
d21MaternalDiet_scRNAseq,d21,scRNA-seq,Macrophages,Macrophages,121,Clec10a,5.71578143848932,0.639,0.014,0.625,2.00734561021774e-187,3.572363399055825
d21MaternalDiet_scRNAseq,d21,scRNA-seq,Macrophages,Macrophages,122,Vim,5.06189954584579,0.972,0.271,0.701,4.3030155703061e-26,3.548391581637899
d21MaternalDiet_scRNAseq,d21,scRNA-seq,Macrophages,Macrophages,123,Slfn2,5.05964861026668,0.889,0.188,0.7010000000000001,5.45338273782443e-23,3.546813675796943
d21MaternalDiet_scRNAseq,d21,scRNA-seq,Macrophages,Macrophages,124,Prr5l,5.92450313038991,0.639,0.041,0.598,2.37268834182579e-52,3.542852871973166
d21MaternalDiet_scRNAseq,d21,scRNA-seq,Macrophages,Macrophages,125,Clec5a,6.38118128402869,0.556,0.004,0.552,9.1634101884344e-108,3.5224120687838374
d21MaternalDiet_scRNAseq,d21,scRNA-seq,Macrophages,Macrophages,126,Sirpa,5.6733334184427,0.75,0.13,0.62,5.10040135634296e-29,3.5174667194344735
d21MaternalDiet_scRNAseq,d21,scRNA-seq,Macrophages,Macrophages,127,Adgrl3,6.47373042417232,0.556,0.013,0.543,3.5826519404019e-132,3.51523562032557
d21MaternalDiet_scRNAseq,d21,scRNA-seq,Macrophages,Macrophages,128,Glipr1,5.18254264198691,0.806,0.13,0.676,3.94742026570199e-29,3.503398825983151
d21MaternalDiet_scRNAseq,d21,scRNA-seq,Macrophages,Macrophages,129,Ms4a1,8.04754568441448,0.472,0.037,0.435,4.36309409288733e-36,3.500682372720299
d21MaternalDiet_scRNAseq,d21,scRNA-seq,Macrophages,Macrophages,130,Cnn2,4.68455795424372,1,0.253,0.747,5.2067496976841e-28,3.499364791820059
d21MaternalDiet_scRNAseq,d21,scRNA-seq,Macrophages,Macrophages,131,Arl5c,5.65179665975449,0.639,0.021,0.618,5.0261022584318e-83,3.492810335728275
d21MaternalDiet_scRNAseq,d21,scRNA-seq,Macrophages,Macrophages,132,Tyrobp,4.62881624972994,1,0.247,0.753,6.90911262438564e-30,3.485498636046645
d21MaternalDiet_scRNAseq,d21,scRNA-seq,Macrophages,Macrophages,133,Col17a1,7.16067200914757,0.556,0.077,0.47900000000000004,2.85170423066132e-21,3.4299618923816864
d21MaternalDiet_scRNAseq,d21,scRNA-seq,Macrophages,Macrophages,134,H2-M2,6.1251766537685,0.611,0.054,0.5569999999999999,3.52650024152797e-43,3.4117233961490543
d21MaternalDiet_scRNAseq,d21,scRNA-seq,Macrophages,Macrophages,135,Laptm5,4.33747250887163,0.972,0.192,0.78,1.9298670075234e-30,3.3832285569198715
d21MaternalDiet_scRNAseq,d21,scRNA-seq,Macrophages,Macrophages,136,Sla,5.8534604056435,0.639,0.065,0.5740000000000001,1.64551329908437e-18,3.3598862728393697
d21MaternalDiet_scRNAseq,d21,scRNA-seq,Macrophages,Macrophages,137,Cd33,5.33698729123399,0.639,0.014,0.625,2.97855290879455e-114,3.335617057021244
d21MaternalDiet_scRNAseq,d21,scRNA-seq,Macrophages,Macrophages,138,Cd48,4.40191086314443,0.889,0.137,0.752,1.79764509183273e-39,3.310236969084611
d21MaternalDiet_scRNAseq,d21,scRNA-seq,Macrophages,Macrophages,139,Jaml,4.67947298409742,0.944,0.237,0.707,2.54825534329523e-25,3.308387399756876
d21MaternalDiet_scRNAseq,d21,scRNA-seq,Macrophages,Macrophages,140,Stx11,6.12610377106597,0.556,0.018,0.538,1.96436420593742e-115,3.295843828833492
d21MaternalDiet_scRNAseq,d21,scRNA-seq,Macrophages,Macrophages,141,Adgre1,5.43525023739009,0.611,0.007,0.604,0,3.282891143383614
d21MaternalDiet_scRNAseq,d21,scRNA-seq,Macrophages,Macrophages,142,Plbd1,4.9356672279824,0.944,0.296,0.6479999999999999,1.45041552671692e-20,3.1983123637325943
d21MaternalDiet_scRNAseq,d21,scRNA-seq,Macrophages,Macrophages,143,Cd68,4.70669463591414,0.833,0.154,0.6789999999999999,3.41262182878243e-21,3.1958456577857004
d21MaternalDiet_scRNAseq,d21,scRNA-seq,Macrophages,Macrophages,144,Msn,4.59991278432898,0.889,0.195,0.694,1.02054712500601e-25,3.192339472324312
d21MaternalDiet_scRNAseq,d21,scRNA-seq,Macrophages,Macrophages,145,Srgn,4.3696462696702,0.972,0.245,0.727,8.99517314922035e-29,3.1767328380502353
d21MaternalDiet_scRNAseq,d21,scRNA-seq,Macrophages,Macrophages,146,Btla,7.29603979002117,0.444,0.009,0.435,8.89248453381142e-13,3.1737773086592087
d21MaternalDiet_scRNAseq,d21,scRNA-seq,Macrophages,Macrophages,147,Pla2g7,5.15747457661821,0.694,0.081,0.613,2.42781532229966e-30,3.1615319154669623
d21MaternalDiet_scRNAseq,d21,scRNA-seq,Macrophages,Macrophages,148,Clec4a2,5.39419811169925,0.611,0.028,0.583,2.33730760927751e-59,3.1448174991206628
d21MaternalDiet_scRNAseq,d21,scRNA-seq,Macrophages,Macrophages,149,Il10ra,6.00139141515865,0.556,0.033,0.523,1.94485849465522e-23,3.138727710127974
d21MaternalDiet_scRNAseq,d21,scRNA-seq,Macrophages,Macrophages,150,Arhgap30,4.53936729549066,0.806,0.115,0.6910000000000001,7.56014953330411e-33,3.1367028011840463
d21MaternalDiet_scRNAseq,d21,scRNA-seq,Macrophages,Macrophages,151,Tlr12,5.48445625784565,0.583,0.013,0.57,1.98497174711916e-91,3.1261400669720203
d21MaternalDiet_scRNAseq,d21,scRNA-seq,Macrophages,Macrophages,152,Alpk2,6.26357649907577,0.528,0.032,0.496,6.32093547151721e-40,3.1067339435415815
d21MaternalDiet_scRNAseq,d21,scRNA-seq,Macrophages,Macrophages,153,Fxyd5,4.40350396055294,0.917,0.212,0.7050000000000001,4.46099439053641e-25,3.104470292189823
d21MaternalDiet_scRNAseq,d21,scRNA-seq,Macrophages,Macrophages,154,Ms4a6d,4.97183294124154,0.639,0.018,0.621,3.20425001266725e-92,3.087508256510996
d21MaternalDiet_scRNAseq,d21,scRNA-seq,Macrophages,Macrophages,155,Gpr141,6.60134530389861,0.5,0.033,0.46699999999999997,0.00000225661277724786,3.0828282569206507
d21MaternalDiet_scRNAseq,d21,scRNA-seq,Macrophages,Macrophages,156,Coro1a,3.94527405353346,1,0.223,0.777,2.34034162067659e-29,3.0654779395954983
d21MaternalDiet_scRNAseq,d21,scRNA-seq,Macrophages,Macrophages,157,Plek,5.54320103318703,0.694,0.141,0.5529999999999999,2.64142626261808e-16,3.065390171352427
d21MaternalDiet_scRNAseq,d21,scRNA-seq,Macrophages,Macrophages,158,Hp,5.8906580508108,0.528,0.009,0.519,4.47462593002462e-209,3.0572515283708053
d21MaternalDiet_scRNAseq,d21,scRNA-seq,Macrophages,Macrophages,159,Abi3,4.48361971985471,0.806,0.135,0.671,6.28705239294238e-26,3.008508832022511
d21MaternalDiet_scRNAseq,d21,scRNA-seq,Macrophages,Macrophages,160,4933424M12Rik,5.83951865003371,0.528,0.013,0.515,3.25499430339859e-83,3.007352104767361
d21MaternalDiet_scRNAseq,d21,scRNA-seq,Macrophages,Macrophages,161,Flna,4.74046585429645,0.861,0.229,0.632,5.0360164787781e-20,2.995974419915356
d21MaternalDiet_scRNAseq,d21,scRNA-seq,Macrophages,Macrophages,162,Klrb1b,4.8010554484319,0.667,0.043,0.624,2.93737682303691e-65,2.995858599821506
d21MaternalDiet_scRNAseq,d21,scRNA-seq,Macrophages,Macrophages,163,Ppp1r18,4.55508032794415,0.75,0.093,0.657,8.84859874301454e-33,2.992687775459307
d21MaternalDiet_scRNAseq,d21,scRNA-seq,Macrophages,Macrophages,164,Cd300a,6.29845220810186,0.5,0.025,0.475,1.74726644955951e-20,2.9917647988483833
d21MaternalDiet_scRNAseq,d21,scRNA-seq,Macrophages,Macrophages,165,Ccr7,8.23115256589226,0.389,0.026,0.363,8.00168119920802e-13,2.9879083814188907
d21MaternalDiet_scRNAseq,d21,scRNA-seq,Macrophages,Macrophages,166,Kdr,5.6604515936644,0.528,0.006,0.522,1.53603647417712e-283,2.954755731892817
d21MaternalDiet_scRNAseq,d21,scRNA-seq,Macrophages,Macrophages,167,Tmem273,4.81010805585564,0.639,0.026,0.613,5.45031964798062e-73,2.948596238239507
d21MaternalDiet_scRNAseq,d21,scRNA-seq,Macrophages,Macrophages,168,Dock2,4.37278991371129,0.778,0.107,0.671,1.17056753830994e-31,2.934142032100276
d21MaternalDiet_scRNAseq,d21,scRNA-seq,Macrophages,Macrophages,169,Arhgdib,4.01904416984988,0.972,0.244,0.728,3.92015055289886e-27,2.9258641556507126
d21MaternalDiet_scRNAseq,d21,scRNA-seq,Macrophages,Macrophages,170,Slfn5,5.39273697070503,0.611,0.071,0.54,1.51976750013229e-23,2.9120779641807166
d21MaternalDiet_scRNAseq,d21,scRNA-seq,Macrophages,Macrophages,171,Tespa1,4.4995700039295,0.75,0.105,0.645,1.36981253303637e-31,2.9022226525345274
d21MaternalDiet_scRNAseq,d21,scRNA-seq,Macrophages,Macrophages,172,Ptprc,3.84760055031558,0.972,0.219,0.753,1.22009395804227e-29,2.8972432143876317
d21MaternalDiet_scRNAseq,d21,scRNA-seq,Macrophages,Macrophages,173,Cd300lf,4.89911396955376,0.611,0.028,0.583,1.32355104138189e-79,2.856183444249842
d21MaternalDiet_scRNAseq,d21,scRNA-seq,Macrophages,Macrophages,174,Id2,4.99905400430303,1,0.43,0.5700000000000001,1.57943720463751e-23,2.8494607824527276
d21MaternalDiet_scRNAseq,d21,scRNA-seq,Macrophages,Macrophages,175,Celf2,4.1776077249447,0.889,0.207,0.682,3.74824446805859e-21,2.8491284684122857
d21MaternalDiet_scRNAseq,d21,scRNA-seq,Macrophages,Macrophages,176,Pgam2,5.46067161657707,0.528,0.007,0.521,2.06907346340496e-254,2.8450099122366534
d21MaternalDiet_scRNAseq,d21,scRNA-seq,Macrophages,Macrophages,177,Ryr1,5.31856528162978,0.556,0.023,0.533,1.26544568155409e-76,2.8347952951086732
d21MaternalDiet_scRNAseq,d21,scRNA-seq,Macrophages,Macrophages,178,H2-DMb1,5.04589765567335,0.75,0.192,0.558,1.93149379077475e-11,2.8156108918657297
d21MaternalDiet_scRNAseq,d21,scRNA-seq,Macrophages,Macrophages,179,Asb2,5.10219415918987,0.583,0.033,0.5499999999999999,2.53519369569819e-50,2.8062067875544283
d21MaternalDiet_scRNAseq,d21,scRNA-seq,Macrophages,Macrophages,180,BE692007,5.36643902858748,0.556,0.035,0.521,3.16927544166918e-50,2.795914733894077
d21MaternalDiet_scRNAseq,d21,scRNA-seq,Macrophages,Macrophages,181,F630028O10Rik,5.65490778134531,0.5,0.007,0.493,6.65649470146576e-144,2.787869536203238
d21MaternalDiet_scRNAseq,d21,scRNA-seq,Macrophages,Macrophages,182,Lilrb4a,5.75511841633876,0.528,0.047,0.48100000000000004,1.23824480141088e-26,2.7682119582589437
d21MaternalDiet_scRNAseq,d21,scRNA-seq,Macrophages,Macrophages,183,Inpp5d,4.47146996921743,0.75,0.131,0.619,2.14288850935085e-17,2.767839910945589
d21MaternalDiet_scRNAseq,d21,scRNA-seq,Macrophages,Macrophages,184,Cd53,4.18480093087982,0.778,0.117,0.661,3.80383056811774e-30,2.7661534153115612
d21MaternalDiet_scRNAseq,d21,scRNA-seq,Macrophages,Macrophages,185,Arhgap15,4.2659700772433,0.694,0.048,0.6459999999999999,5.51870933476893e-57,2.7558166698991715
d21MaternalDiet_scRNAseq,d21,scRNA-seq,Macrophages,Macrophages,186,Limd2,3.90902349337984,0.944,0.242,0.702,1.11783461230207e-25,2.7441344923526474
d21MaternalDiet_scRNAseq,d21,scRNA-seq,Macrophages,Macrophages,187,Emb,4.16039301171522,0.833,0.18,0.653,2.76982973962586e-22,2.7167366366500385
d21MaternalDiet_scRNAseq,d21,scRNA-seq,Macrophages,Macrophages,188,Samsn1,4.12088542915331,0.694,0.043,0.6509999999999999,7.08316777377137e-65,2.682696414378804
d21MaternalDiet_scRNAseq,d21,scRNA-seq,Macrophages,Macrophages,189,Rel,4.79428186171662,0.861,0.306,0.5549999999999999,3.64041847855882e-16,2.6608264332527236
d21MaternalDiet_scRNAseq,d21,scRNA-seq,Macrophages,Macrophages,190,Ptger2,5.1362248609293,0.528,0.01,0.518,7.40333521396525e-109,2.6605644779613775
d21MaternalDiet_scRNAseq,d21,scRNA-seq,Macrophages,Macrophages,191,Capn3,5.10827194286155,0.583,0.064,0.5189999999999999,6.61806251445309e-29,2.651193138345144
d21MaternalDiet_scRNAseq,d21,scRNA-seq,Macrophages,Macrophages,192,Dpys,5.2897289008267,0.528,0.028,0.5,1.60040748938406e-57,2.64486445041335
d21MaternalDiet_scRNAseq,d21,scRNA-seq,Macrophages,Macrophages,193,Il4i1,5.47458065144686,0.583,0.1,0.483,7.67024110656555e-18,2.644222454648833
d21MaternalDiet_scRNAseq,d21,scRNA-seq,Macrophages,Macrophages,194,Bin2,3.98422166175985,0.75,0.088,0.662,2.90295939007969e-33,2.6375547400850206
d21MaternalDiet_scRNAseq,d21,scRNA-seq,Macrophages,Macrophages,195,Klrk1,3.88013342351368,0.75,0.074,0.676,5.17322265126959e-44,2.622970194295248
d21MaternalDiet_scRNAseq,d21,scRNA-seq,Macrophages,Macrophages,196,Rgs10,4.23626462938884,0.917,0.304,0.613,1.43328259172296e-19,2.596830217815359
d21MaternalDiet_scRNAseq,d21,scRNA-seq,Macrophages,Macrophages,197,Phf11b,4.46154831850718,0.639,0.059,0.5800000000000001,2.16500020005705e-34,2.587698024734165
d21MaternalDiet_scRNAseq,d21,scRNA-seq,Macrophages,Macrophages,198,Sez6l,4.99193687560579,0.528,0.013,0.515,2.30788038651963e-100,2.570847490936982
d21MaternalDiet_scRNAseq,d21,scRNA-seq,Macrophages,Macrophages,199,I830077J02Rik,5.37033916466355,0.528,0.052,0.47600000000000003,1.81789062376896e-9,2.55628144237985
d21MaternalDiet_scRNAseq,d21,scRNA-seq,Macrophages,Macrophages,200,Rgs2,4.20834442183648,0.833,0.226,0.607,1.04449881076726e-13,2.5544650640547433
d21MaternalDiet_scRNAseq,d21,scRNA-seq,Macrophages,Macrophages,201,Cyth4,4.30531226416952,0.667,0.074,0.5930000000000001,1.13898410023546e-19,2.5530501726525254
d21MaternalDiet_scRNAseq,d21,scRNA-seq,Macrophages,Macrophages,202,Serpina3g,4.32351337566093,0.611,0.024,0.587,1.49643532553258e-75,2.5379023515129657
d21MaternalDiet_scRNAseq,d21,scRNA-seq,Macrophages,Macrophages,203,Alox5ap,4.24198366457881,0.861,0.265,0.596,1.25863088205552e-17,2.5282222640889707
d21MaternalDiet_scRNAseq,d21,scRNA-seq,Macrophages,Macrophages,204,Tifab,4.84949034237304,0.528,0.009,0.519,3.59776520606317e-80,2.5168854876916082
d21MaternalDiet_scRNAseq,d21,scRNA-seq,Macrophages,Macrophages,205,Cd244a,4.84793570925329,0.583,0.066,0.5169999999999999,4.92308419513334e-12,2.5063827616839505
d21MaternalDiet_scRNAseq,d21,scRNA-seq,Macrophages,Macrophages,206,Gnb4,5.13210332082221,0.528,0.041,0.48700000000000004,4.01365366467118e-27,2.4993343172404168
d21MaternalDiet_scRNAseq,d21,scRNA-seq,Macrophages,Macrophages,207,Ms4a6b,4.35281676014784,0.667,0.093,0.5740000000000001,6.1562808572291e-20,2.49851682032486
d21MaternalDiet_scRNAseq,d21,scRNA-seq,Macrophages,Macrophages,208,Gpsm3,4.5593624293676,0.722,0.177,0.5449999999999999,2.32364146305002e-10,2.484852524005342
d21MaternalDiet_scRNAseq,d21,scRNA-seq,Macrophages,Macrophages,209,Tnfrsf4,5.80950623847882,0.472,0.046,0.426,5.27879202227979e-13,2.474849657591977
d21MaternalDiet_scRNAseq,d21,scRNA-seq,Macrophages,Macrophages,210,Serpine1,5.97507606964414,0.417,0.004,0.413,5.52477931503469e-105,2.4677064167630296
d21MaternalDiet_scRNAseq,d21,scRNA-seq,Macrophages,Macrophages,211,Stab1,4.8316524302335,0.528,0.018,0.51,3.60991354953361e-86,2.4641427394190853
d21MaternalDiet_scRNAseq,d21,scRNA-seq,Macrophages,Macrophages,212,Atp1a3,4.66230252144056,0.528,0.006,0.522,1.17508199690557e-57,2.4337219161919723
d21MaternalDiet_scRNAseq,d21,scRNA-seq,Macrophages,Macrophages,213,Slc13a3,5.50787417926298,0.444,0.003,0.441,5.1473069100648e-184,2.428972513054974
d21MaternalDiet_scRNAseq,d21,scRNA-seq,Macrophages,Macrophages,214,Ifi211,6.25639023318643,0.389,0.007,0.382,1.77720921255671e-36,2.3899410690772163
d21MaternalDiet_scRNAseq,d21,scRNA-seq,Macrophages,Macrophages,215,Icos,4.38708481789368,0.556,0.014,0.542,9.03994640988197e-98,2.3777999712983746
d21MaternalDiet_scRNAseq,d21,scRNA-seq,Macrophages,Macrophages,216,Pxdc1,4.47134882821928,0.611,0.081,0.53,1.24597334452334e-27,2.3698148789562183
d21MaternalDiet_scRNAseq,d21,scRNA-seq,Macrophages,Macrophages,217,Hck,4.01281011817705,0.722,0.132,0.59,1.06802529420908e-19,2.3675579697244595
d21MaternalDiet_scRNAseq,d21,scRNA-seq,Macrophages,Macrophages,218,Kmo,5.91621809065774,0.417,0.018,0.39899999999999997,0.0330079026994615,2.360571018172438
d21MaternalDiet_scRNAseq,d21,scRNA-seq,Macrophages,Macrophages,219,Cd69,4.23278538529737,0.611,0.058,0.5529999999999999,1.14084571106057e-35,2.340730318069445
d21MaternalDiet_scRNAseq,d21,scRNA-seq,Macrophages,Macrophages,220,Pou2f2,5.52108051601909,0.5,0.079,0.421,0.00000312054477097408,2.324374897244037
d21MaternalDiet_scRNAseq,d21,scRNA-seq,Macrophages,Macrophages,221,Tmod2,4.16673611561994,0.583,0.033,0.5499999999999999,4.72609062245063e-56,2.2917048635909665
d21MaternalDiet_scRNAseq,d21,scRNA-seq,Macrophages,Macrophages,222,Adamdec1,4.35068161102284,0.528,0.006,0.522,4.7475473796883e-204,2.271055800953923
d21MaternalDiet_scRNAseq,d21,scRNA-seq,Macrophages,Macrophages,223,Selplg,3.50319954134996,0.806,0.159,0.647,3.0896098031068e-23,2.2665701032534242
d21MaternalDiet_scRNAseq,d21,scRNA-seq,Macrophages,Macrophages,224,Gm36723,5.46980779935868,0.444,0.035,0.40900000000000003,0.00000162207912094021,2.2371513899377002
d21MaternalDiet_scRNAseq,d21,scRNA-seq,Macrophages,Macrophages,225,Bhlhe41,5.85572006882688,0.389,0.007,0.382,2.08798852734492e-57,2.236885066291868
d21MaternalDiet_scRNAseq,d21,scRNA-seq,Macrophages,Macrophages,226,9930111J21Rik2,5.0699950643486,0.528,0.089,0.43900000000000006,0.00143985423257572,2.2257278332490356
d21MaternalDiet_scRNAseq,d21,scRNA-seq,Macrophages,Macrophages,227,Lilra5,4.47551900044467,0.5,0.005,0.495,2.46265205157749e-299,2.2153819052201116
d21MaternalDiet_scRNAseq,d21,scRNA-seq,Macrophages,Macrophages,228,Tnfrsf13b,3.95250513989744,0.583,0.023,0.5599999999999999,3.35395863372529e-64,2.213402878342566
d21MaternalDiet_scRNAseq,d21,scRNA-seq,Macrophages,Macrophages,229,Gm5150,4.99285517326953,0.444,0.006,0.438,1.53294755951583e-159,2.186870565892054
d21MaternalDiet_scRNAseq,d21,scRNA-seq,Macrophages,Macrophages,230,Gbp5,4.75035164083328,0.556,0.096,0.4600000000000001,5.37933952251033e-16,2.185161754783309
d21MaternalDiet_scRNAseq,d21,scRNA-seq,Macrophages,Macrophages,231,Rcsd1,3.78212263575172,0.639,0.063,0.5760000000000001,1.45757520661475e-39,2.178502638192991
d21MaternalDiet_scRNAseq,d21,scRNA-seq,Macrophages,Macrophages,232,Plet1,4.03745536159252,0.861,0.322,0.5389999999999999,7.37910457803113e-15,2.1761884398983677
d21MaternalDiet_scRNAseq,d21,scRNA-seq,Macrophages,Macrophages,233,Pltp,4.03879227676755,0.556,0.019,0.537,1.10678996308669e-110,2.1688314526241745
d21MaternalDiet_scRNAseq,d21,scRNA-seq,Macrophages,Macrophages,234,Ccr9,3.59283860102014,0.694,0.096,0.598,8.02984727327664e-28,2.1485174834100436
d21MaternalDiet_scRNAseq,d21,scRNA-seq,Macrophages,Macrophages,235,Cd5,4.35633712406651,0.5,0.011,0.489,2.13699151761271e-60,2.1302488536685233
d21MaternalDiet_scRNAseq,d21,scRNA-seq,Macrophages,Macrophages,236,Cytip,4.41001476089746,0.667,0.188,0.47900000000000004,5.76459068198148e-8,2.1123970704698833
d21MaternalDiet_scRNAseq,d21,scRNA-seq,Macrophages,Macrophages,237,Pecam1,3.94990073258562,0.611,0.081,0.53,4.03761984337516e-18,2.093447388270379
d21MaternalDiet_scRNAseq,d21,scRNA-seq,Macrophages,Macrophages,238,Prkcb,4.67942478826058,0.528,0.088,0.44000000000000006,0.0000543583900054559,2.0589469068346555
d21MaternalDiet_scRNAseq,d21,scRNA-seq,Macrophages,Macrophages,239,Cxcl9,5.49090978884039,0.528,0.155,0.373,7.23578631000981e-9,2.0481093512374655
d21MaternalDiet_scRNAseq,d21,scRNA-seq,Macrophages,Macrophages,240,Klrd1,3.22479909562758,0.806,0.185,0.621,3.30118626448616e-20,2.0026002383847272
d21MaternalDiet_scRNAseq,d21,scRNA-seq,Macrophages,Macrophages,241,Cxcl2,4.00958069179062,0.528,0.029,0.499,5.72449711929242e-55,2.0007807652035194
d21MaternalDiet_scRNAseq,d21,scRNA-seq,Macrophages,Macrophages,242,Emp3,3.65347965225798,0.722,0.177,0.5449999999999999,8.73174319639056e-12,1.991146410480599
d21MaternalDiet_scRNAseq,d21,scRNA-seq,Macrophages,Macrophages,243,Fgl2,3.6825302170811,0.806,0.266,0.54,4.53920305846731e-15,1.9885663172237942
d21MaternalDiet_scRNAseq,d21,scRNA-seq,Macrophages,Macrophages,244,Egr2,4.63364863939865,0.5,0.074,0.426,2.17740792139164e-11,1.9739343203838247
d21MaternalDiet_scRNAseq,d21,scRNA-seq,Macrophages,Macrophages,245,Arl4c,4.01792835117602,0.556,0.071,0.48500000000000004,2.24268714363069e-11,1.94869525032037
d21MaternalDiet_scRNAseq,d21,scRNA-seq,Macrophages,Macrophages,246,Gm30211,5.05906819295722,0.389,0.005,0.384,4.77020794583286e-160,1.9426821860955725
d21MaternalDiet_scRNAseq,d21,scRNA-seq,Macrophages,Macrophages,247,Igha,3.62265420883766,0.556,0.02,0.536,1.08496558743979e-52,1.941742655936986
d21MaternalDiet_scRNAseq,d21,scRNA-seq,Macrophages,Macrophages,248,Lst1,4.22006198059232,0.583,0.124,0.45899999999999996,0.00116961688432213,1.9370084490918746
d21MaternalDiet_scRNAseq,d21,scRNA-seq,Macrophages,Macrophages,249,Slamf6,3.79024667818212,0.528,0.019,0.509,2.39888596241916e-53,1.929235559194699
d21MaternalDiet_scRNAseq,d21,scRNA-seq,Macrophages,Macrophages,250,Vcam1,4.3016165925868,0.472,0.024,0.44799999999999995,1.95840196678662e-31,1.9271242334788863
d21MaternalDiet_scRNAseq,d21,scRNA-seq,Macrophages,Macrophages,251,Pygl,3.12272034226836,0.778,0.164,0.614,1.50778208657131e-18,1.917350290152773
d21MaternalDiet_scRNAseq,d21,scRNA-seq,Macrophages,Macrophages,252,Ccdc88a,4.52268862005231,0.583,0.16,0.42299999999999993,6.38378603027689e-8,1.913097286282127
d21MaternalDiet_scRNAseq,d21,scRNA-seq,Macrophages,Macrophages,253,Myo1f,4.75149898688145,0.472,0.071,0.40099999999999997,0.0391121596304355,1.9053510937394613
d21MaternalDiet_scRNAseq,d21,scRNA-seq,Macrophages,Macrophages,254,Gng2,3.59248287583224,0.778,0.248,0.53,5.98308954084866e-15,1.9040159241910872
d21MaternalDiet_scRNAseq,d21,scRNA-seq,Macrophages,Macrophages,255,Icam1,5.03687639807598,0.583,0.212,0.371,0.00241520298720548,1.8686811436861885
d21MaternalDiet_scRNAseq,d21,scRNA-seq,Macrophages,Macrophages,256,Il2rg,3.94664319160861,0.556,0.092,0.4640000000000001,0.00000383667868571056,1.8312424409063954
d21MaternalDiet_scRNAseq,d21,scRNA-seq,Macrophages,Macrophages,257,Ppfia4,4.57145419085635,0.611,0.211,0.4,0.00961815836754669,1.8285816763425402
d21MaternalDiet_scRNAseq,d21,scRNA-seq,Macrophages,Macrophages,258,AI662270,3.53624216365786,0.583,0.067,0.516,3.05331467034381e-18,1.8247009564474557
d21MaternalDiet_scRNAseq,d21,scRNA-seq,Macrophages,Macrophages,259,Rac2,3.55484198189048,0.722,0.209,0.513,7.36333730365677e-11,1.8236339367098164
d21MaternalDiet_scRNAseq,d21,scRNA-seq,Macrophages,Macrophages,260,Ckb,4.32258731577743,0.806,0.389,0.41700000000000004,9.25142120855441e-11,1.8025189106791886
d21MaternalDiet_scRNAseq,d21,scRNA-seq,Macrophages,Macrophages,261,Pim1,3.64675242474394,0.722,0.229,0.493,3.39103876030233e-9,1.7978489453987623
d21MaternalDiet_scRNAseq,d21,scRNA-seq,Macrophages,Macrophages,262,Ctla2b,3.76993204821238,0.528,0.052,0.47600000000000003,8.98457454493158e-32,1.7944876549490931
d21MaternalDiet_scRNAseq,d21,scRNA-seq,Macrophages,Macrophages,263,Batf,3.78221911876437,0.556,0.084,0.47200000000000003,1.29911039238425e-19,1.7852074240567828
d21MaternalDiet_scRNAseq,d21,scRNA-seq,Macrophages,Macrophages,264,Ptpn6,3.25079881928717,0.861,0.314,0.5469999999999999,1.6730966288388e-13,1.7781869541500819
d21MaternalDiet_scRNAseq,d21,scRNA-seq,Macrophages,Macrophages,265,Mctp1,3.4761496361925,0.639,0.136,0.503,1.2253645271816e-14,1.7485032670048275
d21MaternalDiet_scRNAseq,d21,scRNA-seq,Macrophages,Macrophages,266,Gm34680,3.93638357454364,0.472,0.03,0.44199999999999995,1.94328421507084e-29,1.7398815399482888
d21MaternalDiet_scRNAseq,d21,scRNA-seq,Macrophages,Macrophages,267,Ifi204,3.38707178904291,0.528,0.015,0.513,5.60252549207542e-100,1.7375678277790128
d21MaternalDiet_scRNAseq,d21,scRNA-seq,Macrophages,Macrophages,268,Cd79b,4.41521270191006,0.5,0.109,0.391,5.22560324186017e-11,1.7263481664468336
d21MaternalDiet_scRNAseq,d21,scRNA-seq,Macrophages,Macrophages,269,Fcgr2b,4.08873583609366,0.444,0.022,0.422,3.02420927002799e-37,1.7254465228315243
d21MaternalDiet_scRNAseq,d21,scRNA-seq,Macrophages,Macrophages,270,Cd36,5.42396657007053,0.333,0.015,0.318,0.000133827071680278,1.7248213692824288
d21MaternalDiet_scRNAseq,d21,scRNA-seq,Macrophages,Macrophages,271,BC147527,3.33535143695261,0.528,0.015,0.513,2.05335688961276e-85,1.711035287156689
d21MaternalDiet_scRNAseq,d21,scRNA-seq,Macrophages,Macrophages,272,Olfm1,3.94213381315258,0.528,0.094,0.43400000000000005,1.13397778153296e-7,1.71088607490822
d21MaternalDiet_scRNAseq,d21,scRNA-seq,Macrophages,Macrophages,273,Ccl24,3.53579241779121,0.5,0.017,0.483,3.3992656715008e-86,1.7077877377931543
d21MaternalDiet_scRNAseq,d21,scRNA-seq,Macrophages,Macrophages,274,Plxdc2,3.49848109945858,0.5,0.014,0.486,4.85990129845011e-79,1.7002618143368697
d21MaternalDiet_scRNAseq,d21,scRNA-seq,Macrophages,Macrophages,275,Arhgap45,3.85153356732509,0.583,0.143,0.43999999999999995,0.000197947137974489,1.6946747696230393
d21MaternalDiet_scRNAseq,d21,scRNA-seq,Macrophages,Macrophages,276,Msr1,3.60333044425241,0.5,0.031,0.469,2.56263760827591e-38,1.6899619783543802
d21MaternalDiet_scRNAseq,d21,scRNA-seq,Macrophages,Macrophages,277,Itgad,4.49028776531103,0.389,0.013,0.376,1.25464572383388e-61,1.6883481997569474
d21MaternalDiet_scRNAseq,d21,scRNA-seq,Macrophages,Macrophages,278,C5ar1,4.1375301946235,0.417,0.013,0.40399999999999997,1.15150638034812e-92,1.6715621986278941
d21MaternalDiet_scRNAseq,d21,scRNA-seq,Macrophages,Macrophages,279,Mgl2,6.82110576698132,0.25,0.006,0.244,0.000274045293018867,1.6643498071434422
d21MaternalDiet_scRNAseq,d21,scRNA-seq,Macrophages,Macrophages,280,Thbd,5.06291334735091,0.333,0.007,0.326,9.58947278847976e-33,1.6505097512363966
d21MaternalDiet_scRNAseq,d21,scRNA-seq,Macrophages,Macrophages,281,Ifi203,4.20044716742682,0.472,0.08,0.39199999999999996,0.0163589866107159,1.646575289631313
d21MaternalDiet_scRNAseq,d21,scRNA-seq,Macrophages,Macrophages,282,Pik3r5,3.0826622313933,0.611,0.077,0.534,5.58024151803549e-26,1.6461416315640223
d21MaternalDiet_scRNAseq,d21,scRNA-seq,Macrophages,Macrophages,283,Klk8,3.00040011384486,0.611,0.068,0.5429999999999999,2.23151692965613e-26,1.629217261817759
d21MaternalDiet_scRNAseq,d21,scRNA-seq,Macrophages,Macrophages,284,Cd200r1,3.43303743111776,0.5,0.026,0.474,2.67170090785437e-36,1.627259742349818
d21MaternalDiet_scRNAseq,d21,scRNA-seq,Macrophages,Macrophages,285,Lta,4.58032957770885,0.361,0.012,0.349,3.4435350313464e-27,1.5985350226203887
d21MaternalDiet_scRNAseq,d21,scRNA-seq,Macrophages,Macrophages,286,Lat2,3.54162101538704,0.583,0.133,0.44999999999999996,1.40515514008325e-13,1.593729456924168
d21MaternalDiet_scRNAseq,d21,scRNA-seq,Macrophages,Macrophages,287,Klrc1,3.13065719220676,0.528,0.026,0.502,1.8840573522607e-54,1.5715899104877935
d21MaternalDiet_scRNAseq,d21,scRNA-seq,Macrophages,Macrophages,288,Glyat,4.8917892830309,0.333,0.012,0.321,5.02947339061663e-31,1.570264359852919
d21MaternalDiet_scRNAseq,d21,scRNA-seq,Macrophages,Macrophages,289,Cdh5,3.359695475602,0.472,0.007,0.46499999999999997,2.64225138241273e-207,1.56225839615493
d21MaternalDiet_scRNAseq,d21,scRNA-seq,Macrophages,Macrophages,290,Spn,3.30927619813189,0.556,0.085,0.47100000000000003,5.038458367928e-21,1.5586690893201203
d21MaternalDiet_scRNAseq,d21,scRNA-seq,Macrophages,Macrophages,291,Il2ra,3.20646339514019,0.5,0.016,0.484,5.6505230202399e-54,1.551928283247852
d21MaternalDiet_scRNAseq,d21,scRNA-seq,Macrophages,Macrophages,292,Fcrla,3.37780445200982,0.472,0.015,0.45699999999999996,5.60938742772879e-83,1.5436566345684877
d21MaternalDiet_scRNAseq,d21,scRNA-seq,Macrophages,Macrophages,293,Iglc2,4.055496955688,0.417,0.04,0.377,2.44839030086863e-28,1.5289223522943758
d21MaternalDiet_scRNAseq,d21,scRNA-seq,Macrophages,Macrophages,294,Calm4,3.68288579750563,0.417,0.004,0.413,4.09739735309627e-277,1.5210318343698253
d21MaternalDiet_scRNAseq,d21,scRNA-seq,Macrophages,Macrophages,295,Anxa6,3.53076402362132,0.722,0.293,0.429,6.79974619901962e-7,1.5146977661335463
d21MaternalDiet_scRNAseq,d21,scRNA-seq,Macrophages,Macrophages,296,Pdlim2,2.82517926388711,0.722,0.186,0.536,6.58393170924334e-13,1.514296085443491
d21MaternalDiet_scRNAseq,d21,scRNA-seq,Macrophages,Macrophages,297,Fyb,2.63968632505905,0.833,0.261,0.572,6.43264254467902e-13,1.5099005779337766
d21MaternalDiet_scRNAseq,d21,scRNA-seq,Macrophages,Macrophages,298,Clec4a1,3.48103356968599,0.444,0.019,0.425,1.08345066833692e-37,1.4794392671165457
d21MaternalDiet_scRNAseq,d21,scRNA-seq,Macrophages,Macrophages,299,Sash3,3.73207775077619,0.5,0.104,0.396,0.0000321742737719919,1.4779027893073713
d21MaternalDiet_scRNAseq,d21,scRNA-seq,Macrophages,Macrophages,300,Trem3,5.42462392606234,0.278,0.007,0.271,9.55190969407388e-71,1.4700730839628944
d21MaternalDiet_scRNAseq,d21,scRNA-seq,Macrophages,Macrophages,301,Trim30a,3.10984626810058,0.667,0.201,0.466,1.22182591952532e-8,1.4491883609348704
d21MaternalDiet_scRNAseq,d21,scRNA-seq,Macrophages,Macrophages,302,E330020D12Rik,4.05218307857537,0.389,0.037,0.35200000000000004,0.00344385973457708,1.4263684436585302
d21MaternalDiet_scRNAseq,d21,scRNA-seq,Macrophages,Macrophages,303,Hhex,3.66464937856529,0.583,0.194,0.38899999999999996,0.0276019898502043,1.4255486082618978
d21MaternalDiet_scRNAseq,d21,scRNA-seq,Macrophages,Macrophages,304,Unc119,3.01508744560233,0.917,0.457,0.46,9.79510850353862e-12,1.386940224977072
d21MaternalDiet_scRNAseq,d21,scRNA-seq,Macrophages,Macrophages,305,C030013G03Rik,4.60389673067389,0.306,0.007,0.299,2.4587199870781e-79,1.376565122471493
d21MaternalDiet_scRNAseq,d21,scRNA-seq,Macrophages,Macrophages,306,Col15a1,2.88246182017453,0.528,0.058,0.47000000000000003,1.11435280254708e-26,1.3547570554820292
d21MaternalDiet_scRNAseq,d21,scRNA-seq,Macrophages,Macrophages,307,Mzb1,3.36046070527863,0.417,0.021,0.39599999999999996,9.56240431570091e-40,1.3307424392903373
d21MaternalDiet_scRNAseq,d21,scRNA-seq,Macrophages,Macrophages,308,Fcgr4,3.02005623760092,0.444,0.005,0.439,3.16258756961756e-142,1.325804688306804
d21MaternalDiet_scRNAseq,d21,scRNA-seq,Macrophages,Macrophages,309,Fcrls,3.2089768553369,0.417,0.004,0.413,1.04785519326995e-246,1.3253074412541395
d21MaternalDiet_scRNAseq,d21,scRNA-seq,Macrophages,Macrophages,310,Adcy5,3.00573897398235,0.528,0.097,0.43100000000000005,2.59980255259889e-15,1.2954734977863929
d21MaternalDiet_scRNAseq,d21,scRNA-seq,Macrophages,Macrophages,311,Adam22,3.36418412235441,0.528,0.145,0.383,1.85171493229761e-9,1.288482518861739
d21MaternalDiet_scRNAseq,d21,scRNA-seq,Macrophages,Macrophages,312,Gadd45b,3.8934736116152,0.639,0.312,0.327,0.0119000654659565,1.2731658709981704
d21MaternalDiet_scRNAseq,d21,scRNA-seq,Macrophages,Macrophages,313,Gsn,3.30897714246456,1,0.621,0.379,3.3748782003442e-19,1.2541023369940683
d21MaternalDiet_scRNAseq,d21,scRNA-seq,Macrophages,Macrophages,314,Chil1,2.5571490653833,0.528,0.038,0.49000000000000005,9.34578846054058e-30,1.253003042037817
d21MaternalDiet_scRNAseq,d21,scRNA-seq,Macrophages,Macrophages,315,Fcer1g,2.36041259774981,0.778,0.257,0.521,3.5587681221179e-9,1.229774963427651
d21MaternalDiet_scRNAseq,d21,scRNA-seq,Macrophages,Macrophages,316,Vav1,2.67581598278421,0.667,0.209,0.4580000000000001,1.36002006254214e-9,1.2255237201151683
d21MaternalDiet_scRNAseq,d21,scRNA-seq,Macrophages,Macrophages,317,Rab3il1,3.89081134369379,0.333,0.02,0.313,0.0116914982317093,1.2178239505761563
d21MaternalDiet_scRNAseq,d21,scRNA-seq,Macrophages,Macrophages,318,Nin,3.08907851515195,0.639,0.253,0.386,0.00000170186969751445,1.1923843068486528
d21MaternalDiet_scRNAseq,d21,scRNA-seq,Macrophages,Macrophages,319,Ctsh,3.36607636238395,0.972,0.623,0.349,2.77043993792734e-18,1.1747606504719985
d21MaternalDiet_scRNAseq,d21,scRNA-seq,Macrophages,Macrophages,320,Eya1,4.74422627127706,0.25,0.006,0.244,0.0151963539759168,1.1575912101916026
d21MaternalDiet_scRNAseq,d21,scRNA-seq,Macrophages,Macrophages,321,Slco3a1,3.42090674395717,0.417,0.079,0.33799999999999997,0.00556837564424246,1.1562664794575235
d21MaternalDiet_scRNAseq,d21,scRNA-seq,Macrophages,Macrophages,322,Gata3,2.50643710963451,0.5,0.042,0.458,8.02789468505422e-27,1.1479481962126057
d21MaternalDiet_scRNAseq,d21,scRNA-seq,Macrophages,Macrophages,323,Klra2,3.01206371738234,0.389,0.013,0.376,2.0436860852659e-30,1.1325359577357599
d21MaternalDiet_scRNAseq,d21,scRNA-seq,Macrophages,Macrophages,324,Ptpn7,2.23422154580773,0.556,0.059,0.49700000000000005,7.04430874655405e-28,1.1104081082664419
d21MaternalDiet_scRNAseq,d21,scRNA-seq,Macrophages,Macrophages,325,Gpr84,4.15991389703802,0.278,0.015,0.263,0.00000220400800974667,1.0940573549209993
d21MaternalDiet_scRNAseq,d21,scRNA-seq,Macrophages,Macrophages,326,Ifi209,2.97261914517164,0.389,0.021,0.368,2.19726651164808e-9,1.0939238454231635
d21MaternalDiet_scRNAseq,d21,scRNA-seq,Macrophages,Macrophages,327,Gpr137b,2.40494548553838,0.639,0.186,0.453,2.66378768628177e-9,1.089440304948886
d21MaternalDiet_scRNAseq,d21,scRNA-seq,Macrophages,Macrophages,328,Adgb,3.98417855344656,0.278,0.006,0.272,7.16129873692093e-23,1.0836965665374645
d21MaternalDiet_scRNAseq,d21,scRNA-seq,Macrophages,Macrophages,329,Slfn1,2.88588233999195,0.389,0.014,0.375,1.81709662447886e-34,1.0822058774969814
d21MaternalDiet_scRNAseq,d21,scRNA-seq,Macrophages,Macrophages,330,Igf1,3.02184268707248,0.417,0.059,0.358,8.22242252982903e-16,1.0818196819719479
d21MaternalDiet_scRNAseq,d21,scRNA-seq,Macrophages,Macrophages,331,Hes5,3.05752773840166,0.417,0.066,0.351,1.87799848812213e-9,1.0731922361789827
d21MaternalDiet_scRNAseq,d21,scRNA-seq,Macrophages,Macrophages,332,Gbp3,2.89143498628737,0.639,0.268,0.371,0.00000130499224191591,1.0727223799126142
d21MaternalDiet_scRNAseq,d21,scRNA-seq,Macrophages,Macrophages,333,Tnfrsf9,2.19694381788817,0.5,0.022,0.478,4.84599331806823e-35,1.0501391449505453
d21MaternalDiet_scRNAseq,d21,scRNA-seq,Macrophages,Macrophages,334,Phf11d,2.57858454713242,0.528,0.126,0.402,1.07168025927716e-9,1.0365909879472328
d21MaternalDiet_scRNAseq,d21,scRNA-seq,Macrophages,Macrophages,335,Ctss,2.98492623348055,0.972,0.626,0.346,2.5313960998656e-18,1.0327844767842702
d21MaternalDiet_scRNAseq,d21,scRNA-seq,Macrophages,Macrophages,336,Usp18,2.51658975151725,0.583,0.175,0.408,6.88658444348259e-9,1.026768618619038
d21MaternalDiet_scRNAseq,d21,scRNA-seq,Macrophages,Macrophages,337,Ttc28,2.66180811531193,0.417,0.034,0.383,2.20323767985207e-9,1.019472508164469
d21MaternalDiet_scRNAseq,d21,scRNA-seq,Macrophages,Macrophages,338,Pea15a,2.67381070004433,0.639,0.259,0.38,0.00000339248681232706,1.0160480660168454
d21MaternalDiet_scRNAseq,d21,scRNA-seq,Macrophages,Macrophages,339,Parp14,2.35895983452024,0.778,0.353,0.42500000000000004,8.48230376163941e-7,1.002557929671102
d21MaternalDiet_scRNAseq,d21,scRNA-seq,Macrophages,Macrophages,340,Psmb9,2.7980571955738,1,0.646,0.354,8.80979537834738e-17,0.9905122472331251
d21MaternalDiet_scRNAseq,d21,scRNA-seq,Macrophages,Macrophages,341,Gm5547,2.54562911929574,0.472,0.083,0.38899999999999996,0.00000483086859707269,0.9902497274060427
d21MaternalDiet_scRNAseq,d21,scRNA-seq,Macrophages,Macrophages,342,Xlr4a,2.83553057159287,0.361,0.019,0.34199999999999997,5.83183529699921e-15,0.9697514554847614
d21MaternalDiet_scRNAseq,d21,scRNA-seq,Macrophages,Macrophages,343,Serpinf1,3.16940321689967,0.306,0.006,0.3,1.62828302588246e-12,0.950820965069901
d21MaternalDiet_scRNAseq,d21,scRNA-seq,Macrophages,Macrophages,344,B4galnt1,2.46089254812085,0.778,0.392,0.386,0.00000139827842834664,0.949904523574648
d21MaternalDiet_scRNAseq,d21,scRNA-seq,Macrophages,Macrophages,345,Kctd12,2.19238002103896,0.75,0.318,0.432,5.27326467295163e-8,0.9471081690888307
d21MaternalDiet_scRNAseq,d21,scRNA-seq,Macrophages,Macrophages,346,Syndig1l,2.08615320983633,0.472,0.032,0.43999999999999995,8.76812822756376e-41,0.9179074123279851
d21MaternalDiet_scRNAseq,d21,scRNA-seq,Macrophages,Macrophages,347,Lgals1,2.64556846612187,0.667,0.323,0.34400000000000003,0.0000658910135128459,0.9100755523459233
d21MaternalDiet_scRNAseq,d21,scRNA-seq,Macrophages,Macrophages,348,Ly6k,2.7156354704127,0.417,0.083,0.33399999999999996,8.91480310020078e-11,0.9070222471178417
d21MaternalDiet_scRNAseq,d21,scRNA-seq,Macrophages,Macrophages,349,Cacng4,2.01898804539737,0.5,0.054,0.446,5.7044262444171e-28,0.900468668247227
d21MaternalDiet_scRNAseq,d21,scRNA-seq,Macrophages,Macrophages,350,Gm26802,2.38984909080204,0.417,0.041,0.376,1.46351838025033e-8,0.898583258141567
d21MaternalDiet_scRNAseq,d21,scRNA-seq,Macrophages,Macrophages,351,Adamtsl1,3.78538302401079,0.25,0.013,0.237,1.7530030792417e-28,0.8971357766905572
d21MaternalDiet_scRNAseq,d21,scRNA-seq,Macrophages,Macrophages,352,Prf1,2.53248992582892,0.361,0.009,0.352,1.49998559098282e-62,0.8914364538917798
d21MaternalDiet_scRNAseq,d21,scRNA-seq,Macrophages,Macrophages,353,Slc37a2,1.90095326381398,0.556,0.093,0.4630000000000001,5.31663190065083e-11,0.8801413611458729
d21MaternalDiet_scRNAseq,d21,scRNA-seq,Macrophages,Macrophages,354,Hmgn3,1.9096065602696,0.583,0.123,0.45999999999999996,5.32424565007527e-15,0.8784190177240159
d21MaternalDiet_scRNAseq,d21,scRNA-seq,Macrophages,Macrophages,355,Cd44,2.63552782760058,0.75,0.421,0.329,0.00000581872847460266,0.8670886552805908
d21MaternalDiet_scRNAseq,d21,scRNA-seq,Macrophages,Macrophages,356,Fcgr3,2.0375231987183,0.472,0.047,0.425,5.35145122236867e-16,0.8659473594552773
d21MaternalDiet_scRNAseq,d21,scRNA-seq,Macrophages,Macrophages,357,Cotl1,2.83632231137466,0.972,0.667,0.30499999999999994,1.15960893145447e-16,0.8650783049692711
d21MaternalDiet_scRNAseq,d21,scRNA-seq,Macrophages,Macrophages,358,Junb,2.71026179460869,0.944,0.628,0.31599999999999995,1.35230217823403e-11,0.856442727096346
d21MaternalDiet_scRNAseq,d21,scRNA-seq,Macrophages,Macrophages,359,Cfh,2.28695750617326,0.417,0.046,0.371,2.23882436361196e-18,0.8484612347902795
d21MaternalDiet_scRNAseq,d21,scRNA-seq,Macrophages,Macrophages,360,H2-Q7,2.21367098633456,0.778,0.396,0.382,0.00000294070800464153,0.8456223167798018
d21MaternalDiet_scRNAseq,d21,scRNA-seq,Macrophages,Macrophages,361,Prss12,3.23504251904465,0.278,0.017,0.261,2.43294064820403e-21,0.8443460974706537
d21MaternalDiet_scRNAseq,d21,scRNA-seq,Macrophages,Macrophages,362,Psmb8,2.55454296426171,1,0.676,0.32399999999999995,5.89861583476385e-17,0.827671920420794
d21MaternalDiet_scRNAseq,d21,scRNA-seq,Macrophages,Macrophages,363,Stk17b,1.91373222463602,0.833,0.402,0.43099999999999994,0.00000139849202124713,0.8248185888181245
d21MaternalDiet_scRNAseq,d21,scRNA-seq,Macrophages,Macrophages,364,Arg2,2.30079481050815,0.528,0.175,0.35300000000000004,0.000027388294927578,0.8121805681093771
d21MaternalDiet_scRNAseq,d21,scRNA-seq,Macrophages,Macrophages,365,Igf2,3.60162521106222,0.25,0.026,0.224,2.88330693202838e-9,0.8067640472779373
d21MaternalDiet_scRNAseq,d21,scRNA-seq,Macrophages,Macrophages,366,Hpgds,1.95447387145086,0.667,0.265,0.402,0.00000164795740035754,0.7856984963232457
d21MaternalDiet_scRNAseq,d21,scRNA-seq,Macrophages,Macrophages,367,Tuba1a,1.70696606815529,0.778,0.321,0.457,9.91893274452592e-9,0.7800834931469676
d21MaternalDiet_scRNAseq,d21,scRNA-seq,Macrophages,Macrophages,368,Rab44,3.30466115774499,0.25,0.014,0.236,3.56890150354155e-21,0.7799000332278175
d21MaternalDiet_scRNAseq,d21,scRNA-seq,Macrophages,Macrophages,369,Fcer1a,3.13127698232199,0.25,0.003,0.247,1.86678979694429e-142,0.7734254146335315
d21MaternalDiet_scRNAseq,d21,scRNA-seq,Macrophages,Macrophages,370,Mgll,2.23651527486338,0.528,0.187,0.341,0.0000225683315814448,0.7626517087284126
d21MaternalDiet_scRNAseq,d21,scRNA-seq,Macrophages,Macrophages,371,Tmem119,2.29625511578941,0.333,0.005,0.328,8.28383922082278e-26,0.7531716779789265
d21MaternalDiet_scRNAseq,d21,scRNA-seq,Macrophages,Macrophages,372,Cd93,1.71760291417615,0.472,0.037,0.435,1.29067033553682e-37,0.7471572676666253
d21MaternalDiet_scRNAseq,d21,scRNA-seq,Macrophages,Macrophages,373,Npl,1.77499021754252,0.5,0.095,0.405,9.72889025254789e-14,0.7188710381047206
d21MaternalDiet_scRNAseq,d21,scRNA-seq,Macrophages,Macrophages,374,Ptprcap,1.85486361438309,0.556,0.169,0.387,6.53839583601167e-7,0.7178322187662559
d21MaternalDiet_scRNAseq,d21,scRNA-seq,Macrophages,Macrophages,375,Cacna1e,1.94610491322339,0.389,0.021,0.368,4.23272184377127e-21,0.7161666080662076
d21MaternalDiet_scRNAseq,d21,scRNA-seq,Macrophages,Macrophages,376,Arid3a,2.24103821561599,0.528,0.209,0.31900000000000006,0.0109908600494846,0.714891190781501
d21MaternalDiet_scRNAseq,d21,scRNA-seq,Macrophages,Macrophages,377,Hs6st2,2.9140532206331,0.25,0.012,0.238,2.27318226227845e-29,0.6935446665106777
d21MaternalDiet_scRNAseq,d21,scRNA-seq,Macrophages,Macrophages,378,Rbpms,2.24804226797732,0.556,0.251,0.30500000000000005,0.00858495975214224,0.6856528917330827
d21MaternalDiet_scRNAseq,d21,scRNA-seq,Macrophages,Macrophages,379,Rora,1.63533038561388,0.5,0.083,0.417,3.87124321566392e-10,0.681932770800988
d21MaternalDiet_scRNAseq,d21,scRNA-seq,Macrophages,Macrophages,380,Lax1,1.57895685895377,0.444,0.028,0.416,3.75239065393878e-44,0.6568460533247683
d21MaternalDiet_scRNAseq,d21,scRNA-seq,Macrophages,Macrophages,381,Poln,2.87423994100901,0.25,0.025,0.225,3.06745728819828e-9,0.6467039867270272
d21MaternalDiet_scRNAseq,d21,scRNA-seq,Macrophages,Macrophages,382,Fam111a,2.1715565334819,0.778,0.481,0.29700000000000004,0.0000839089960444942,0.6449522904441244
d21MaternalDiet_scRNAseq,d21,scRNA-seq,Macrophages,Macrophages,383,Plod2,1.68132772438242,0.444,0.061,0.383,6.9582008647258e-14,0.6439485184384669
d21MaternalDiet_scRNAseq,d21,scRNA-seq,Macrophages,Macrophages,384,Itpr1,1.80052030616749,0.806,0.452,0.35400000000000004,0.00104432532410936,0.6373841883832915
d21MaternalDiet_scRNAseq,d21,scRNA-seq,Macrophages,Macrophages,385,Ifng,1.82650552027748,0.361,0.015,0.346,2.45588484147062e-42,0.631970910016008
d21MaternalDiet_scRNAseq,d21,scRNA-seq,Macrophages,Macrophages,386,Ifi27l2a,2.06027582104056,0.583,0.279,0.30399999999999994,0.00507242491078434,0.62632384959633
d21MaternalDiet_scRNAseq,d21,scRNA-seq,Macrophages,Macrophages,387,Coro2a,1.70428337492212,0.806,0.44,0.36600000000000005,0.000042584678063994,0.623767715221496
d21MaternalDiet_scRNAseq,d21,scRNA-seq,Macrophages,Macrophages,388,Ipcef1,1.72078611899766,0.472,0.113,0.359,0.00000601884435483367,0.61776221672016
d21MaternalDiet_scRNAseq,d21,scRNA-seq,Macrophages,Macrophages,389,Ccdc184,1.8366426101679,0.361,0.027,0.33399999999999996,3.01781130075103e-26,0.6134386317960786
d21MaternalDiet_scRNAseq,d21,scRNA-seq,Macrophages,Macrophages,390,C1qa,1.19020320662748,0.611,0.096,0.515,3.31077121605692e-17,0.6129546514131522
d21MaternalDiet_scRNAseq,d21,scRNA-seq,Macrophages,Macrophages,391,Cxcl13,2.50365112310846,0.333,0.09,0.24300000000000002,0.00581421486614572,0.6083872229153559
d21MaternalDiet_scRNAseq,d21,scRNA-seq,Macrophages,Macrophages,392,Ikzf3,2.18232416881261,0.361,0.086,0.275,0.00000791467126118428,0.6001391464234678
d21MaternalDiet_scRNAseq,d21,scRNA-seq,Macrophages,Macrophages,393,Gm21762,1.45161428769881,0.417,0.006,0.411,1.5813058056771e-121,0.5966134722442109
d21MaternalDiet_scRNAseq,d21,scRNA-seq,Macrophages,Macrophages,394,Spib,1.8084213588302,0.417,0.1,0.31699999999999995,5.18708116389196e-7,0.5732695707491733
d21MaternalDiet_scRNAseq,d21,scRNA-seq,Macrophages,Macrophages,395,Cd2,1.95310070811867,0.333,0.042,0.29100000000000004,1.53821132217351e-8,0.5683523060625331
d21MaternalDiet_scRNAseq,d21,scRNA-seq,Macrophages,Macrophages,396,Nefl,1.43520806657084,0.417,0.029,0.38799999999999996,1.0993865268312e-28,0.5568607298294859
d21MaternalDiet_scRNAseq,d21,scRNA-seq,Macrophages,Macrophages,397,St6galnac3,1.49388214428143,0.389,0.021,0.368,1.9103382313062e-30,0.5497486290955662
d21MaternalDiet_scRNAseq,d21,scRNA-seq,Macrophages,Macrophages,398,S1pr4,1.50329857534638,0.417,0.055,0.362,1.83799398366185e-12,0.5441940842753895
d21MaternalDiet_scRNAseq,d21,scRNA-seq,Macrophages,Macrophages,399,Hcst,1.42489780409422,0.528,0.175,0.35300000000000004,0.0335091041392179,0.5029889248452597
d21MaternalDiet_scRNAseq,d21,scRNA-seq,Macrophages,Macrophages,400,Scnn1g,1.62749111773204,0.389,0.088,0.30100000000000005,0.0000586556969993995,0.4898748264373441
d21MaternalDiet_scRNAseq,d21,scRNA-seq,Macrophages,Macrophages,401,Hsd11b1,1.47155854406727,0.389,0.058,0.331,3.17630074446915e-8,0.4870858780862664
d21MaternalDiet_scRNAseq,d21,scRNA-seq,Macrophages,Macrophages,402,Klf6,1.70237219414652,0.778,0.496,0.28200000000000003,0.000152016486482827,0.48006895874931865
d21MaternalDiet_scRNAseq,d21,scRNA-seq,Macrophages,Macrophages,403,Angpt1,2.14328804954746,0.25,0.028,0.222,5.68027348636221e-10,0.4758099469995361
d21MaternalDiet_scRNAseq,d21,scRNA-seq,Macrophages,Macrophages,404,Ddah2,1.19303593811595,0.528,0.13,0.398,3.73483916119045e-7,0.47482830337014814
d21MaternalDiet_scRNAseq,d21,scRNA-seq,Macrophages,Macrophages,405,Pstpip2,1.27762171558516,0.556,0.202,0.35400000000000004,0.0000133702849197902,0.45227808731714664
d21MaternalDiet_scRNAseq,d21,scRNA-seq,Macrophages,Macrophages,406,Gbp7,1.22410508662326,0.639,0.288,0.35100000000000003,0.0063899869175193,0.42966088540476427
d21MaternalDiet_scRNAseq,d21,scRNA-seq,Macrophages,Macrophages,407,Cbfa2t3,1.75494910042348,0.889,0.647,0.242,3.06546487565985e-7,0.42469768230248217
d21MaternalDiet_scRNAseq,d21,scRNA-seq,Macrophages,Macrophages,408,Sell,0.974659582426904,0.444,0.031,0.41300000000000003,2.70566564534149e-39,0.4025344075423114
d21MaternalDiet_scRNAseq,d21,scRNA-seq,Macrophages,Macrophages,409,Ids,1.38090359705584,0.611,0.321,0.29,0.0318266916468585,0.4004620431461936
d21MaternalDiet_scRNAseq,d21,scRNA-seq,Macrophages,Macrophages,410,Bst2,1.58524172897364,0.972,0.725,0.247,1.43777014864697e-10,0.3915547070564891
d21MaternalDiet_scRNAseq,d21,scRNA-seq,Macrophages,Macrophages,411,Ly6g6c,1.39682745420973,0.417,0.14,0.27699999999999997,0.00286355867645003,0.3869212048160952
d21MaternalDiet_scRNAseq,d21,scRNA-seq,Macrophages,Macrophages,412,Ifngr1,1.87965036939293,0.917,0.713,0.20400000000000007,0.00000285319186587054,0.38344867535615784
d21MaternalDiet_scRNAseq,d21,scRNA-seq,Macrophages,Macrophages,413,Cd8a,0.798481419145173,0.528,0.049,0.47900000000000004,5.4473352738408e-30,0.3824725997705379
d21MaternalDiet_scRNAseq,d21,scRNA-seq,Macrophages,Macrophages,414,Klrb1c,0.962525736949319,0.417,0.044,0.373,2.0359418523039e-12,0.359022099882096
d21MaternalDiet_scRNAseq,d21,scRNA-seq,Macrophages,Macrophages,415,Camk2b,0.939095350505108,0.556,0.179,0.37700000000000006,0.00000911377882904758,0.3540389471404258
d21MaternalDiet_scRNAseq,d21,scRNA-seq,Macrophages,Macrophages,416,Klrc2,1.61727404856829,0.25,0.033,0.217,0.000001421472530801,0.35094846853931894
d21MaternalDiet_scRNAseq,d21,scRNA-seq,Macrophages,Macrophages,417,Igfbp7,1.08174237247526,0.333,0.033,0.30000000000000004,1.94950300710399e-14,0.324522711742578
d21MaternalDiet_scRNAseq,d21,scRNA-seq,Macrophages,Macrophages,418,Gata2,1.4073880402624,0.25,0.028,0.222,8.7168825377063e-9,0.3124401449382528
d21MaternalDiet_scRNAseq,d21,scRNA-seq,Macrophages,Macrophages,419,Ets1,0.938276756347782,0.556,0.237,0.31900000000000006,0.00346921390163342,0.2993102852749425
d21MaternalDiet_scRNAseq,d21,scRNA-seq,Macrophages,Macrophages,420,Ifi47,0.982394417237719,0.528,0.238,0.29000000000000004,0.010953225479582,0.28489438099893855
d21MaternalDiet_scRNAseq,d21,scRNA-seq,Macrophages,Macrophages,421,Edn1,0.753100728943431,0.528,0.16,0.368,0.0000199710259115314,0.2771410682511826
d21MaternalDiet_scRNAseq,d21,scRNA-seq,Macrophages,Macrophages,422,Arg1,0.919694685768762,0.444,0.154,0.29000000000000004,0.0446327458063299,0.266711458872941
d21MaternalDiet_scRNAseq,d21,scRNA-seq,Macrophages,Macrophages,423,Lck,0.846786784949219,0.5,0.22,0.28,0.0131148510808734,0.23710029978578134
d21MaternalDiet_scRNAseq,d21,scRNA-seq,Macrophages,Macrophages,424,H19,0.899737433796951,0.306,0.068,0.238,0.0000204891675507001,0.21413750924367433
d21MaternalDiet_scRNAseq,d21,scRNA-seq,Macrophages,Macrophages,425,Cyp2d10,0.615740700349606,0.528,0.184,0.34400000000000003,0.000153055725004829,0.2118148009202645
d21MaternalDiet_scRNAseq,d21,scRNA-seq,Macrophages,Macrophages,426,Ptprh,0.509670485624381,0.528,0.181,0.34700000000000003,0.0000716337804325504,0.1768556585116602
d21MaternalDiet_scRNAseq,d21,scRNA-seq,Macrophages,Macrophages,427,Ncr1,0.447003351260744,0.361,0.046,0.315,8.04451804327491e-15,0.14080605564713436
d21MaternalDiet_scRNAseq,d21,scRNA-seq,Macrophages,Macrophages,428,Klre1,0.621695708498056,0.25,0.027,0.223,7.53531175010093e-10,0.1386381429950665
d21MaternalDiet_scRNAseq,d21,scRNA-seq,Macrophages,Macrophages,429,Il18r1,0.510914944289902,0.25,0.049,0.201,0.0176192698323763,0.10269390380227031
d21MaternalDiet_scRNAseq,d21,scRNA-seq,Macrophages,Macrophages,430,Rprml,0.275963082079246,0.417,0.089,0.32799999999999996,0.0000026767834619614,0.09051589092199268
d21MaternalDiet_scRNAseq,d21,scRNA-seq,MastCells,MastCells,1,Gata2,10.197531670787,0.891,0.025,0.866,6.04099879247983e-188,8.831062426901543
d21MaternalDiet_scRNAseq,d21,scRNA-seq,MastCells,MastCells,2,Ms4a2,9.52499622796537,0.935,0.026,0.909,5.62395613093898e-273,8.658221571220523
d21MaternalDiet_scRNAseq,d21,scRNA-seq,MastCells,MastCells,3,Cpa3,9.74532066022154,1,0.133,0.867,1.3576829185556e-68,8.449193012412074
d21MaternalDiet_scRNAseq,d21,scRNA-seq,MastCells,MastCells,4,Cd34,9.52481249244672,0.826,0.084,0.742,2.56161630114615e-66,7.0674108693954665
d21MaternalDiet_scRNAseq,d21,scRNA-seq,MastCells,MastCells,5,Rgs18,8.23513344228212,0.826,0.025,0.8009999999999999,3.69442407153468e-160,6.596341887267977
d21MaternalDiet_scRNAseq,d21,scRNA-seq,MastCells,MastCells,6,Il1rl1,9.6725521672777,0.674,0.026,0.648,1.97144481062361e-87,6.26781380439595
d21MaternalDiet_scRNAseq,d21,scRNA-seq,MastCells,MastCells,7,Cyp11a1,8.75356626003583,0.739,0.046,0.693,4.37269175862195e-69,6.06622141820483
d21MaternalDiet_scRNAseq,d21,scRNA-seq,MastCells,MastCells,8,Ifitm1,9.13136922115101,0.978,0.316,0.6619999999999999,4.52073269935435e-37,6.044966424401967
d21MaternalDiet_scRNAseq,d21,scRNA-seq,MastCells,MastCells,9,Tmem273,7.69836531429956,0.761,0.025,0.736,2.95873969010205e-137,5.6659968713244755
d21MaternalDiet_scRNAseq,d21,scRNA-seq,MastCells,MastCells,10,Npl,8.29448471884881,0.739,0.093,0.646,2.54008368555242e-50,5.358237128376332
d21MaternalDiet_scRNAseq,d21,scRNA-seq,MastCells,MastCells,11,H19,9.7740973779365,0.609,0.067,0.542,4.20983451719978e-49,5.297560778841583
d21MaternalDiet_scRNAseq,d21,scRNA-seq,MastCells,MastCells,12,E330020D12Rik,8.59824761722131,0.652,0.036,0.616,2.14482460210596e-81,5.296520532208326
d21MaternalDiet_scRNAseq,d21,scRNA-seq,MastCells,MastCells,13,Prkcb,6.8453270038019,0.848,0.087,0.761,3.66337295525548e-72,5.209293849893246
d21MaternalDiet_scRNAseq,d21,scRNA-seq,MastCells,MastCells,14,Samsn1,6.2778253367766,0.87,0.042,0.828,1.10692063456949e-139,5.198039378851025
d21MaternalDiet_scRNAseq,d21,scRNA-seq,MastCells,MastCells,15,Mcpt1,9.64218989692366,0.978,0.451,0.5269999999999999,5.73729612048452e-31,5.081434075678769
d21MaternalDiet_scRNAseq,d21,scRNA-seq,MastCells,MastCells,16,Mcpt2,10.0019609825201,0.957,0.449,0.508,1.81740234722779e-29,5.080996179120211
d21MaternalDiet_scRNAseq,d21,scRNA-seq,MastCells,MastCells,17,Mcpt8,11.2502239135167,0.5,0.068,0.432,7.35983339814771e-18,4.860096730639214
d21MaternalDiet_scRNAseq,d21,scRNA-seq,MastCells,MastCells,18,Emilin2,8.58853915675291,0.565,0.007,0.5579999999999999,7.32725353226806e-220,4.792404849468124
d21MaternalDiet_scRNAseq,d21,scRNA-seq,MastCells,MastCells,19,Csf2rb,6.30204364666442,0.826,0.073,0.753,2.8477904921373e-73,4.745438865938309
d21MaternalDiet_scRNAseq,d21,scRNA-seq,MastCells,MastCells,20,Rgs1,5.62492984499388,0.935,0.092,0.8430000000000001,5.58077002294515e-72,4.741815859329841
d21MaternalDiet_scRNAseq,d21,scRNA-seq,MastCells,MastCells,21,Angpt1,9.557865178654,0.522,0.027,0.495,5.8766767152174e-46,4.731143263433729
d21MaternalDiet_scRNAseq,d21,scRNA-seq,MastCells,MastCells,22,Itgae,6.68919324426671,0.848,0.147,0.701,1.20994781873535e-40,4.6891244642309635
d21MaternalDiet_scRNAseq,d21,scRNA-seq,MastCells,MastCells,23,Cx3cr1,6.32547077865627,0.826,0.095,0.731,1.28118964999356e-52,4.623919139197733
d21MaternalDiet_scRNAseq,d21,scRNA-seq,MastCells,MastCells,24,Gngt2,5.49982034085416,0.935,0.121,0.8140000000000001,4.11791036109089e-53,4.476853757455286
d21MaternalDiet_scRNAseq,d21,scRNA-seq,MastCells,MastCells,25,Ubash3b,6.46601115110167,0.891,0.199,0.692,3.23314001273689e-35,4.474479716562355
d21MaternalDiet_scRNAseq,d21,scRNA-seq,MastCells,MastCells,26,Hs6st2,9.29081651025574,0.478,0.011,0.46699999999999997,1.45997147481573e-152,4.33881131028943
d21MaternalDiet_scRNAseq,d21,scRNA-seq,MastCells,MastCells,27,Clec4a2,6.86749790163794,0.652,0.027,0.625,5.14361691235026e-98,4.292186188523712
d21MaternalDiet_scRNAseq,d21,scRNA-seq,MastCells,MastCells,28,Tmem233,9.80395640234926,0.435,0.004,0.431,6.02755144063964e-169,4.225505209412531
d21MaternalDiet_scRNAseq,d21,scRNA-seq,MastCells,MastCells,29,Klk8,5.69860208092762,0.783,0.067,0.716,2.84338609860645e-62,4.080199089944176
d21MaternalDiet_scRNAseq,d21,scRNA-seq,MastCells,MastCells,30,Fcer1a,10.2835425813903,0.391,0.002,0.389,0,4.000298064160827
d21MaternalDiet_scRNAseq,d21,scRNA-seq,MastCells,MastCells,31,Cd244a,5.72630243781514,0.761,0.065,0.696,2.24178597799711e-68,3.985506496719337
d21MaternalDiet_scRNAseq,d21,scRNA-seq,MastCells,MastCells,32,Alox5ap,5.37260655541166,1,0.264,0.736,3.96468615798131e-42,3.954238424782982
d21MaternalDiet_scRNAseq,d21,scRNA-seq,MastCells,MastCells,33,Mcpt4,9.17419738726273,0.565,0.135,0.42999999999999994,7.72198508705702e-19,3.944904876522973
d21MaternalDiet_scRNAseq,d21,scRNA-seq,MastCells,MastCells,34,Laptm5,4.83335010700839,1,0.191,0.8089999999999999,6.51376357050339e-43,3.9101802365697873
d21MaternalDiet_scRNAseq,d21,scRNA-seq,MastCells,MastCells,35,Ttc28,6.69423862621039,0.609,0.033,0.576,7.7901752607679e-58,3.855881448697184
d21MaternalDiet_scRNAseq,d21,scRNA-seq,MastCells,MastCells,36,Rhoh,5.28016033665509,0.804,0.079,0.7250000000000001,2.91433090370285e-56,3.8281162440749408
d21MaternalDiet_scRNAseq,d21,scRNA-seq,MastCells,MastCells,37,Srgn,5.20258355605514,0.978,0.245,0.733,1.7021893773682e-40,3.813493746588418
d21MaternalDiet_scRNAseq,d21,scRNA-seq,MastCells,MastCells,38,Ikzf1,5.40325114676401,0.783,0.085,0.6980000000000001,3.25063397714697e-54,3.771469300441279
d21MaternalDiet_scRNAseq,d21,scRNA-seq,MastCells,MastCells,39,Basp1,5.39634407918352,0.761,0.067,0.694,1.03691413037397e-65,3.7450627909533627
d21MaternalDiet_scRNAseq,d21,scRNA-seq,MastCells,MastCells,40,Lst1,5.436511618757,0.804,0.122,0.682,2.50259606797055e-35,3.7077009239922742
d21MaternalDiet_scRNAseq,d21,scRNA-seq,MastCells,MastCells,41,Cst7,5.75170287685654,0.696,0.059,0.637,6.30534210612662e-53,3.663834732557616
d21MaternalDiet_scRNAseq,d21,scRNA-seq,MastCells,MastCells,42,Itgb7,5.2666350447342,0.804,0.113,0.6910000000000001,7.33325016775947e-43,3.639244815911333
d21MaternalDiet_scRNAseq,d21,scRNA-seq,MastCells,MastCells,43,Fcer1g,4.86328041978075,1,0.255,0.745,5.08350209254544e-38,3.623143912736659
d21MaternalDiet_scRNAseq,d21,scRNA-seq,MastCells,MastCells,44,Poln,8.33655649281333,0.457,0.024,0.433,1.90850707533973e-47,3.609728961388172
d21MaternalDiet_scRNAseq,d21,scRNA-seq,MastCells,MastCells,45,Rac2,4.39034136895326,1,0.208,0.792,2.74482809884719e-39,3.4771503642109822
d21MaternalDiet_scRNAseq,d21,scRNA-seq,MastCells,MastCells,46,Csf2rb2,6.99004156520829,0.522,0.027,0.495,2.50963534595931e-43,3.4600705747781033
d21MaternalDiet_scRNAseq,d21,scRNA-seq,MastCells,MastCells,47,AI662270,5.12999061272435,0.739,0.066,0.673,3.27644164426241e-46,3.4524836823634875
d21MaternalDiet_scRNAseq,d21,scRNA-seq,MastCells,MastCells,48,Adamtsl1,9.1129557603056,0.391,0.013,0.378,4.4440205352877e-98,3.4446972773955165
d21MaternalDiet_scRNAseq,d21,scRNA-seq,MastCells,MastCells,49,Rab44,9.0160987107104,0.391,0.013,0.378,1.18078576971325e-73,3.4080853126485313
d21MaternalDiet_scRNAseq,d21,scRNA-seq,MastCells,MastCells,50,Zeb2,5.16370300365313,0.696,0.049,0.6469999999999999,5.11895754324053e-73,3.340915843363575
d21MaternalDiet_scRNAseq,d21,scRNA-seq,MastCells,MastCells,51,Rapsn,7.78956569500569,0.435,0.009,0.426,6.2062632057382e-56,3.318354986072424
d21MaternalDiet_scRNAseq,d21,scRNA-seq,MastCells,MastCells,52,Arhgdib,4.36004680183171,1,0.243,0.757,2.02538532328163e-38,3.3005554289866046
d21MaternalDiet_scRNAseq,d21,scRNA-seq,MastCells,MastCells,53,Tyrobp,4.36515699841114,1,0.247,0.753,1.8686510729925e-38,3.2869632198035887
d21MaternalDiet_scRNAseq,d21,scRNA-seq,MastCells,MastCells,54,Pecam1,6.42915455295003,0.587,0.08,0.507,5.2619154383795e-16,3.2595813583456654
d21MaternalDiet_scRNAseq,d21,scRNA-seq,MastCells,MastCells,55,Tespa1,5.69424913795552,0.674,0.105,0.5690000000000001,1.95397935139047e-31,3.2400277594966913
d21MaternalDiet_scRNAseq,d21,scRNA-seq,MastCells,MastCells,56,Runx3,4.45099880195562,0.848,0.121,0.727,1.92261750764174e-43,3.2358761290217357
d21MaternalDiet_scRNAseq,d21,scRNA-seq,MastCells,MastCells,57,Rnase6,4.69697679833661,0.761,0.078,0.683,1.6425094881227e-53,3.2080351532639053
d21MaternalDiet_scRNAseq,d21,scRNA-seq,MastCells,MastCells,58,Abi3,4.9268112589271,0.783,0.135,0.648,6.20944879430642e-31,3.192573695784761
d21MaternalDiet_scRNAseq,d21,scRNA-seq,MastCells,MastCells,59,Gpr65,5.58405883894418,0.587,0.03,0.5569999999999999,1.73358148848583e-48,3.1103207732919076
d21MaternalDiet_scRNAseq,d21,scRNA-seq,MastCells,MastCells,60,Coro1a,3.91739983482621,1,0.222,0.778,2.20865067758019e-37,3.0477370714947916
d21MaternalDiet_scRNAseq,d21,scRNA-seq,MastCells,MastCells,61,Ptpn7,5.32284866222023,0.63,0.058,0.572,1.77839022646565e-47,3.0446694347899714
d21MaternalDiet_scRNAseq,d21,scRNA-seq,MastCells,MastCells,62,Mcpt9,9.02813117345194,0.391,0.058,0.333,0.00000116811561886712,3.006367680759496
d21MaternalDiet_scRNAseq,d21,scRNA-seq,MastCells,MastCells,63,Lat2,5.77236468929226,0.652,0.132,0.52,6.63998008419043e-22,3.0016296384319756
d21MaternalDiet_scRNAseq,d21,scRNA-seq,MastCells,MastCells,64,Arhgap45,4.9126879759192,0.739,0.142,0.597,3.59104773986193e-27,2.932874721623762
d21MaternalDiet_scRNAseq,d21,scRNA-seq,MastCells,MastCells,65,Lcp1,3.93391255318165,1,0.289,0.7110000000000001,2.26787946593562e-32,2.7970118253121536
d21MaternalDiet_scRNAseq,d21,scRNA-seq,MastCells,MastCells,66,Sash3,5.5037072002028,0.609,0.104,0.505,7.71979579842216e-27,2.7793721361024137
d21MaternalDiet_scRNAseq,d21,scRNA-seq,MastCells,MastCells,67,Gm973,9.52839784223186,0.304,0.013,0.291,7.53414254209103e-33,2.772763772089471
d21MaternalDiet_scRNAseq,d21,scRNA-seq,MastCells,MastCells,68,Hcls1,4.36240513386195,0.717,0.1,0.617,1.93423236065065e-36,2.691603967592823
d21MaternalDiet_scRNAseq,d21,scRNA-seq,MastCells,MastCells,69,Fxyd5,3.88661520495177,0.891,0.211,0.68,1.077929516547e-28,2.642898339367204
d21MaternalDiet_scRNAseq,d21,scRNA-seq,MastCells,MastCells,70,Rgs10,4.27982742690589,0.913,0.304,0.609,9.96055803022712e-27,2.606414902985687
d21MaternalDiet_scRNAseq,d21,scRNA-seq,MastCells,MastCells,71,Itga2b,8.11120271847664,0.37,0.053,0.317,2.37170824820273e-8,2.571251261757095
d21MaternalDiet_scRNAseq,d21,scRNA-seq,MastCells,MastCells,72,Cd93,6.771140513011,0.413,0.037,0.376,9.31054088336941e-20,2.545948832892136
d21MaternalDiet_scRNAseq,d21,scRNA-seq,MastCells,MastCells,73,Gm2a,4.30507705823675,0.848,0.26,0.588,9.69223975038092e-22,2.531385310243209
d21MaternalDiet_scRNAseq,d21,scRNA-seq,MastCells,MastCells,74,Cd300a,5.83427067209047,0.457,0.025,0.432,1.12095750244269e-51,2.5204049303430827
d21MaternalDiet_scRNAseq,d21,scRNA-seq,MastCells,MastCells,75,Il2rg,4.32960303041599,0.652,0.091,0.561,3.59924769735765e-33,2.4289073000633707
d21MaternalDiet_scRNAseq,d21,scRNA-seq,MastCells,MastCells,76,Cyfip2,4.58129763873041,0.587,0.063,0.524,1.90583385422335e-38,2.400599962694735
d21MaternalDiet_scRNAseq,d21,scRNA-seq,MastCells,MastCells,77,Fcgr3,4.97000991921249,0.522,0.046,0.47600000000000003,1.32105316387913e-41,2.3657247215451456
d21MaternalDiet_scRNAseq,d21,scRNA-seq,MastCells,MastCells,78,Myo1f,5.21815178085289,0.522,0.07,0.452,8.47749775263105e-22,2.3586046049455063
d21MaternalDiet_scRNAseq,d21,scRNA-seq,MastCells,MastCells,79,Dock2,4.79899602308152,0.587,0.107,0.48,1.71621155299097e-16,2.3035180910791295
d21MaternalDiet_scRNAseq,d21,scRNA-seq,MastCells,MastCells,80,Igf2,8.95325285213473,0.283,0.026,0.25699999999999995,8.0402405553457e-17,2.300985982998625
d21MaternalDiet_scRNAseq,d21,scRNA-seq,MastCells,MastCells,81,Rasgrp1,4.9061149795668,0.5,0.032,0.46799999999999997,2.22095509531385e-39,2.296061810437262
d21MaternalDiet_scRNAseq,d21,scRNA-seq,MastCells,MastCells,82,Msn,4.04942094232496,0.761,0.195,0.5660000000000001,6.60307146412456e-20,2.2919722533559277
d21MaternalDiet_scRNAseq,d21,scRNA-seq,MastCells,MastCells,83,Scin,4.42313902910577,0.978,0.474,0.504,8.2937681082665e-28,2.229262070669308
d21MaternalDiet_scRNAseq,d21,scRNA-seq,MastCells,MastCells,84,Gnb4,6.73020232341791,0.37,0.041,0.329,3.91620296959193e-11,2.2142365644044926
d21MaternalDiet_scRNAseq,d21,scRNA-seq,MastCells,MastCells,85,Fgl2,4.07174969096968,0.804,0.266,0.538,5.27499817485088e-20,2.190601333741688
d21MaternalDiet_scRNAseq,d21,scRNA-seq,MastCells,MastCells,86,Rgs2,3.75058874929487,0.804,0.226,0.5780000000000001,1.59146564548896e-17,2.167840297092435
d21MaternalDiet_scRNAseq,d21,scRNA-seq,MastCells,MastCells,87,Car8,4.10988261362734,0.87,0.345,0.525,2.24862551382967e-21,2.1576883721543534
d21MaternalDiet_scRNAseq,d21,scRNA-seq,MastCells,MastCells,88,Itgax,4.69397425821952,0.543,0.085,0.458,3.11736737004069e-15,2.14984021026454
d21MaternalDiet_scRNAseq,d21,scRNA-seq,MastCells,MastCells,89,Hlf,7.22993028419591,0.304,0.007,0.297,1.17155225664443e-19,2.147289294406185
d21MaternalDiet_scRNAseq,d21,scRNA-seq,MastCells,MastCells,90,Gpr141,5.32057022446122,0.435,0.033,0.402,1.62901119318662e-37,2.1388692302334107
d21MaternalDiet_scRNAseq,d21,scRNA-seq,MastCells,MastCells,91,Slc6a13,5.96100021661433,0.457,0.104,0.35300000000000004,3.40195340933733e-12,2.1042330764648587
d21MaternalDiet_scRNAseq,d21,scRNA-seq,MastCells,MastCells,92,Otulinl,4.40313512507053,0.587,0.117,0.47,1.73205107512505e-14,2.069473508783149
d21MaternalDiet_scRNAseq,d21,scRNA-seq,MastCells,MastCells,93,Celf2,4.20304905670077,0.696,0.208,0.488,3.81852996252586e-15,2.051087939669976
d21MaternalDiet_scRNAseq,d21,scRNA-seq,MastCells,MastCells,94,Arhgap30,3.86287659536193,0.63,0.115,0.515,5.2370749208163e-25,1.989381446611394
d21MaternalDiet_scRNAseq,d21,scRNA-seq,MastCells,MastCells,95,St8sia4,3.9103984251965,0.543,0.058,0.48500000000000004,1.26754651466831e-32,1.8965432362203027
d21MaternalDiet_scRNAseq,d21,scRNA-seq,MastCells,MastCells,96,Kit,3.86899351884788,1,0.51,0.49,6.1719485964093e-27,1.895806824235461
d21MaternalDiet_scRNAseq,d21,scRNA-seq,MastCells,MastCells,97,Ikzf2,3.42414277657592,0.826,0.273,0.5529999999999999,2.73148583319852e-19,1.8935509554464833
d21MaternalDiet_scRNAseq,d21,scRNA-seq,MastCells,MastCells,98,Selplg,3.59712888879061,0.674,0.159,0.515,4.83148678680919e-15,1.8525213777271643
d21MaternalDiet_scRNAseq,d21,scRNA-seq,MastCells,MastCells,99,Limd2,3.55070590681129,0.761,0.242,0.519,2.77295972504391e-18,1.8428163656350596
d21MaternalDiet_scRNAseq,d21,scRNA-seq,MastCells,MastCells,100,Prnp,4.74266825076507,0.739,0.352,0.387,2.34147467522709e-13,1.8354126130460822
d21MaternalDiet_scRNAseq,d21,scRNA-seq,MastCells,MastCells,101,Ppp1r18,4.0672433979534,0.543,0.094,0.44900000000000007,2.42604259821992e-16,1.826192285681077
d21MaternalDiet_scRNAseq,d21,scRNA-seq,MastCells,MastCells,102,Hpgds,3.82983393604791,0.739,0.265,0.474,7.30061768610915e-16,1.8153412856867093
d21MaternalDiet_scRNAseq,d21,scRNA-seq,MastCells,MastCells,103,Satb1,4.83123171616371,0.457,0.082,0.375,3.77770545138616e-16,1.8117118935613914
d21MaternalDiet_scRNAseq,d21,scRNA-seq,MastCells,MastCells,104,Inpp5d,4.37650158564286,0.543,0.131,0.41200000000000003,6.08774880005882e-11,1.8031186532848584
d21MaternalDiet_scRNAseq,d21,scRNA-seq,MastCells,MastCells,105,Matk,3.87493929908692,0.587,0.122,0.46499999999999997,2.62691987961457e-19,1.8018467740754176
d21MaternalDiet_scRNAseq,d21,scRNA-seq,MastCells,MastCells,106,Cd37,3.77996674548375,0.696,0.221,0.475,1.90710392321085e-15,1.7954842041047812
d21MaternalDiet_scRNAseq,d21,scRNA-seq,MastCells,MastCells,107,Ptprcap,2.98047612667889,0.761,0.168,0.593,5.23418545765912e-23,1.7674223431205816
d21MaternalDiet_scRNAseq,d21,scRNA-seq,MastCells,MastCells,108,Arhgap15,4.25665975547366,0.457,0.048,0.40900000000000003,4.10959719216109e-29,1.740973839988727
d21MaternalDiet_scRNAseq,d21,scRNA-seq,MastCells,MastCells,109,Napsa,4.01740118638998,0.543,0.112,0.43100000000000005,4.803003884387e-13,1.7314999113340817
d21MaternalDiet_scRNAseq,d21,scRNA-seq,MastCells,MastCells,110,Lat,4.14004734792684,0.522,0.105,0.41700000000000004,7.92036703694009e-17,1.7263997440854926
d21MaternalDiet_scRNAseq,d21,scRNA-seq,MastCells,MastCells,111,Emp3,3.60524090534331,0.652,0.177,0.47500000000000003,1.21761915582529e-13,1.7124894300380724
d21MaternalDiet_scRNAseq,d21,scRNA-seq,MastCells,MastCells,112,Fyb,2.99624921076513,0.826,0.26,0.566,1.75302316922286e-17,1.6958770532930634
d21MaternalDiet_scRNAseq,d21,scRNA-seq,MastCells,MastCells,113,Spi1,3.97420505500885,0.457,0.032,0.42500000000000004,2.82212444446413e-24,1.6890371483787614
d21MaternalDiet_scRNAseq,d21,scRNA-seq,MastCells,MastCells,114,Gpsm3,3.87061179634996,0.609,0.177,0.432,2.24688300780901e-13,1.6721042960231827
d21MaternalDiet_scRNAseq,d21,scRNA-seq,MastCells,MastCells,115,I830077J02Rik,4.60466676793695,0.413,0.052,0.361,2.66227491517632e-23,1.662284703225239
d21MaternalDiet_scRNAseq,d21,scRNA-seq,MastCells,MastCells,116,Ptpn22,3.83746019535499,0.5,0.071,0.429,3.40937871213425e-23,1.6462704238072907
d21MaternalDiet_scRNAseq,d21,scRNA-seq,MastCells,MastCells,117,Ctla2a,4.50119524198097,0.478,0.115,0.363,5.0101798904536e-12,1.6339338728390922
d21MaternalDiet_scRNAseq,d21,scRNA-seq,MastCells,MastCells,118,Avil,3.78507848468519,0.652,0.224,0.42800000000000005,2.75399431276139e-14,1.6200135914452616
d21MaternalDiet_scRNAseq,d21,scRNA-seq,MastCells,MastCells,119,Cd53,3.28130791483621,0.609,0.117,0.492,2.15359541166023e-21,1.6144034940994152
d21MaternalDiet_scRNAseq,d21,scRNA-seq,MastCells,MastCells,120,Tph1,3.62134023503465,0.609,0.167,0.44199999999999995,1.86886772630477e-11,1.6006323838853151
d21MaternalDiet_scRNAseq,d21,scRNA-seq,MastCells,MastCells,121,Dock10,3.83608086284418,0.478,0.074,0.40399999999999997,1.35962351784355e-19,1.5497766685890486
d21MaternalDiet_scRNAseq,d21,scRNA-seq,MastCells,MastCells,122,Mndal,3.3790780417274,0.522,0.072,0.45,5.76393157492522e-26,1.52058511877733
d21MaternalDiet_scRNAseq,d21,scRNA-seq,MastCells,MastCells,123,Nin,4.32500271934912,0.587,0.253,0.33399999999999996,4.13982879527358e-9,1.444550908262606
d21MaternalDiet_scRNAseq,d21,scRNA-seq,MastCells,MastCells,124,Gng2,3.55781651679944,0.652,0.248,0.404,6.03857172138968e-11,1.4373578727869738
d21MaternalDiet_scRNAseq,d21,scRNA-seq,MastCells,MastCells,125,Ptprc,2.7445680306978,0.739,0.219,0.52,5.35496937049541e-18,1.427175375962856
d21MaternalDiet_scRNAseq,d21,scRNA-seq,MastCells,MastCells,126,Pip4k2a,4.05844083352929,0.5,0.156,0.344,1.95718065509202e-9,1.3961036467340757
d21MaternalDiet_scRNAseq,d21,scRNA-seq,MastCells,MastCells,127,Cnn2,3.30134573743039,0.674,0.254,0.42000000000000004,7.90230846617976e-11,1.386565209720764
d21MaternalDiet_scRNAseq,d21,scRNA-seq,MastCells,MastCells,128,Ccl17,4.94142352796684,0.348,0.071,0.27699999999999997,0.0022223944906613,1.3687743172468145
d21MaternalDiet_scRNAseq,d21,scRNA-seq,MastCells,MastCells,129,P2ry14,5.11140915889703,0.283,0.019,0.26399999999999996,0.00110379258807003,1.3494120179488156
d21MaternalDiet_scRNAseq,d21,scRNA-seq,MastCells,MastCells,130,Lilrb4a,4.81408192387834,0.326,0.047,0.279,8.51529498057107e-16,1.343128856762057
d21MaternalDiet_scRNAseq,d21,scRNA-seq,MastCells,MastCells,131,Lair1,4.04871852927749,0.348,0.041,0.307,4.19185847495438e-9,1.2429565884881895
d21MaternalDiet_scRNAseq,d21,scRNA-seq,MastCells,MastCells,132,Tesc,3.78838674625248,0.565,0.241,0.32399999999999995,8.8856342339654e-8,1.2274373057858032
d21MaternalDiet_scRNAseq,d21,scRNA-seq,MastCells,MastCells,133,Cyp4f18,4.60229044684621,0.304,0.045,0.259,8.13337400907186e-14,1.1919932257331685
d21MaternalDiet_scRNAseq,d21,scRNA-seq,MastCells,MastCells,134,Trps1,4.59205765774107,0.283,0.026,0.25699999999999995,2.6230224032094e-16,1.1801588180394549
d21MaternalDiet_scRNAseq,d21,scRNA-seq,MastCells,MastCells,135,Ifi203,3.09689482747208,0.435,0.08,0.355,2.86734682059719e-15,1.0993976637525884
d21MaternalDiet_scRNAseq,d21,scRNA-seq,MastCells,MastCells,136,Fyn,2.90905028256801,0.587,0.219,0.368,5.64693523766913e-9,1.0705305039850277
d21MaternalDiet_scRNAseq,d21,scRNA-seq,MastCells,MastCells,137,Batf,3.89520884456591,0.348,0.085,0.26299999999999996,1.34324656409796e-7,1.0244399261208341
d21MaternalDiet_scRNAseq,d21,scRNA-seq,MastCells,MastCells,138,Bin2,3.14635774621995,0.391,0.089,0.30200000000000005,0.00167610993034207,0.950200039358425
d21MaternalDiet_scRNAseq,d21,scRNA-seq,MastCells,MastCells,139,Icos,3.84690840670222,0.261,0.015,0.246,1.66529188008422e-25,0.9463394680487461
d21MaternalDiet_scRNAseq,d21,scRNA-seq,MastCells,MastCells,140,Rcsd1,3.1461400815082,0.348,0.064,0.284,1.13977758196652e-11,0.8935037831483288
d21MaternalDiet_scRNAseq,d21,scRNA-seq,MastCells,MastCells,141,Emb,2.95586454681657,0.478,0.181,0.297,0.00000312432281824487,0.8778917704045212
d21MaternalDiet_scRNAseq,d21,scRNA-seq,MastCells,MastCells,142,Ighm,3.0463581107651,0.391,0.104,0.28700000000000003,0.0121684626675114,0.8743047777895838
d21MaternalDiet_scRNAseq,d21,scRNA-seq,MastCells,MastCells,143,Ccdc88a,4.06845517550425,0.37,0.16,0.21,0.00492868089332072,0.8543755868558925
d21MaternalDiet_scRNAseq,d21,scRNA-seq,MastCells,MastCells,144,Chn2,2.92104520400444,0.478,0.186,0.292,0.0000451703054136014,0.8529451995692964
d21MaternalDiet_scRNAseq,d21,scRNA-seq,MastCells,MastCells,145,Cd52,1.34812827793427,0.87,0.255,0.615,6.62093176827583e-20,0.8290988909295761
d21MaternalDiet_scRNAseq,d21,scRNA-seq,MastCells,MastCells,146,Rinl,3.29384202796681,0.457,0.213,0.24400000000000002,0.0484814628689349,0.8036974548239016
d21MaternalDiet_scRNAseq,d21,scRNA-seq,MastCells,MastCells,147,Sept1,2.6340069874245,0.609,0.306,0.303,0.00000430211547138069,0.7981041171896234
d21MaternalDiet_scRNAseq,d21,scRNA-seq,MastCells,MastCells,148,Cytip,2.86697321756492,0.457,0.189,0.268,0.0000464733866164133,0.7683488223073986
d21MaternalDiet_scRNAseq,d21,scRNA-seq,MastCells,MastCells,149,Cd7,2.57936573908152,0.457,0.173,0.28400000000000003,0.0000175830420972146,0.7325398698991518
d21MaternalDiet_scRNAseq,d21,scRNA-seq,MastCells,MastCells,150,Cd79b,3.48288821337159,0.304,0.11,0.194,0.00521090119771145,0.6756803133940885
d21MaternalDiet_scRNAseq,d21,scRNA-seq,MastCells,MastCells,151,Rfc2,2.59344785155398,0.891,0.631,0.26,5.38982827593963e-16,0.6742964414040349
d21MaternalDiet_scRNAseq,d21,scRNA-seq,MastCells,MastCells,152,Hcst,2.34818798973318,0.457,0.175,0.28200000000000003,0.0000372873075231062,0.6621890131047569
d21MaternalDiet_scRNAseq,d21,scRNA-seq,MastCells,MastCells,153,Pla2g7,3.23042143115891,0.283,0.082,0.20099999999999996,0.000867154312369444,0.6493147076629407
d21MaternalDiet_scRNAseq,d21,scRNA-seq,MastCells,MastCells,154,Lsp1,2.03165128359048,0.478,0.164,0.31399999999999995,9.73285362568663e-7,0.6379385030474106
d21MaternalDiet_scRNAseq,d21,scRNA-seq,MastCells,MastCells,155,Map4k4,2.75054780769947,0.609,0.38,0.22899999999999998,0.000128703504816396,0.6298754479631786
d21MaternalDiet_scRNAseq,d21,scRNA-seq,MastCells,MastCells,156,Evl,2.62306020886497,0.413,0.175,0.238,0.000861420728554111,0.6242883297098628
d21MaternalDiet_scRNAseq,d21,scRNA-seq,MastCells,MastCells,157,Pacsin1,2.98759533305282,0.283,0.075,0.20799999999999996,0.000598249387661532,0.6214198292749865
d21MaternalDiet_scRNAseq,d21,scRNA-seq,MastCells,MastCells,158,Gm19585,2.58706495282734,0.283,0.043,0.24,5.03901103129827e-11,0.6208955886785615
d21MaternalDiet_scRNAseq,d21,scRNA-seq,MastCells,MastCells,159,Stat4,2.31109762139792,0.326,0.061,0.265,1.43155988499328e-8,0.6124408696704489
d21MaternalDiet_scRNAseq,d21,scRNA-seq,MastCells,MastCells,160,Vim,2.40296856837647,0.522,0.272,0.25,0.000490012585142276,0.6007421420941175
d21MaternalDiet_scRNAseq,d21,scRNA-seq,MastCells,MastCells,161,Rora,2.64979078154244,0.304,0.084,0.21999999999999997,0.00028744766686122,0.5829539719393367
d21MaternalDiet_scRNAseq,d21,scRNA-seq,MastCells,MastCells,162,Hhex,2.64351494085138,0.413,0.194,0.21899999999999997,0.00122210425031043,0.5789297720464521
d21MaternalDiet_scRNAseq,d21,scRNA-seq,MastCells,MastCells,163,Anxa6,2.47525983613407,0.522,0.294,0.22800000000000004,0.00174118753268337,0.5643592426385681
d21MaternalDiet_scRNAseq,d21,scRNA-seq,MastCells,MastCells,164,Slc8a1,2.71030060090645,0.283,0.082,0.20099999999999996,0.00157560137875696,0.5447704207821964
d21MaternalDiet_scRNAseq,d21,scRNA-seq,MastCells,MastCells,165,Itpr2,2.10808486564017,0.565,0.309,0.25599999999999995,0.000237514349359254,0.5396697256038834
d21MaternalDiet_scRNAseq,d21,scRNA-seq,MastCells,MastCells,166,Cotl1,2.36618145846182,0.891,0.667,0.22399999999999998,7.3426542241717e-16,0.5300246466954477
d21MaternalDiet_scRNAseq,d21,scRNA-seq,MastCells,MastCells,167,Slfn2,2.3559948284885,0.413,0.189,0.22399999999999998,0.0034024008422531,0.5277428415814239
d21MaternalDiet_scRNAseq,d21,scRNA-seq,MastCells,MastCells,168,Trbc2,1.81507216113389,0.413,0.138,0.27499999999999997,0.0000383856974085888,0.4991448443118197
d21MaternalDiet_scRNAseq,d21,scRNA-seq,MastCells,MastCells,169,G2e3,2.65759190987973,0.565,0.384,0.18099999999999994,0.00436999078202874,0.48102413568823094
d21MaternalDiet_scRNAseq,d21,scRNA-seq,MastCells,MastCells,170,Plcg2,2.35488376562634,0.435,0.234,0.20099999999999998,0.0160385676035157,0.47333163689089436
d21MaternalDiet_scRNAseq,d21,scRNA-seq,MastCells,MastCells,171,Fam111a,2.47260645203532,0.652,0.481,0.17100000000000004,0.0023108988441925,0.42281570329803986
d21MaternalDiet_scRNAseq,d21,scRNA-seq,MastCells,MastCells,172,Trac,2.05292459125792,0.326,0.13,0.196,0.0152483707808143,0.40237321988655234
d21MaternalDiet_scRNAseq,d21,scRNA-seq,MastCells,MastCells,173,Pygl,1.74315821043563,0.391,0.165,0.226,0.00180834326279897,0.3939537555584524
d21MaternalDiet_scRNAseq,d21,scRNA-seq,MastCells,MastCells,174,Serpinb6b,1.78188571859424,0.261,0.047,0.21400000000000002,2.21607074086752e-7,0.38132354377916744
d21MaternalDiet_scRNAseq,d21,scRNA-seq,MastCells,MastCells,175,Ctla2b,1.81656210191267,0.261,0.053,0.20800000000000002,0.00000133063586115739,0.3778449171978354
d21MaternalDiet_scRNAseq,d21,scRNA-seq,MastCells,MastCells,176,Gimap7,1.50384021250416,0.283,0.037,0.24599999999999997,2.9629627163314e-11,0.3699446922760233
d21MaternalDiet_scRNAseq,d21,scRNA-seq,MastCells,MastCells,177,Mcm3,2.30277552982231,0.739,0.58,0.15900000000000003,0.00000845387034793835,0.36614130924174737
d21MaternalDiet_scRNAseq,d21,scRNA-seq,MastCells,MastCells,178,Cd3e,1.38606185675345,0.283,0.085,0.19799999999999995,0.00579082117225284,0.274440247637183
d21MaternalDiet_scRNAseq,d21,scRNA-seq,MastCells,MastCells,179,Sh2d2a,1.11314696989427,0.261,0.062,0.199,0.0000940530845178839,0.22151624700895975
d21MaternalDiet_scRNAseq,d21,scRNA-seq,MastCells,MastCells,180,Ikzf3,1.07346744633272,0.261,0.086,0.17500000000000002,0.0168977003861811,0.18785680310822603
d21MaternalDiet_scRNAseq,d21,scRNA-seq,MastCells,MastCells,181,Cxcr3,0.718390450797106,0.261,0.061,0.2,0.000355305282676981,0.1436780901594212
d21MaternalDiet_scRNAseq,d21,scRNA-seq,Stem,Stem,1,Acsm3,1.91371361572365,0.845,0.401,0.44399999999999995,0,0.8496888453813005
d21MaternalDiet_scRNAseq,d21,scRNA-seq,Stem,Stem,2,Sult1a1,2.13823831628333,0.595,0.234,0.361,3.07820751624028e-235,0.7719040321782821
d21MaternalDiet_scRNAseq,d21,scRNA-seq,Stem,Stem,3,Aqp4,2.06255303994789,0.919,0.612,0.30700000000000005,0,0.6332037832640024
d21MaternalDiet_scRNAseq,d21,scRNA-seq,Stem,Stem,4,Hao2,2.03251896834007,0.692,0.387,0.30499999999999994,3.25303997674362e-237,0.6199182853437212
d21MaternalDiet_scRNAseq,d21,scRNA-seq,Stem,Stem,5,Hmgcs2,1.98528464161916,0.653,0.363,0.29000000000000004,1.42155249530473e-218,0.5757325460695565
d21MaternalDiet_scRNAseq,d21,scRNA-seq,Stem,Stem,6,Slc5a8,1.86121633566566,0.568,0.269,0.29899999999999993,2.25808492374104e-164,0.5565036843640322
d21MaternalDiet_scRNAseq,d21,scRNA-seq,Stem,Stem,7,Nxpe2,1.73360022942863,0.729,0.411,0.318,3.39200659145011e-263,0.5512848729583043
d21MaternalDiet_scRNAseq,d21,scRNA-seq,Stem,Stem,8,Cftr,1.6597702634876,0.728,0.4,0.32799999999999996,9.18027165635568e-249,0.5444046464239327
d21MaternalDiet_scRNAseq,d21,scRNA-seq,Stem,Stem,9,Cttnbp2,1.8604786187992,0.614,0.328,0.286,7.76573174270651e-190,0.5320968849765711
d21MaternalDiet_scRNAseq,d21,scRNA-seq,Stem,Stem,10,Nlrp6,1.50742958734387,0.763,0.419,0.34400000000000003,3.11555262416222e-287,0.5185557780462913
d21MaternalDiet_scRNAseq,d21,scRNA-seq,Stem,Stem,11,Mgst1,1.635110344673,0.976,0.671,0.30499999999999994,0,0.4987086551252649
d21MaternalDiet_scRNAseq,d21,scRNA-seq,Stem,Stem,12,Gsdmc4,2.29159364111538,0.737,0.521,0.21599999999999997,3.50341285855554e-181,0.49498422648092205
d21MaternalDiet_scRNAseq,d21,scRNA-seq,Stem,Stem,13,Nxpe4,1.70653471938487,0.65,0.363,0.28700000000000003,1.041218370162e-206,0.4897754644634577
d21MaternalDiet_scRNAseq,d21,scRNA-seq,Stem,Stem,14,Fgfbp1,1.46262260989196,0.904,0.577,0.32700000000000007,0,0.47827759343467097
d21MaternalDiet_scRNAseq,d21,scRNA-seq,Stem,Stem,15,Aldob,1.38422575824701,0.787,0.443,0.34400000000000003,2.94319621973008e-273,0.4761736608369715
d21MaternalDiet_scRNAseq,d21,scRNA-seq,Stem,Stem,16,Gsdmc2,2.28500802795355,0.534,0.328,0.20600000000000002,1.20143860362368e-105,0.4707116537584313
d21MaternalDiet_scRNAseq,d21,scRNA-seq,Stem,Stem,17,Gsta4,1.50986837748139,0.728,0.418,0.31,5.28384702625428e-228,0.4680591970192309
d21MaternalDiet_scRNAseq,d21,scRNA-seq,Stem,Stem,18,Aadac,1.46412496800698,0.694,0.402,0.2919999999999999,1.78306644099325e-223,0.4275244906580381
d21MaternalDiet_scRNAseq,d21,scRNA-seq,Stem,Stem,19,Nox1,1.54298273551458,0.677,0.4,0.277,3.91534074358457e-194,0.4274062177375387
d21MaternalDiet_scRNAseq,d21,scRNA-seq,Stem,Stem,20,Mpzl2,1.47451448468357,0.598,0.309,0.289,5.42660140529217e-171,0.4261346860735517
d21MaternalDiet_scRNAseq,d21,scRNA-seq,Stem,Stem,21,Fut9,1.67737396647767,0.632,0.385,0.247,1.30379548423964e-148,0.41431136971998445
d21MaternalDiet_scRNAseq,d21,scRNA-seq,Stem,Stem,22,Gsta3,1.26116531154363,0.804,0.483,0.32100000000000006,2.43594198054539e-244,0.40483406500550534
d21MaternalDiet_scRNAseq,d21,scRNA-seq,Stem,Stem,23,Akr1c19,1.28583567238321,0.78,0.478,0.30200000000000005,6.2154994491265e-227,0.3883223730597295
d21MaternalDiet_scRNAseq,d21,scRNA-seq,Stem,Stem,24,Muc3,1.19951435885697,0.916,0.596,0.32000000000000006,0,0.3838445948342305
d21MaternalDiet_scRNAseq,d21,scRNA-seq,Stem,Stem,25,Nqo1,1.4881011570311,0.614,0.357,0.257,8.9288076338859e-177,0.3824419973569927
d21MaternalDiet_scRNAseq,d21,scRNA-seq,Stem,Stem,26,Gjb3,1.35998616985758,0.579,0.309,0.26999999999999996,1.41126067027456e-131,0.3671962658615465
d21MaternalDiet_scRNAseq,d21,scRNA-seq,Stem,Stem,27,Gsdmc3,2.39108269200348,0.431,0.28,0.15099999999999997,1.92550974213316e-48,0.3610534864925254
d21MaternalDiet_scRNAseq,d21,scRNA-seq,Stem,Stem,28,Kcnq1,1.64645264817818,0.479,0.26,0.21899999999999997,2.17362856446463e-85,0.36057312995102136
d21MaternalDiet_scRNAseq,d21,scRNA-seq,Stem,Stem,29,Cebpd,1.43365591649257,0.702,0.461,0.24099999999999994,1.42500033677914e-160,0.34551107587470925
d21MaternalDiet_scRNAseq,d21,scRNA-seq,Stem,Stem,30,Cp,1.90728064498693,0.429,0.25,0.179,4.79162005927945e-96,0.34140323545266044
d21MaternalDiet_scRNAseq,d21,scRNA-seq,Stem,Stem,31,Kitl,1.2764222500308,0.727,0.465,0.26199999999999996,6.61211660877454e-172,0.33442262950806956
d21MaternalDiet_scRNAseq,d21,scRNA-seq,Stem,Stem,32,Akr1b8,1.30683304804534,0.693,0.443,0.24999999999999994,2.17831970512264e-181,0.32670826201133496
d21MaternalDiet_scRNAseq,d21,scRNA-seq,Stem,Stem,33,Defb45,1.69271117118566,0.413,0.221,0.19199999999999998,1.13736703617311e-62,0.3250005448676467
d21MaternalDiet_scRNAseq,d21,scRNA-seq,Stem,Stem,34,Hsd3b3,1.79857526065456,0.381,0.205,0.17600000000000002,4.11708118821274e-53,0.3165492458752026
d21MaternalDiet_scRNAseq,d21,scRNA-seq,Stem,Stem,35,Lgr5,1.71916148055107,0.428,0.245,0.183,6.6421068371372e-72,0.3146065509408458
d21MaternalDiet_scRNAseq,d21,scRNA-seq,Stem,Stem,36,Clca3a2,1.6977735336109,0.441,0.256,0.185,8.66067635790577e-60,0.31408810371801654
d21MaternalDiet_scRNAseq,d21,scRNA-seq,Stem,Stem,37,Kcne3,1.40294010632988,0.919,0.698,0.22100000000000009,0,0.3100497634989036
d21MaternalDiet_scRNAseq,d21,scRNA-seq,Stem,Stem,38,Id1,1.19719440179537,0.805,0.548,0.257,1.61918026657677e-169,0.3076789612614101
d21MaternalDiet_scRNAseq,d21,scRNA-seq,Stem,Stem,39,Paqr5,1.38839171942074,0.603,0.385,0.21799999999999997,4.18673679218999e-116,0.3026693948337213
d21MaternalDiet_scRNAseq,d21,scRNA-seq,Stem,Stem,40,Trf,1.41985263217007,0.85,0.638,0.21199999999999997,2.07493617783553e-231,0.3010087580200548
d21MaternalDiet_scRNAseq,d21,scRNA-seq,Stem,Stem,41,Slc6a14,1.43767415235423,0.611,0.404,0.20699999999999996,7.02428244054848e-110,0.29759854953732556
d21MaternalDiet_scRNAseq,d21,scRNA-seq,Stem,Stem,42,Hes1,1.20521124927344,0.828,0.582,0.246,5.67441021069298e-210,0.2964819673212662
d21MaternalDiet_scRNAseq,d21,scRNA-seq,Stem,Stem,43,Cldn8,1.24306734273528,0.527,0.306,0.22100000000000003,2.10939443335496e-94,0.27471788274449693
d21MaternalDiet_scRNAseq,d21,scRNA-seq,Stem,Stem,44,Notch1,1.25300196093551,0.508,0.294,0.21400000000000002,7.59737549481886e-81,0.2681424196401992
d21MaternalDiet_scRNAseq,d21,scRNA-seq,Stem,Stem,45,Csad,1.19660253243943,0.67,0.447,0.22300000000000003,4.23517583222169e-126,0.2668423647339929
d21MaternalDiet_scRNAseq,d21,scRNA-seq,Stem,Stem,46,Abat,1.2263065162505,0.465,0.259,0.20600000000000002,1.43559117243421e-64,0.252619142347603
d21MaternalDiet_scRNAseq,d21,scRNA-seq,Stem,Stem,47,Dgkh,1.67267539178173,0.348,0.197,0.15099999999999997,3.65982943363091e-49,0.2525739841590412
d21MaternalDiet_scRNAseq,d21,scRNA-seq,Stem,Stem,48,Lrrc19,1.53617959051645,0.331,0.167,0.164,8.13812737290844e-41,0.2519334528446978
d21MaternalDiet_scRNAseq,d21,scRNA-seq,Stem,Stem,49,Slc4a4,1.0168048512459,0.607,0.384,0.22299999999999998,2.60292509589924e-88,0.2267474818278357
d21MaternalDiet_scRNAseq,d21,scRNA-seq,Stem,Stem,50,Noxa1,1.0415568782836,0.602,0.386,0.21599999999999997,5.02789923842481e-96,0.22497628570925757
d21MaternalDiet_scRNAseq,d21,scRNA-seq,Stem,Stem,51,Cbr3,1.08877514178507,0.79,0.585,0.20500000000000007,6.45783401571854e-160,0.22319890406593942
d21MaternalDiet_scRNAseq,d21,scRNA-seq,Stem,Stem,52,Tm4sf20,0.609582630850817,0.963,0.597,0.366,0,0.22310724289139902
d21MaternalDiet_scRNAseq,d21,scRNA-seq,Stem,Stem,53,Maoa,0.896268600605988,0.849,0.605,0.244,4.97261552163641e-201,0.21868953854786108
d21MaternalDiet_scRNAseq,d21,scRNA-seq,Stem,Stem,54,Clca3b,1.37338854300049,0.952,0.796,0.15599999999999992,0,0.21424861270807632
d21MaternalDiet_scRNAseq,d21,scRNA-seq,Stem,Stem,55,Dmbt1,1.17092778297167,0.847,0.666,0.18099999999999994,4.80010132253834e-155,0.2119379287178722
d21MaternalDiet_scRNAseq,d21,scRNA-seq,Stem,Stem,56,Bex4,0.979495327132426,0.713,0.498,0.21499999999999997,2.1603944366109e-119,0.21059149533347157
d21MaternalDiet_scRNAseq,d21,scRNA-seq,Stem,Stem,57,Gss,0.938127572532484,0.873,0.652,0.22099999999999997,4.06688074303607e-187,0.20732619352967893
d21MaternalDiet_scRNAseq,d21,scRNA-seq,Stem,Stem,58,Sema5a,0.895749456697357,0.747,0.518,0.22899999999999998,4.89457079013631e-136,0.20512662558369474
d21MaternalDiet_scRNAseq,d21,scRNA-seq,Stem,Stem,59,Itih5,0.985542623999391,0.655,0.447,0.20800000000000002,2.89080248467368e-90,0.20499286579187334
d21MaternalDiet_scRNAseq,d21,scRNA-seq,Stem,Stem,60,Ugdh,0.937533937254159,0.651,0.438,0.21300000000000002,2.44392559545825e-99,0.1996947286351359
d21MaternalDiet_scRNAseq,d21,scRNA-seq,Stem,Stem,61,Gas6,1.10381967642047,0.931,0.754,0.17700000000000005,0,0.19537608272642323
d21MaternalDiet_scRNAseq,d21,scRNA-seq,Stem,Stem,62,Eif4ebp3,1.19024274922229,0.646,0.495,0.15100000000000002,1.14301115391001e-61,0.17972665513256583
d21MaternalDiet_scRNAseq,d21,scRNA-seq,Stem,Stem,63,Cdca7,1.07949719088636,0.764,0.599,0.16500000000000004,1.79933712300008e-123,0.17811703649624944
d21MaternalDiet_scRNAseq,d21,scRNA-seq,Stem,Stem,64,Cela1,1.03554948474241,0.882,0.71,0.17200000000000004,1.0668077724308e-178,0.17811451137569456
d21MaternalDiet_scRNAseq,d21,scRNA-seq,Stem,Stem,65,Slc5a3,0.990579416318029,0.444,0.269,0.175,7.17039245014962e-53,0.17335139785565506
d21MaternalDiet_scRNAseq,d21,scRNA-seq,Stem,Stem,66,Gsta1,0.982267530825012,0.42,0.244,0.176,3.93208230653112e-56,0.17287908542520208
d21MaternalDiet_scRNAseq,d21,scRNA-seq,Stem,Stem,67,Lpl,0.910003775703988,0.342,0.184,0.15800000000000003,2.02179236328462e-65,0.14378059656123013
d21MaternalDiet_scRNAseq,d21,scRNA-seq,Stem,Stem,68,Arid5b,0.835741284003896,0.589,0.417,0.172,3.09304160368295e-53,0.1437475008486701
d21MaternalDiet_scRNAseq,d21,scRNA-seq,Stem,Stem,69,Glod5,0.888581899945837,0.422,0.261,0.16099999999999998,1.23818898023696e-52,0.14306168589127974
d21MaternalDiet_scRNAseq,d21,scRNA-seq,Stem,Stem,70,Cnn3,0.785357223307998,0.537,0.363,0.17400000000000004,1.37749387812536e-54,0.13665215685559168
d21MaternalDiet_scRNAseq,d21,scRNA-seq,Stem,Stem,71,Bex1,0.773202251606595,0.578,0.427,0.15099999999999997,4.1610325876967e-49,0.11675353999259581
d21MaternalDiet_scRNAseq,d21,scRNA-seq,Stem,Stem,72,S100g,0.438092332954193,0.67,0.421,0.24900000000000005,7.60517557778705e-113,0.10908499090559408
d21MaternalDiet_scRNAseq,d21,scRNA-seq,Stem,Stem,73,Cdt1,0.687374511255977,0.564,0.411,0.15299999999999997,1.08072809619622e-48,0.10516830022216446
d21MaternalDiet_scRNAseq,d21,scRNA-seq,Stem,Stem,74,Smim24,0.59304760052172,0.726,0.561,0.16499999999999992,2.13560765848274e-66,0.09785285408608375
d21MaternalDiet_scRNAseq,d21,scRNA-seq,Stem,Stem,75,Pdgfa,0.495682971790594,0.624,0.465,0.15899999999999997,8.77895996134014e-46,0.07881359251470443
d21MaternalDiet_scRNAseq,d21,scRNA-seq,Stem,Stem,76,Sema3c,0.476898125124069,0.489,0.329,0.15999999999999998,6.00589394325965e-39,0.07630370001985103
d21MaternalDiet_scRNAseq,d21,scRNA-seq,Stem,Stem,77,Sox4,0.306321684322294,0.734,0.498,0.236,9.82135618746145e-98,0.07229191750006138
d21MaternalDiet_scRNAseq,d21,scRNA-seq,Stem,Stem,78,Sult1b1,0.341449937430488,0.578,0.375,0.20299999999999996,2.59232120687702e-71,0.06931433729838905
d21MaternalDiet_scRNAseq,d21,scRNA-seq,Stem,Stem,79,Slc51b,0.38434262008548,0.321,0.148,0.17300000000000001,1.1573137744969e-45,0.06649127327478804
d21MaternalDiet_scRNAseq,d21,scRNA-seq,Stem,Stem,80,Mt2,0.383718296609926,0.738,0.577,0.16100000000000003,3.78085942466023e-51,0.0617786457541981
d21MaternalDiet_scRNAseq,d21,scRNA-seq,Stem,Stem,81,Chp2,0.372755051104921,0.389,0.227,0.162,1.54107030488428e-52,0.06038631827899721
d21MaternalDiet_scRNAseq,d21,scRNA-seq,Stem,Stem,82,1700097N02Rik,0.376579072499533,0.475,0.324,0.15099999999999997,8.96185318817467e-43,0.05686343994742947
d21MaternalDiet_scRNAseq,d21,scRNA-seq,TAC,TAC,1,Kif11,2.92309055988149,0.697,0.333,0.36399999999999993,0,1.064004963796862
d21MaternalDiet_scRNAseq,d21,scRNA-seq,TAC,TAC,2,Knl1,2.8753474839677,0.707,0.359,0.348,0,1.0006209244207596
d21MaternalDiet_scRNAseq,d21,scRNA-seq,TAC,TAC,3,Ckap2l,2.89497963810898,0.614,0.282,0.332,0,0.9611332398521815
d21MaternalDiet_scRNAseq,d21,scRNA-seq,TAC,TAC,4,Prc1,3.08207105393587,0.678,0.368,0.31000000000000005,0,0.9554420267201199
d21MaternalDiet_scRNAseq,d21,scRNA-seq,TAC,TAC,5,Kif15,2.79675861374914,0.682,0.342,0.34,0,0.9508979286747077
d21MaternalDiet_scRNAseq,d21,scRNA-seq,TAC,TAC,6,Kif20b,2.60888928375843,0.781,0.417,0.36400000000000005,0,0.9496356992880687
d21MaternalDiet_scRNAseq,d21,scRNA-seq,TAC,TAC,7,Cdca8,2.49053749109851,0.878,0.498,0.38,0,0.9464042466174338
d21MaternalDiet_scRNAseq,d21,scRNA-seq,TAC,TAC,8,Kif4,2.81110423110806,0.645,0.316,0.329,0,0.9248532920345518
d21MaternalDiet_scRNAseq,d21,scRNA-seq,TAC,TAC,9,Tpx2,2.84925771230843,0.745,0.422,0.323,0,0.920310241075623
d21MaternalDiet_scRNAseq,d21,scRNA-seq,TAC,TAC,10,Cenpe,2.6505227307958,0.734,0.387,0.347,0,0.9197313875861425
d21MaternalDiet_scRNAseq,d21,scRNA-seq,TAC,TAC,11,Pbk,2.65092488108115,0.787,0.45,0.337,0,0.8933616849243476
d21MaternalDiet_scRNAseq,d21,scRNA-seq,TAC,TAC,12,Depdc1a,3.07308710066749,0.514,0.224,0.29000000000000004,7.32082993489426e-264,0.8911952591935722
d21MaternalDiet_scRNAseq,d21,scRNA-seq,TAC,TAC,13,Hmmr,2.81353365963805,0.721,0.406,0.31499999999999995,0,0.8862631027859856
d21MaternalDiet_scRNAseq,d21,scRNA-seq,TAC,TAC,14,Bub1b,2.7694086615684,0.616,0.302,0.314,0,0.8695943197324776
d21MaternalDiet_scRNAseq,d21,scRNA-seq,TAC,TAC,15,Ccna2,2.46810311887687,0.834,0.483,0.351,0,0.8663041947257812
d21MaternalDiet_scRNAseq,d21,scRNA-seq,TAC,TAC,16,Kif22,2.4379922626709,0.657,0.313,0.34400000000000003,0,0.8386693383587897
d21MaternalDiet_scRNAseq,d21,scRNA-seq,TAC,TAC,17,Cenpf,2.6262178752199,0.769,0.45,0.319,0,0.8377635021951482
d21MaternalDiet_scRNAseq,d21,scRNA-seq,TAC,TAC,18,Melk,2.49672335893795,0.724,0.391,0.33299999999999996,0,0.8314088785263372
d21MaternalDiet_scRNAseq,d21,scRNA-seq,TAC,TAC,19,Racgap1,2.54622602813586,0.678,0.352,0.32600000000000007,0,0.8300696851722906
d21MaternalDiet_scRNAseq,d21,scRNA-seq,TAC,TAC,20,Bub1,2.73609262748451,0.557,0.255,0.30200000000000005,0,0.8262999735003221
d21MaternalDiet_scRNAseq,d21,scRNA-seq,TAC,TAC,21,Kif23,2.54594155458642,0.684,0.363,0.32100000000000006,0,0.817247239022241
d21MaternalDiet_scRNAseq,d21,scRNA-seq,TAC,TAC,22,Hist1h2ab,2.95432950269823,0.472,0.197,0.27499999999999997,1.93800332716045e-237,0.8124406132420132
d21MaternalDiet_scRNAseq,d21,scRNA-seq,TAC,TAC,23,Anln,2.9387228049048,0.546,0.27,0.276,1.9241726921379e-231,0.8110874941537248
d21MaternalDiet_scRNAseq,d21,scRNA-seq,TAC,TAC,24,Tacc3,2.26750503081671,0.73,0.373,0.357,0,0.8094992960015654
d21MaternalDiet_scRNAseq,d21,scRNA-seq,TAC,TAC,25,Mki67,2.56803248451527,0.934,0.624,0.31000000000000005,0,0.7960900701997339
d21MaternalDiet_scRNAseq,d21,scRNA-seq,TAC,TAC,26,Smc2,2.30750983622352,0.91,0.566,0.3440000000000001,0,0.793783383660891
d21MaternalDiet_scRNAseq,d21,scRNA-seq,TAC,TAC,27,Ncapg,2.64162446598296,0.645,0.345,0.30000000000000004,0,0.7924873397948881
d21MaternalDiet_scRNAseq,d21,scRNA-seq,TAC,TAC,28,Sgo2a,2.79499557148893,0.576,0.293,0.283,9.56095992165982e-284,0.7909837467313672
d21MaternalDiet_scRNAseq,d21,scRNA-seq,TAC,TAC,29,Spc25,2.41438303741064,0.676,0.349,0.32700000000000007,0,0.7895032532332794
d21MaternalDiet_scRNAseq,d21,scRNA-seq,TAC,TAC,30,Ect2,2.72282926407036,0.617,0.328,0.289,0,0.786897657316334
d21MaternalDiet_scRNAseq,d21,scRNA-seq,TAC,TAC,31,Ckap2,2.77507070794915,0.552,0.271,0.281,1.7675203395165e-269,0.7797948689337112
d21MaternalDiet_scRNAseq,d21,scRNA-seq,TAC,TAC,32,Nusap1,2.9347417397654,0.616,0.355,0.261,1.71667758144815e-282,0.7659675940787694
d21MaternalDiet_scRNAseq,d21,scRNA-seq,TAC,TAC,33,Cdc20,2.53260100469406,0.731,0.429,0.302,0,0.764845503417606
d21MaternalDiet_scRNAseq,d21,scRNA-seq,TAC,TAC,34,Plk1,2.71748831652501,0.623,0.343,0.27999999999999997,3.51877011896306e-303,0.7608967286270027
d21MaternalDiet_scRNAseq,d21,scRNA-seq,TAC,TAC,35,Top2a,2.68055512907399,0.844,0.561,0.2829999999999999,0,0.758597101527939
d21MaternalDiet_scRNAseq,d21,scRNA-seq,TAC,TAC,36,Mis18bp1,2.73809289761156,0.573,0.296,0.27699999999999997,4.8139015338377e-270,0.758451732638402
d21MaternalDiet_scRNAseq,d21,scRNA-seq,TAC,TAC,37,Kif14,3.14524581718681,0.361,0.12,0.241,1.52190641594633e-125,0.7580042419420211
d21MaternalDiet_scRNAseq,d21,scRNA-seq,TAC,TAC,38,Sapcd2,2.69500615238148,0.49,0.209,0.281,8.09188538646337e-246,0.757296728819196
d21MaternalDiet_scRNAseq,d21,scRNA-seq,TAC,TAC,39,Incenp,2.28613409257833,0.722,0.395,0.32699999999999996,0,0.7475658482731138
d21MaternalDiet_scRNAseq,d21,scRNA-seq,TAC,TAC,40,Ndc80,2.69313457466273,0.534,0.257,0.277,3.66560957087917e-238,0.7459982771815763
d21MaternalDiet_scRNAseq,d21,scRNA-seq,TAC,TAC,41,Ttk,2.88992786836542,0.518,0.26,0.258,7.67226190910923e-222,0.7456013900382784
d21MaternalDiet_scRNAseq,d21,scRNA-seq,TAC,TAC,42,Shcbp1,2.60000033980744,0.63,0.344,0.28600000000000003,0,0.7436000971849279
d21MaternalDiet_scRNAseq,d21,scRNA-seq,TAC,TAC,43,Aurkb,2.61901313570594,0.643,0.362,0.281,0,0.7359426911333692
d21MaternalDiet_scRNAseq,d21,scRNA-seq,TAC,TAC,44,Hist1h2ap,2.82340793789306,0.706,0.447,0.25899999999999995,0,0.7312626559143024
d21MaternalDiet_scRNAseq,d21,scRNA-seq,TAC,TAC,45,Birc5,2.32824201957148,0.901,0.591,0.31000000000000005,0,0.7217550260671589
d21MaternalDiet_scRNAseq,d21,scRNA-seq,TAC,TAC,46,Cep55,2.57139663467719,0.548,0.268,0.28,6.76203793573772e-274,0.7199910577096132
d21MaternalDiet_scRNAseq,d21,scRNA-seq,TAC,TAC,47,Ccnb1,2.51417584093101,0.682,0.396,0.28600000000000003,0,0.7190542905062689
d21MaternalDiet_scRNAseq,d21,scRNA-seq,TAC,TAC,48,Esco2,2.77143083028521,0.62,0.363,0.257,1.18192575418985e-272,0.712257723383299
d21MaternalDiet_scRNAseq,d21,scRNA-seq,TAC,TAC,49,Pclaf,2.22980274413875,0.913,0.595,0.31800000000000006,0,0.7090772726361226
d21MaternalDiet_scRNAseq,d21,scRNA-seq,TAC,TAC,50,Aurka,2.6765255629679,0.558,0.296,0.26200000000000007,1.46991860419256e-243,0.70124969749759
d21MaternalDiet_scRNAseq,d21,scRNA-seq,TAC,TAC,51,Sgo1,2.4520496375025,0.643,0.36,0.28300000000000003,4.63944916999487e-303,0.6939300474132075
d21MaternalDiet_scRNAseq,d21,scRNA-seq,TAC,TAC,52,Ube2c,2.51244565601371,0.846,0.571,0.275,0,0.6909225554037703
d21MaternalDiet_scRNAseq,d21,scRNA-seq,TAC,TAC,53,Aspm,3.05646031927309,0.494,0.269,0.22499999999999998,1.00325911101944e-172,0.6877035718364453
d21MaternalDiet_scRNAseq,d21,scRNA-seq,TAC,TAC,54,Nuf2,2.70863777587899,0.527,0.275,0.252,9.56014982773209e-231,0.6825767195215054
d21MaternalDiet_scRNAseq,d21,scRNA-seq,TAC,TAC,55,Kif2c,2.91856489796558,0.457,0.224,0.233,1.89972696352509e-168,0.6800256212259802
d21MaternalDiet_scRNAseq,d21,scRNA-seq,TAC,TAC,56,Hist1h3c,2.72625966457682,0.523,0.274,0.249,4.65321982373934e-232,0.6788386564796282
d21MaternalDiet_scRNAseq,d21,scRNA-seq,TAC,TAC,57,Cenpp,2.15187562507733,0.63,0.322,0.308,8.29788839096133e-287,0.6627776925238176
d21MaternalDiet_scRNAseq,d21,scRNA-seq,TAC,TAC,58,Hist1h1b,3.21620186496005,0.653,0.447,0.20600000000000002,2.28576158703127e-227,0.6625375841817703
d21MaternalDiet_scRNAseq,d21,scRNA-seq,TAC,TAC,59,Cdk1,2.22568742731146,0.847,0.55,0.29699999999999993,0,0.6610291659115035
d21MaternalDiet_scRNAseq,d21,scRNA-seq,TAC,TAC,60,Ncaph,2.48285357739434,0.58,0.316,0.26399999999999996,1.64766565899722e-258,0.6554733444321056
d21MaternalDiet_scRNAseq,d21,scRNA-seq,TAC,TAC,61,Knstrn,1.98470019083233,0.686,0.359,0.32700000000000007,0,0.6489969624021721
d21MaternalDiet_scRNAseq,d21,scRNA-seq,TAC,TAC,62,Dlgap5,2.52988884411154,0.571,0.318,0.25299999999999995,4.05598404434168e-227,0.6400618775602195
d21MaternalDiet_scRNAseq,d21,scRNA-seq,TAC,TAC,63,Tk1,1.99207722607383,0.772,0.451,0.321,0,0.6394567895696994
d21MaternalDiet_scRNAseq,d21,scRNA-seq,TAC,TAC,64,Hist1h1a,2.92975945284969,0.461,0.245,0.21600000000000003,4.58658350945993e-162,0.6328280418155331
d21MaternalDiet_scRNAseq,d21,scRNA-seq,TAC,TAC,65,Spag5,2.73342923249352,0.467,0.237,0.23000000000000004,2.88002378984389e-176,0.6286887234735097
d21MaternalDiet_scRNAseq,d21,scRNA-seq,TAC,TAC,66,Nek2,2.62726366484544,0.537,0.299,0.23800000000000004,1.13266967411178e-214,0.6252887522332149
d21MaternalDiet_scRNAseq,d21,scRNA-seq,TAC,TAC,67,Dbf4,1.93246047330918,0.741,0.421,0.32,0,0.6183873514589376
d21MaternalDiet_scRNAseq,d21,scRNA-seq,TAC,TAC,68,Spdl1,2.48737478619042,0.539,0.292,0.24700000000000005,5.43938131475241e-235,0.6143815721890339
d21MaternalDiet_scRNAseq,d21,scRNA-seq,TAC,TAC,69,Cenpm,1.77855642922882,0.766,0.435,0.331,0,0.5887021780747395
d21MaternalDiet_scRNAseq,d21,scRNA-seq,TAC,TAC,70,Cdca2,2.72397398017628,0.504,0.289,0.21500000000000002,6.48386658481987e-164,0.5856544057379003
d21MaternalDiet_scRNAseq,d21,scRNA-seq,TAC,TAC,71,Kif20a,2.62171827326548,0.534,0.311,0.22300000000000003,1.15731717690066e-190,0.5846431749382022
d21MaternalDiet_scRNAseq,d21,scRNA-seq,TAC,TAC,72,Cenpa,2.22162164112256,0.725,0.462,0.26299999999999996,0,0.5842864916152333
d21MaternalDiet_scRNAseq,d21,scRNA-seq,TAC,TAC,73,Mxd3,2.67081900435364,0.4,0.183,0.21700000000000003,5.40909288734634e-140,0.57956772394474
d21MaternalDiet_scRNAseq,d21,scRNA-seq,TAC,TAC,74,Hist2h2ac,2.39314326630654,0.534,0.297,0.23700000000000004,7.64130388274602e-188,0.5671749541146501
d21MaternalDiet_scRNAseq,d21,scRNA-seq,TAC,TAC,75,Cdca3,1.97000015112922,0.838,0.551,0.2869999999999999,0,0.5653900433740859
d21MaternalDiet_scRNAseq,d21,scRNA-seq,TAC,TAC,76,Ccnf,2.80891993282802,0.429,0.228,0.20099999999999998,5.8291454348344e-123,0.564592906498432
d21MaternalDiet_scRNAseq,d21,scRNA-seq,TAC,TAC,77,Smc4,1.95498903722617,0.927,0.64,0.28700000000000003,0,0.5610818536839108
d21MaternalDiet_scRNAseq,d21,scRNA-seq,TAC,TAC,78,Lmnb1,1.77158318285056,0.925,0.609,0.31600000000000006,0,0.559820285780777
d21MaternalDiet_scRNAseq,d21,scRNA-seq,TAC,TAC,79,Rrm1,1.74014476968469,0.858,0.542,0.31599999999999995,0,0.5498857472203619
d21MaternalDiet_scRNAseq,d21,scRNA-seq,TAC,TAC,80,Hist1h1d,2.09788899798524,0.586,0.328,0.25799999999999995,2.16858485001387e-238,0.5412553614801918
d21MaternalDiet_scRNAseq,d21,scRNA-seq,TAC,TAC,81,Spc24,1.82981788773191,0.918,0.624,0.29400000000000004,0,0.5379664589931816
d21MaternalDiet_scRNAseq,d21,scRNA-seq,TAC,TAC,82,Hist1h2af,3.10638976658617,0.28,0.109,0.17100000000000004,7.40130828367927e-89,0.5311926500862352
d21MaternalDiet_scRNAseq,d21,scRNA-seq,TAC,TAC,83,Cks1b,1.809855003235,0.907,0.615,0.29200000000000004,0,0.5284776609446201
d21MaternalDiet_scRNAseq,d21,scRNA-seq,TAC,TAC,84,Hist1h3e,2.28225186947321,0.421,0.19,0.23099999999999998,5.7810926412891e-151,0.5272001818483114
d21MaternalDiet_scRNAseq,d21,scRNA-seq,TAC,TAC,85,Parpbp,2.85346826146986,0.334,0.15,0.18400000000000002,4.87242311224598e-95,0.5250381601104542
d21MaternalDiet_scRNAseq,d21,scRNA-seq,TAC,TAC,86,Cit,2.43033594790738,0.493,0.28,0.21299999999999997,5.35991985268072e-141,0.5176615569042718
d21MaternalDiet_scRNAseq,d21,scRNA-seq,TAC,TAC,87,Mad2l1,1.8491539887978,0.746,0.474,0.272,0,0.5029698849530017
d21MaternalDiet_scRNAseq,d21,scRNA-seq,TAC,TAC,88,Ncapd2,1.97561176153793,0.592,0.338,0.25399999999999995,1.88121067323458e-209,0.5018053874306342
d21MaternalDiet_scRNAseq,d21,scRNA-seq,TAC,TAC,89,Cip2a,2.04437223476616,0.605,0.36,0.245,9.00737492114379e-229,0.5008711975177091
d21MaternalDiet_scRNAseq,d21,scRNA-seq,TAC,TAC,90,Iqgap3,2.80362455200667,0.418,0.24,0.178,3.75203799204557e-90,0.4990451702571872
d21MaternalDiet_scRNAseq,d21,scRNA-seq,TAC,TAC,91,Plk4,2.01666010933469,0.617,0.372,0.245,1.36772063573264e-232,0.4940817267869991
d21MaternalDiet_scRNAseq,d21,scRNA-seq,TAC,TAC,92,Asf1b,1.88369369536578,0.64,0.378,0.262,9.31971881046059e-265,0.49352774818583434
d21MaternalDiet_scRNAseq,d21,scRNA-seq,TAC,TAC,93,Cenpq,1.73815412775472,0.67,0.388,0.28200000000000003,7.71137336774467e-265,0.4901594640268311
d21MaternalDiet_scRNAseq,d21,scRNA-seq,TAC,TAC,94,Diaph3,2.36312171670291,0.493,0.289,0.20400000000000001,2.74646226906629e-146,0.48207683020739367
d21MaternalDiet_scRNAseq,d21,scRNA-seq,TAC,TAC,95,Cenpk,1.77863120578079,0.678,0.407,0.2710000000000001,1.51288750486063e-258,0.4820090567665942
d21MaternalDiet_scRNAseq,d21,scRNA-seq,TAC,TAC,96,Hirip3,1.69096013333282,0.732,0.449,0.283,2.24281393989443e-291,0.478541717733188
d21MaternalDiet_scRNAseq,d21,scRNA-seq,TAC,TAC,97,Neil3,2.62692542101799,0.415,0.235,0.18,2.04714552290021e-88,0.47284657578323824
d21MaternalDiet_scRNAseq,d21,scRNA-seq,TAC,TAC,98,Cenph,1.89202766552004,0.611,0.369,0.242,3.73690488656742e-205,0.4578706950558497
d21MaternalDiet_scRNAseq,d21,scRNA-seq,TAC,TAC,99,Ccnb2,1.76564178800266,0.763,0.505,0.258,0,0.4555355813046863
d21MaternalDiet_scRNAseq,d21,scRNA-seq,TAC,TAC,100,Rad51,2.02387888369813,0.594,0.372,0.22199999999999998,7.00178995246496e-193,0.44930111218098484
d21MaternalDiet_scRNAseq,d21,scRNA-seq,TAC,TAC,101,Fbxo5,2.09053125947024,0.568,0.355,0.21299999999999997,9.64919925266864e-195,0.44528315826716103
d21MaternalDiet_scRNAseq,d21,scRNA-seq,TAC,TAC,102,Rrm2,1.81529147222194,0.687,0.445,0.24200000000000005,3.69063363569558e-262,0.43930053627770954
d21MaternalDiet_scRNAseq,d21,scRNA-seq,TAC,TAC,103,Rad51ap1,2.13359770534759,0.563,0.358,0.20499999999999996,2.35386868891813e-152,0.4373875295962559
d21MaternalDiet_scRNAseq,d21,scRNA-seq,TAC,TAC,104,Trim59,1.97980839267678,0.563,0.345,0.21799999999999997,2.2278029743162e-178,0.431598229603538
d21MaternalDiet_scRNAseq,d21,scRNA-seq,TAC,TAC,105,Cdkn3,1.87612912072454,0.66,0.431,0.22900000000000004,1.96496992267443e-229,0.42963356864591973
d21MaternalDiet_scRNAseq,d21,scRNA-seq,TAC,TAC,106,Hist1h3i,2.48231146723595,0.311,0.138,0.173,5.97232166723037e-95,0.42943988383181936
d21MaternalDiet_scRNAseq,d21,scRNA-seq,TAC,TAC,107,Rfc4,1.47358863207124,0.832,0.542,0.2899999999999999,0,0.4273407033006595
d21MaternalDiet_scRNAseq,d21,scRNA-seq,TAC,TAC,108,Hist1h2ae,2.61507761361569,0.65,0.489,0.16100000000000003,5.24854577250273e-180,0.42102749579212617
d21MaternalDiet_scRNAseq,d21,scRNA-seq,TAC,TAC,109,E2f8,2.16427017698048,0.55,0.36,0.19000000000000006,1.10155032486914e-150,0.41121133362629136
d21MaternalDiet_scRNAseq,d21,scRNA-seq,TAC,TAC,110,Clspn,1.96228216413386,0.569,0.36,0.20899999999999996,9.91440395567318e-159,0.41011697230397665
d21MaternalDiet_scRNAseq,d21,scRNA-seq,TAC,TAC,111,Hist1h4d,1.8613421298014,0.654,0.435,0.21900000000000003,1.07019329978052e-183,0.40763392642650664
d21MaternalDiet_scRNAseq,d21,scRNA-seq,TAC,TAC,112,Arhgap11a,1.67034072911269,0.591,0.349,0.242,8.16908155784758e-181,0.40422245644527094
d21MaternalDiet_scRNAseq,d21,scRNA-seq,TAC,TAC,113,Lockd,1.74752963258611,0.611,0.383,0.22799999999999998,2.55969297454672e-199,0.39843675622963304
d21MaternalDiet_scRNAseq,d21,scRNA-seq,TAC,TAC,114,Ccdc18,2.07046927670518,0.428,0.242,0.186,8.97380354524801e-117,0.3851072854671635
d21MaternalDiet_scRNAseq,d21,scRNA-seq,TAC,TAC,115,G2e3,1.59648089886723,0.569,0.329,0.23999999999999994,1.35904385853582e-165,0.3831554157281351
d21MaternalDiet_scRNAseq,d21,scRNA-seq,TAC,TAC,116,Cks2,1.9126690174672,0.958,0.758,0.19999999999999996,0,0.3825338034934399
d21MaternalDiet_scRNAseq,d21,scRNA-seq,TAC,TAC,117,Atad2,1.62780228032401,0.765,0.531,0.23399999999999999,3.8596481638526e-259,0.3809057335958183
d21MaternalDiet_scRNAseq,d21,scRNA-seq,TAC,TAC,118,Cenpw,1.3988074199581,0.876,0.604,0.272,0,0.3804756182286032
d21MaternalDiet_scRNAseq,d21,scRNA-seq,TAC,TAC,119,Ncapg2,1.90471730342947,0.603,0.404,0.19899999999999995,1.05384457984398e-162,0.37903874338246446
d21MaternalDiet_scRNAseq,d21,scRNA-seq,TAC,TAC,120,Hist1h2bj,2.1683874896289,0.465,0.291,0.17400000000000004,6.28505694478641e-113,0.3772994231954287
d21MaternalDiet_scRNAseq,d21,scRNA-seq,TAC,TAC,121,Lig1,1.53366587074022,0.816,0.57,0.246,9.99960349818898e-291,0.3772818042020941
d21MaternalDiet_scRNAseq,d21,scRNA-seq,TAC,TAC,122,Kif18a,2.41610937165624,0.397,0.241,0.15600000000000003,3.26193040688292e-97,0.37691306197837354
d21MaternalDiet_scRNAseq,d21,scRNA-seq,TAC,TAC,123,Ncapd3,1.49555442488204,0.717,0.47,0.247,1.18500872492487e-239,0.36940194294586387
d21MaternalDiet_scRNAseq,d21,scRNA-seq,TAC,TAC,124,Gins2,1.40206546496654,0.714,0.451,0.26299999999999996,1.78184109672465e-237,0.36874321728619996
d21MaternalDiet_scRNAseq,d21,scRNA-seq,TAC,TAC,125,Ckap5,1.52278923123463,0.714,0.481,0.23299999999999998,4.84540349769688e-219,0.3548098908776688
d21MaternalDiet_scRNAseq,d21,scRNA-seq,TAC,TAC,126,Mcm10,1.92531143298452,0.485,0.301,0.184,8.88575645690397e-133,0.3542573036691517
d21MaternalDiet_scRNAseq,d21,scRNA-seq,TAC,TAC,127,Dhfr,1.40267827259079,0.734,0.484,0.25,2.42100567747755e-232,0.3506695681476975
d21MaternalDiet_scRNAseq,d21,scRNA-seq,TAC,TAC,128,H2afx,1.63530907421195,0.889,0.675,0.21399999999999997,0,0.34995614188135726
d21MaternalDiet_scRNAseq,d21,scRNA-seq,TAC,TAC,129,Pola1,1.53863635626411,0.595,0.376,0.21899999999999997,2.30728020505234e-174,0.33696136202184007
d21MaternalDiet_scRNAseq,d21,scRNA-seq,TAC,TAC,130,Dnajc9,1.23315875747295,0.853,0.584,0.269,0,0.3317197057602235
d21MaternalDiet_scRNAseq,d21,scRNA-seq,TAC,TAC,131,Hist1h4h,1.50757475573739,0.478,0.261,0.21699999999999997,3.13306713600291e-139,0.32714372199501357
d21MaternalDiet_scRNAseq,d21,scRNA-seq,TAC,TAC,132,Fam111a,1.5973003531552,0.638,0.434,0.20400000000000001,2.4813013968244e-166,0.3258492720436608
d21MaternalDiet_scRNAseq,d21,scRNA-seq,TAC,TAC,133,Slfn9,1.61832449525245,0.709,0.511,0.19799999999999995,5.86621657746368e-179,0.32042825005998504
d21MaternalDiet_scRNAseq,d21,scRNA-seq,TAC,TAC,134,Uhrf1,1.59547798955728,0.657,0.457,0.2,9.82609879179111e-175,0.31909559791145603
d21MaternalDiet_scRNAseq,d21,scRNA-seq,TAC,TAC,135,Tmpo,1.45861671333905,0.976,0.769,0.20699999999999996,0,0.3019336596611833
d21MaternalDiet_scRNAseq,d21,scRNA-seq,TAC,TAC,136,Tyms,1.39458836953728,0.941,0.725,0.21599999999999997,0,0.3012310878200524
d21MaternalDiet_scRNAseq,d21,scRNA-seq,TAC,TAC,137,Ezh2,1.20502731413891,0.855,0.607,0.248,3.8304690759274e-286,0.2988467739064497
d21MaternalDiet_scRNAseq,d21,scRNA-seq,TAC,TAC,138,Rangap1,1.27695768287907,0.907,0.673,0.23399999999999999,0,0.2988080977937024
d21MaternalDiet_scRNAseq,d21,scRNA-seq,TAC,TAC,139,Hjurp,1.12656949805825,0.782,0.519,0.263,1.63308047507991e-211,0.2962877779893197
d21MaternalDiet_scRNAseq,d21,scRNA-seq,TAC,TAC,140,Rad21,1.26818959587166,0.909,0.681,0.22799999999999998,0,0.2891472278587385
d21MaternalDiet_scRNAseq,d21,scRNA-seq,TAC,TAC,141,Topbp1,1.12403117940974,0.805,0.563,0.2420000000000001,9.41749816381127e-227,0.27201554541715717
d21MaternalDiet_scRNAseq,d21,scRNA-seq,TAC,TAC,142,Chaf1a,1.53099271495578,0.585,0.411,0.174,9.49856243553658e-128,0.2663927324023057
d21MaternalDiet_scRNAseq,d21,scRNA-seq,TAC,TAC,143,Gmnn,1.19071853132336,0.883,0.66,0.22299999999999998,6.32985162291232e-289,0.2655302324851092
d21MaternalDiet_scRNAseq,d21,scRNA-seq,TAC,TAC,144,Stmn1,1.41503066013538,0.98,0.8,0.17999999999999994,0,0.2547055188243683
d21MaternalDiet_scRNAseq,d21,scRNA-seq,TAC,TAC,145,Usp1,1.08596844394091,0.875,0.641,0.23399999999999999,1.1073175435148e-270,0.25411661588217294
d21MaternalDiet_scRNAseq,d21,scRNA-seq,TAC,TAC,146,Bora,1.3330999188299,0.61,0.42,0.19,5.30597596467736e-122,0.253288984577681
d21MaternalDiet_scRNAseq,d21,scRNA-seq,TAC,TAC,147,Tuba1b,1.54433639100704,0.985,0.821,0.16400000000000003,0,0.2532711681251546
d21MaternalDiet_scRNAseq,d21,scRNA-seq,TAC,TAC,148,Mcm7,1.16313896520636,0.805,0.594,0.21100000000000008,3.53978584597483e-211,0.24542232165854203
d21MaternalDiet_scRNAseq,d21,scRNA-seq,TAC,TAC,149,Prim1,1.24753046681289,0.644,0.448,0.196,2.55072287988853e-141,0.24451597149532645
d21MaternalDiet_scRNAseq,d21,scRNA-seq,TAC,TAC,150,Mcm5,1.23495374342183,0.741,0.544,0.19699999999999995,1.32462996253692e-167,0.24328588745410046
d21MaternalDiet_scRNAseq,d21,scRNA-seq,TAC,TAC,151,Dnmt1,1.13282244989096,0.787,0.574,0.21300000000000008,7.22353630597951e-186,0.2412911818267746
d21MaternalDiet_scRNAseq,d21,scRNA-seq,TAC,TAC,152,Nde1,1.44663591962487,0.543,0.377,0.16600000000000004,2.81951394884789e-109,0.24014156265772846
d21MaternalDiet_scRNAseq,d21,scRNA-seq,TAC,TAC,153,Hells,1.30753382859988,0.732,0.552,0.17999999999999994,2.71367362767563e-161,0.23535608914797834
d21MaternalDiet_scRNAseq,d21,scRNA-seq,TAC,TAC,154,Cbx5,1.04872119687563,0.922,0.704,0.21800000000000008,0,0.22862122091888742
d21MaternalDiet_scRNAseq,d21,scRNA-seq,TAC,TAC,155,Siva1,0.948847337520844,0.866,0.626,0.24,3.10613967145541e-211,0.22772336100500257
d21MaternalDiet_scRNAseq,d21,scRNA-seq,TAC,TAC,156,Ccdc34,1.37611305625349,0.968,0.803,0.16499999999999992,0,0.22705865428182576
d21MaternalDiet_scRNAseq,d21,scRNA-seq,TAC,TAC,157,Psip1,0.92426886715346,0.831,0.596,0.235,1.30241552738408e-205,0.2172031837810631
d21MaternalDiet_scRNAseq,d21,scRNA-seq,TAC,TAC,158,Tipin,1.08667599777404,0.748,0.557,0.19099999999999995,6.59822447760028e-161,0.20755511557484158
d21MaternalDiet_scRNAseq,d21,scRNA-seq,TAC,TAC,159,Nsd2,0.937768800672348,0.734,0.517,0.21699999999999997,5.11214119804278e-140,0.2034958297458995
d21MaternalDiet_scRNAseq,d21,scRNA-seq,TAC,TAC,160,Cntrl,0.916589212642131,0.572,0.356,0.21599999999999997,1.92463701881482e-109,0.19798326993070026
d21MaternalDiet_scRNAseq,d21,scRNA-seq,TAC,TAC,161,Dek,1.24359004092122,0.982,0.829,0.15300000000000002,0,0.19026927626094667
d21MaternalDiet_scRNAseq,d21,scRNA-seq,TAC,TAC,162,Nasp,0.983251316523166,0.926,0.736,0.19000000000000006,1.42069740869799e-262,0.1868177501394016
d21MaternalDiet_scRNAseq,d21,scRNA-seq,TAC,TAC,163,Dnah8,1.21751207770262,0.447,0.295,0.15200000000000002,2.94135190042438e-81,0.18506183581079827
d21MaternalDiet_scRNAseq,d21,scRNA-seq,TAC,TAC,164,Gpsm2,1.17069737039432,0.616,0.459,0.15699999999999997,1.33449554471978e-101,0.1837994871519082
d21MaternalDiet_scRNAseq,d21,scRNA-seq,TAC,TAC,165,Cdkn2d,1.17927157157043,0.448,0.296,0.15200000000000002,4.03549728086883e-75,0.1792492788787054
d21MaternalDiet_scRNAseq,d21,scRNA-seq,TAC,TAC,166,Anp32e,1.03433755227542,0.916,0.746,0.17000000000000004,1.83202333894997e-293,0.17583738388682144
d21MaternalDiet_scRNAseq,d21,scRNA-seq,TAC,TAC,167,Naf1,0.877783388153295,0.692,0.504,0.18799999999999994,1.47809472160904e-110,0.16502327697281943
d21MaternalDiet_scRNAseq,d21,scRNA-seq,TAC,TAC,168,Hmgb3,0.835134712004414,0.912,0.727,0.18500000000000005,7.06182556170383e-203,0.15449992172081664
d21MaternalDiet_scRNAseq,d21,scRNA-seq,TAC,TAC,169,Mcm3,0.972648263888283,0.698,0.545,0.1529999999999999,2.13941267917185e-105,0.1488151843749072
d21MaternalDiet_scRNAseq,d21,scRNA-seq,TAC,TAC,170,Reep4,0.928774585213387,0.687,0.527,0.16000000000000003,1.37388838004714e-99,0.14860393363414195
d21MaternalDiet_scRNAseq,d21,scRNA-seq,TAC,TAC,171,Rfc2,0.733195002323727,0.784,0.586,0.19800000000000006,7.67435163818878e-130,0.145172610460098
d21MaternalDiet_scRNAseq,d21,scRNA-seq,TAC,TAC,172,Rfc3,0.851195419514622,0.756,0.588,0.16800000000000004,4.30341800764227e-113,0.14300083047845652
d21MaternalDiet_scRNAseq,d21,scRNA-seq,TAC,TAC,173,Uaca,0.774394253283367,0.526,0.364,0.16200000000000003,7.67155853037723e-71,0.12545186903190547
d21MaternalDiet_scRNAseq,d21,scRNA-seq,TAC,TAC,174,Baz1b,0.65782336448365,0.828,0.651,0.17699999999999994,9.22212996821022e-109,0.116434735513606
d21MaternalDiet_scRNAseq,d21,scRNA-seq,TAC,TAC,175,Kitl,0.683677524298026,0.647,0.481,0.16600000000000004,1.32527557826414e-74,0.11349046903347233
d21MaternalDiet_scRNAseq,d21,scRNA-seq,TAC,TAC,176,Isyna1,0.68424279476493,0.857,0.704,0.15300000000000002,9.51718616588484e-115,0.1046891475990343
d21MaternalDiet_scRNAseq,d21,scRNA-seq,TAC,TAC,177,Sema5a,0.633895032989687,0.692,0.527,0.16499999999999992,7.76241536951634e-78,0.10459268044329831
d21MaternalDiet_scRNAseq,d21,scRNA-seq,TAC,TAC,178,Myb,0.435131388003034,0.866,0.693,0.17300000000000004,6.7560812266256e-81,0.0752777301245249
d21MaternalDiet_scRNAseq,d21,scRNA-seq,TCell,TCell,1,Ms4a4b,8.76102067594636,0.921,0.127,0.794,1.07688461136589e-301,6.956250416701411
d21MaternalDiet_scRNAseq,d21,scRNA-seq,TCell,TCell,2,Nkg7,8.49224877631054,0.978,0.17,0.8079999999999999,1.0209003433345e-273,6.861737011258915
d21MaternalDiet_scRNAseq,d21,scRNA-seq,TCell,TCell,3,Gimap4,7.79010697304407,0.951,0.108,0.843,0,6.567060178276151
d21MaternalDiet_scRNAseq,d21,scRNA-seq,TCell,TCell,4,Il2rb,8.18475855917053,0.865,0.081,0.784,0,6.416850710389697
d21MaternalDiet_scRNAseq,d21,scRNA-seq,TCell,TCell,5,Cd160,8.08646350092607,0.891,0.1,0.791,0,6.396392629232522
d21MaternalDiet_scRNAseq,d21,scRNA-seq,TCell,TCell,6,Klrd1,7.83939290721396,0.94,0.17,0.7699999999999999,1.97022462929284e-249,6.036332538554748
d21MaternalDiet_scRNAseq,d21,scRNA-seq,TCell,TCell,7,Ctsw,7.462752467663,0.948,0.169,0.7789999999999999,3.88456046421782e-249,5.813484172309476
d21MaternalDiet_scRNAseq,d21,scRNA-seq,TCell,TCell,8,Xcl1,8.40052396052957,0.824,0.147,0.6769999999999999,5.95147190919123e-216,5.687154721278518
d21MaternalDiet_scRNAseq,d21,scRNA-seq,TCell,TCell,9,Cd2,8.27344048524684,0.708,0.027,0.6809999999999999,0,5.634212970453098
d21MaternalDiet_scRNAseq,d21,scRNA-seq,TCell,TCell,10,Trbc2,7.13605921685452,0.91,0.122,0.788,8.13668877668271e-241,5.623214662881361
d21MaternalDiet_scRNAseq,d21,scRNA-seq,TCell,TCell,11,Cd3d,7.0872747561158,0.865,0.111,0.754,6.35972279811137e-244,5.343805166111313
d21MaternalDiet_scRNAseq,d21,scRNA-seq,TCell,TCell,12,Cd7,7.33743792942847,0.88,0.158,0.722,4.5266704418046e-210,5.297630185047355
d21MaternalDiet_scRNAseq,d21,scRNA-seq,TCell,TCell,13,Ccl5,8.06118633475414,0.858,0.205,0.653,4.84736875881416e-159,5.263954676594453
d21MaternalDiet_scRNAseq,d21,scRNA-seq,TCell,TCell,14,Gimap6,7.20509866946409,0.798,0.076,0.7220000000000001,0,5.202081239353074
d21MaternalDiet_scRNAseq,d21,scRNA-seq,TCell,TCell,15,Cd3g,6.76589971665099,0.876,0.124,0.752,9.62537635256116e-229,5.087956586921544
d21MaternalDiet_scRNAseq,d21,scRNA-seq,TCell,TCell,16,Ptprcap,6.24423919871364,0.94,0.152,0.7879999999999999,3.54339912809778e-244,4.920460488586348
d21MaternalDiet_scRNAseq,d21,scRNA-seq,TCell,TCell,17,Gm19585,7.65210577411923,0.67,0.03,0.64,0,4.8973476954363075
d21MaternalDiet_scRNAseq,d21,scRNA-seq,TCell,TCell,18,Gimap3,7.26196629752676,0.768,0.098,0.67,1.65226814029233e-207,4.86551741934293
d21MaternalDiet_scRNAseq,d21,scRNA-seq,TCell,TCell,19,Skap1,6.89875777838577,0.779,0.077,0.7020000000000001,1.26156750836112e-280,4.8429279604268105
d21MaternalDiet_scRNAseq,d21,scRNA-seq,TCell,TCell,20,Gimap7,8.06744247445995,0.614,0.024,0.59,0,4.75979105993137
d21MaternalDiet_scRNAseq,d21,scRNA-seq,TCell,TCell,21,Ptprc,5.99206468376736,0.985,0.203,0.782,2.51301140432583e-251,4.685794582706076
d21MaternalDiet_scRNAseq,d21,scRNA-seq,TCell,TCell,22,Klre1,9.3316583465326,0.517,0.017,0.5,0,4.6658291732663
d21MaternalDiet_scRNAseq,d21,scRNA-seq,TCell,TCell,23,Hcst,6.34795131761068,0.888,0.159,0.729,2.36229656556064e-172,4.627656510538186
d21MaternalDiet_scRNAseq,d21,scRNA-seq,TCell,TCell,24,Cd52,5.96073630581558,1,0.24,0.76,2.03727634081796e-210,4.530159592419841
d21MaternalDiet_scRNAseq,d21,scRNA-seq,TCell,TCell,25,Ptpn22,6.67494673623291,0.73,0.057,0.6729999999999999,0,4.492239153484748
d21MaternalDiet_scRNAseq,d21,scRNA-seq,TCell,TCell,26,Ltb,6.01688550089436,0.876,0.132,0.744,1.24488801844537e-206,4.476562812665404
d21MaternalDiet_scRNAseq,d21,scRNA-seq,TCell,TCell,27,Klra6,9.35371324075906,0.487,0.01,0.477,0,4.461721215842071
d21MaternalDiet_scRNAseq,d21,scRNA-seq,TCell,TCell,28,Coro1a,5.65324712033989,0.993,0.208,0.785,1.60599107310848e-234,4.437798989466814
d21MaternalDiet_scRNAseq,d21,scRNA-seq,TCell,TCell,29,Cd3e,6.43440013201576,0.753,0.071,0.682,1.10695293444465e-275,4.388260890034749
d21MaternalDiet_scRNAseq,d21,scRNA-seq,TCell,TCell,30,Trbc1,7.18308389201626,0.704,0.094,0.61,4.43046850329248e-156,4.381681174129918
d21MaternalDiet_scRNAseq,d21,scRNA-seq,TCell,TCell,31,Rac2,5.52972963919285,0.978,0.193,0.7849999999999999,1.0916578754551e-228,4.340837766766387
d21MaternalDiet_scRNAseq,d21,scRNA-seq,TCell,TCell,32,Trac,7.67188266898583,0.678,0.118,0.56,2.26603157702383e-168,4.296254294632066
d21MaternalDiet_scRNAseq,d21,scRNA-seq,TCell,TCell,33,Klra7,8.61746293602565,0.566,0.069,0.49699999999999994,1.9089029827857e-157,4.282879079204747
d21MaternalDiet_scRNAseq,d21,scRNA-seq,TCell,TCell,34,Gimap5,6.91890996296245,0.689,0.08,0.609,3.93863926050658e-204,4.213616167444132
d21MaternalDiet_scRNAseq,d21,scRNA-seq,TCell,TCell,35,Arhgdib,5.58412679196544,0.974,0.229,0.745,1.75403202240489e-220,4.160174460014253
d21MaternalDiet_scRNAseq,d21,scRNA-seq,TCell,TCell,36,Cd48,5.86070158919494,0.828,0.123,0.705,2.28488976940611e-259,4.131794620382432
d21MaternalDiet_scRNAseq,d21,scRNA-seq,TCell,TCell,37,Rhoh,5.91231395372581,0.76,0.066,0.694,2.4906910270661e-275,4.103145883885712
d21MaternalDiet_scRNAseq,d21,scRNA-seq,TCell,TCell,38,Bin2,5.97820671959888,0.76,0.074,0.686,1.54619114353048e-271,4.101049809644832
d21MaternalDiet_scRNAseq,d21,scRNA-seq,TCell,TCell,39,Cxcr3,6.84627300022356,0.644,0.048,0.596,1.25091571984967e-250,4.080378708133241
d21MaternalDiet_scRNAseq,d21,scRNA-seq,TCell,TCell,40,Mndal,5.93024291027498,0.742,0.058,0.6839999999999999,0,4.056286150628086
d21MaternalDiet_scRNAseq,d21,scRNA-seq,TCell,TCell,41,Sh2d2a,6.79611494470875,0.644,0.049,0.595,0,4.043688392101706
d21MaternalDiet_scRNAseq,d21,scRNA-seq,TCell,TCell,42,Lck,6.66112133635819,0.801,0.208,0.5930000000000001,3.10551318262839e-140,3.950044952460407
d21MaternalDiet_scRNAseq,d21,scRNA-seq,TCell,TCell,43,Il2rg,5.93791844623445,0.734,0.078,0.656,7.36968622869528e-234,3.8952745007297995
d21MaternalDiet_scRNAseq,d21,scRNA-seq,TCell,TCell,44,Runx3,5.51448533935368,0.813,0.108,0.705,1.79499760708292e-220,3.887712164244344
d21MaternalDiet_scRNAseq,d21,scRNA-seq,TCell,TCell,45,Itgb7,5.79475525045188,0.768,0.1,0.668,7.95609399110079e-227,3.870896507301856
d21MaternalDiet_scRNAseq,d21,scRNA-seq,TCell,TCell,46,Fxyd5,5.19952011994816,0.94,0.197,0.7429999999999999,1.45868465157044e-220,3.8632434491214824
d21MaternalDiet_scRNAseq,d21,scRNA-seq,TCell,TCell,47,Selplg,5.60665762643823,0.831,0.145,0.6859999999999999,5.81755269840398e-208,3.846167131736626
d21MaternalDiet_scRNAseq,d21,scRNA-seq,TCell,TCell,48,Ctla2a,6.92885827482396,0.655,0.104,0.551,6.5051377370665e-154,3.8178009094280023
d21MaternalDiet_scRNAseq,d21,scRNA-seq,TCell,TCell,49,Thy1,6.30590408382141,0.644,0.048,0.596,1.27116007627607e-247,3.7583188339575604
d21MaternalDiet_scRNAseq,d21,scRNA-seq,TCell,TCell,50,Ifi203,5.90736698311697,0.693,0.067,0.6259999999999999,2.58277238140856e-219,3.6980117314312224
d21MaternalDiet_scRNAseq,d21,scRNA-seq,TCell,TCell,51,Msn,5.14830306315358,0.891,0.181,0.71,3.24657673836397e-202,3.655295174839042
d21MaternalDiet_scRNAseq,d21,scRNA-seq,TCell,TCell,52,Lsp1,4.83651371107129,0.903,0.148,0.755,1.63183372383859e-237,3.651567851858824
d21MaternalDiet_scRNAseq,d21,scRNA-seq,TCell,TCell,53,Ikzf3,6.8233445017147,0.61,0.075,0.535,1.16322293504168e-220,3.6504893084173644
d21MaternalDiet_scRNAseq,d21,scRNA-seq,TCell,TCell,54,Laptm5,4.79758150606025,0.936,0.177,0.7590000000000001,1.59837721513367e-214,3.64136436309973
d21MaternalDiet_scRNAseq,d21,scRNA-seq,TCell,TCell,55,Cd226,6.77217289927389,0.573,0.036,0.5369999999999999,3.85201015686193e-184,3.6366568469100784
d21MaternalDiet_scRNAseq,d21,scRNA-seq,TCell,TCell,56,Fcer1g,5.52278331045336,0.88,0.244,0.636,6.95433023652239e-166,3.5124901854483372
d21MaternalDiet_scRNAseq,d21,scRNA-seq,TCell,TCell,57,Ms4a6b,6.24620395456757,0.644,0.082,0.562,5.4673128755888e-169,3.5103666224669747
d21MaternalDiet_scRNAseq,d21,scRNA-seq,TCell,TCell,58,Slamf7,5.93519829511724,0.659,0.07,0.589,5.16031071371421e-233,3.495831795824054
d21MaternalDiet_scRNAseq,d21,scRNA-seq,TCell,TCell,59,Gimap1,5.499988996664,0.835,0.201,0.6339999999999999,2.3516291499214e-149,3.486993023884976
d21MaternalDiet_scRNAseq,d21,scRNA-seq,TCell,TCell,60,Srgn,4.7855119381786,0.959,0.231,0.728,7.19397415803805e-219,3.483852690994021
d21MaternalDiet_scRNAseq,d21,scRNA-seq,TCell,TCell,61,Klrk1,7.57326169990199,0.524,0.066,0.458,7.4219193454915e-83,3.4685538585551114
d21MaternalDiet_scRNAseq,d21,scRNA-seq,TCell,TCell,62,Ifng,8.74917584777891,0.401,0.007,0.394,0,3.4471752840248904
d21MaternalDiet_scRNAseq,d21,scRNA-seq,TCell,TCell,63,Lax1,7.28025641240553,0.491,0.018,0.473,0,3.4435612830678153
d21MaternalDiet_scRNAseq,d21,scRNA-seq,TCell,TCell,64,Limd2,5.2769862560022,0.873,0.229,0.644,5.81237631666633e-172,3.3983791488654167
d21MaternalDiet_scRNAseq,d21,scRNA-seq,TCell,TCell,65,Cd53,5.29356066705165,0.745,0.105,0.64,9.40352119629418e-217,3.387878826913056
d21MaternalDiet_scRNAseq,d21,scRNA-seq,TCell,TCell,66,Rinl,5.81560707403172,0.779,0.201,0.5780000000000001,5.62159168312515e-138,3.3614208887903345
d21MaternalDiet_scRNAseq,d21,scRNA-seq,TCell,TCell,67,Ipcef1,7.01717428548726,0.581,0.104,0.477,1.05415602473559e-115,3.347192134177423
d21MaternalDiet_scRNAseq,d21,scRNA-seq,TCell,TCell,68,Gm33104,9.47147967010357,0.356,0.004,0.352,0,3.333960843876456
d21MaternalDiet_scRNAseq,d21,scRNA-seq,TCell,TCell,69,Zap70,5.89610654783926,0.592,0.028,0.564,9.85619938626721e-273,3.3254040929813424
d21MaternalDiet_scRNAseq,d21,scRNA-seq,TCell,TCell,70,Vim,5.15188096161922,0.899,0.258,0.641,1.06740772127731e-166,3.30235569639792
d21MaternalDiet_scRNAseq,d21,scRNA-seq,TCell,TCell,71,Sp100,5.56449783083947,0.749,0.158,0.591,3.57118332239535e-130,3.288618218026127
d21MaternalDiet_scRNAseq,d21,scRNA-seq,TCell,TCell,72,Serpinb6b,5.94555324548383,0.581,0.035,0.5459999999999999,0,3.246272072034171
d21MaternalDiet_scRNAseq,d21,scRNA-seq,TCell,TCell,73,Klrb1c,7.74980825531517,0.453,0.036,0.41700000000000004,2.12341040305543e-221,3.231670042466426
d21MaternalDiet_scRNAseq,d21,scRNA-seq,TCell,TCell,74,Klk8,5.80271537306622,0.61,0.057,0.5529999999999999,2.99878238807664e-187,3.208901601305619
d21MaternalDiet_scRNAseq,d21,scRNA-seq,TCell,TCell,75,Evl,5.93383456372051,0.7,0.163,0.5369999999999999,4.02737936877795e-113,3.1864691607179134
d21MaternalDiet_scRNAseq,d21,scRNA-seq,TCell,TCell,76,Klra9,9.45333528342608,0.341,0.009,0.332,2.02184523923229e-166,3.138507314097459
d21MaternalDiet_scRNAseq,d21,scRNA-seq,TCell,TCell,77,Ncr1,7.9444269853268,0.431,0.038,0.393,3.66590884292656e-147,3.1221598052334323
d21MaternalDiet_scRNAseq,d21,scRNA-seq,TCell,TCell,78,Klra5,8.66743201195056,0.367,0.007,0.36,3.38410236637725e-180,3.120275524302201
d21MaternalDiet_scRNAseq,d21,scRNA-seq,TCell,TCell,79,Lat,5.87903061015403,0.622,0.095,0.527,2.92802611283033e-152,3.098249131551174
d21MaternalDiet_scRNAseq,d21,scRNA-seq,TCell,TCell,80,Emp3,5.06373951802662,0.775,0.165,0.61,5.45266001700127e-161,3.088881105996238
d21MaternalDiet_scRNAseq,d21,scRNA-seq,TCell,TCell,81,Txk,6.28614302269,0.64,0.149,0.491,1.18416149996185e-99,3.08649622414079
d21MaternalDiet_scRNAseq,d21,scRNA-seq,TCell,TCell,82,Itgb2,5.52188831544308,0.637,0.082,0.555,2.67915784824702e-166,3.06464801507091
d21MaternalDiet_scRNAseq,d21,scRNA-seq,TCell,TCell,83,Ppp1r18,5.37045328906198,0.652,0.083,0.5690000000000001,4.63433046939005e-189,3.055787921476267
d21MaternalDiet_scRNAseq,d21,scRNA-seq,TCell,TCell,84,Lcp1,4.51137511104244,0.951,0.276,0.6749999999999999,3.28900011799932e-171,3.045178199953647
d21MaternalDiet_scRNAseq,d21,scRNA-seq,TCell,TCell,85,Sept1,4.88006353443623,0.903,0.293,0.6100000000000001,1.35504484844529e-152,2.9768387560061007
d21MaternalDiet_scRNAseq,d21,scRNA-seq,TCell,TCell,86,Tcrg-C2,6.68894875902822,0.502,0.057,0.445,1.19408151506775e-164,2.976582197767558
d21MaternalDiet_scRNAseq,d21,scRNA-seq,TCell,TCell,87,Lef1,6.98009530778818,0.461,0.035,0.42600000000000005,3.2078333617127e-182,2.973520601117765
d21MaternalDiet_scRNAseq,d21,scRNA-seq,TCell,TCell,88,Itga4,5.83802025688735,0.618,0.109,0.509,1.02296515170142e-144,2.971552310755661
d21MaternalDiet_scRNAseq,d21,scRNA-seq,TCell,TCell,89,Klrc2,7.65996695641173,0.412,0.025,0.38699999999999996,4.11275250923903e-239,2.964407212131339
d21MaternalDiet_scRNAseq,d21,scRNA-seq,TCell,TCell,90,Cnn2,4.89554916148543,0.839,0.242,0.597,3.97350317213623e-136,2.922642849406802
d21MaternalDiet_scRNAseq,d21,scRNA-seq,TCell,TCell,91,Cxcr6,4.98178998637412,0.637,0.053,0.584,7.88395573984136e-220,2.909365352042486
d21MaternalDiet_scRNAseq,d21,scRNA-seq,TCell,TCell,92,Ets1,5.13898947400125,0.787,0.225,0.562,3.98966489805494e-115,2.888112084388703
d21MaternalDiet_scRNAseq,d21,scRNA-seq,TCell,TCell,93,Ncf4,5.51432898147346,0.577,0.055,0.5219999999999999,2.14211913453953e-169,2.8784797283291454
d21MaternalDiet_scRNAseq,d21,scRNA-seq,TCell,TCell,94,Stat4,6.54416273420386,0.487,0.053,0.434,3.2044074953593e-71,2.8401666266444754
d21MaternalDiet_scRNAseq,d21,scRNA-seq,TCell,TCell,95,Dusp2,6.87131619090244,0.536,0.123,0.41300000000000003,7.45758593969702e-53,2.8378535868427077
d21MaternalDiet_scRNAseq,d21,scRNA-seq,TCell,TCell,96,Celf2,4.86584587109243,0.772,0.196,0.5760000000000001,3.73551570940448e-129,2.8027272217492403
d21MaternalDiet_scRNAseq,d21,scRNA-seq,TCell,TCell,97,Klrb1a,7.95958872617989,0.375,0.024,0.351,5.49276614405351e-106,2.793815642889141
d21MaternalDiet_scRNAseq,d21,scRNA-seq,TCell,TCell,98,Arhgap45,5.63113458134024,0.629,0.133,0.496,3.32856986908161e-92,2.793042752344759
d21MaternalDiet_scRNAseq,d21,scRNA-seq,TCell,TCell,99,Klrc1,7.86634297584664,0.371,0.02,0.351,1.18004793800583e-164,2.7610863845221707
d21MaternalDiet_scRNAseq,d21,scRNA-seq,TCell,TCell,100,Ikzf2,5.11469825308948,0.801,0.263,0.538,1.19996102049226e-110,2.75170766016214
d21MaternalDiet_scRNAseq,d21,scRNA-seq,TCell,TCell,101,Ptpn7,5.3838215149428,0.558,0.049,0.509,1.9063844247973e-232,2.7403651511058853
d21MaternalDiet_scRNAseq,d21,scRNA-seq,TCell,TCell,102,Cd37,4.80696151018159,0.779,0.21,0.5690000000000001,4.82132940462265e-136,2.735161099293325
d21MaternalDiet_scRNAseq,d21,scRNA-seq,TCell,TCell,103,Arhgap15,5.81581375243045,0.509,0.039,0.47000000000000003,1.02582956619567e-186,2.7334324636423117
d21MaternalDiet_scRNAseq,d21,scRNA-seq,TCell,TCell,104,Ctla2b,7.3231972943541,0.412,0.045,0.367,1.43347277468268e-58,2.6876134070279547
d21MaternalDiet_scRNAseq,d21,scRNA-seq,TCell,TCell,105,Ifi213,7.0845923507923,0.397,0.018,0.379,0,2.6850605009502817
d21MaternalDiet_scRNAseq,d21,scRNA-seq,TCell,TCell,106,Tcrg-C4,5.98354590879427,0.536,0.088,0.44800000000000006,4.15036861299258e-129,2.6806285671398333
d21MaternalDiet_scRNAseq,d21,scRNA-seq,TCell,TCell,107,Satb1,6.14237046321338,0.509,0.073,0.436,7.60054708463163e-124,2.678073521961034
d21MaternalDiet_scRNAseq,d21,scRNA-seq,TCell,TCell,108,Ighm,4.85978368827844,0.637,0.093,0.544,3.78183525450866e-117,2.6437223264234713
d21MaternalDiet_scRNAseq,d21,scRNA-seq,TCell,TCell,109,Klf2,5.41890446788316,0.659,0.175,0.48400000000000004,1.30813151954161e-91,2.6227497624554497
d21MaternalDiet_scRNAseq,d21,scRNA-seq,TCell,TCell,110,Izumo1r,7.64016688132811,0.341,0.007,0.334,0,2.551815738363589
d21MaternalDiet_scRNAseq,d21,scRNA-seq,TCell,TCell,111,Crtam,8.25314874601954,0.322,0.013,0.309,1.32084059788983e-142,2.550222962520038
d21MaternalDiet_scRNAseq,d21,scRNA-seq,TCell,TCell,112,Rasgrp1,5.40342968307987,0.494,0.023,0.471,1.47422577215733e-204,2.545015380730619
d21MaternalDiet_scRNAseq,d21,scRNA-seq,TCell,TCell,113,Gpsm3,4.98776968243345,0.674,0.167,0.507,9.91794546468828e-99,2.5287992289937593
d21MaternalDiet_scRNAseq,d21,scRNA-seq,TCell,TCell,114,Rasgrp2,5.69621630737018,0.472,0.036,0.436,1.27679923532062e-163,2.483550310013398
d21MaternalDiet_scRNAseq,d21,scRNA-seq,TCell,TCell,115,Arhgap30,4.98100314933465,0.599,0.106,0.493,3.72873249847943e-87,2.4556345526219823
d21MaternalDiet_scRNAseq,d21,scRNA-seq,TCell,TCell,116,Cd244a,5.61709017718731,0.494,0.058,0.436,3.50402658984388e-77,2.449051317253667
d21MaternalDiet_scRNAseq,d21,scRNA-seq,TCell,TCell,117,Dock10,4.91155665056806,0.562,0.064,0.49800000000000005,4.7227792171842e-103,2.445955211982894
d21MaternalDiet_scRNAseq,d21,scRNA-seq,TCell,TCell,118,Klri2,7.42026109445897,0.341,0.012,0.329,1.2698292005321e-183,2.4412659000770014
d21MaternalDiet_scRNAseq,d21,scRNA-seq,TCell,TCell,119,Lgals1,4.86644597249543,0.813,0.313,0.49999999999999994,4.78094671608236e-115,2.4332229862477144
d21MaternalDiet_scRNAseq,d21,scRNA-seq,TCell,TCell,120,Ifi208,7.2537368015403,0.375,0.04,0.335,2.58601487069503e-101,2.4300018285160006
d21MaternalDiet_scRNAseq,d21,scRNA-seq,TCell,TCell,121,Grap,5.63075265170424,0.457,0.026,0.431,2.21236364592063e-214,2.4268543928845276
d21MaternalDiet_scRNAseq,d21,scRNA-seq,TCell,TCell,122,Hsd11b1,5.6359102149786,0.479,0.049,0.43,1.49959945808446e-101,2.423441392440798
d21MaternalDiet_scRNAseq,d21,scRNA-seq,TCell,TCell,123,Rgs1,5.16525641391627,0.554,0.085,0.46900000000000003,7.4011687128097e-74,2.422505258126731
d21MaternalDiet_scRNAseq,d21,scRNA-seq,TCell,TCell,124,Dock2,5.41028842085525,0.539,0.099,0.44000000000000006,5.92070620496573e-63,2.38052690517631
d21MaternalDiet_scRNAseq,d21,scRNA-seq,TCell,TCell,125,Gzmb,5.87843317737179,0.446,0.045,0.401,7.5045132988542e-189,2.357251704126088
d21MaternalDiet_scRNAseq,d21,scRNA-seq,TCell,TCell,126,Dapl1,8.11381517856253,0.3,0.011,0.289,5.77806297584417e-134,2.3448925866045713
d21MaternalDiet_scRNAseq,d21,scRNA-seq,TCell,TCell,127,Dtx1,5.72293764861858,0.416,0.015,0.40099999999999997,6.56863317425207e-126,2.2948979970960504
d21MaternalDiet_scRNAseq,d21,scRNA-seq,TCell,TCell,128,Trat1,9.13461829579799,0.255,0.005,0.25,3.5268731102122e-14,2.2836545739494976
d21MaternalDiet_scRNAseq,d21,scRNA-seq,TCell,TCell,129,Ccl3,6.85871236910997,0.337,0.006,0.331,0,2.2702337941754003
d21MaternalDiet_scRNAseq,d21,scRNA-seq,TCell,TCell,130,Arl4c,5.68226425382449,0.461,0.063,0.398,4.55824980475482e-70,2.261541173022147
d21MaternalDiet_scRNAseq,d21,scRNA-seq,TCell,TCell,131,Klra1,8.18656724816515,0.322,0.046,0.276,8.73509558888567e-22,2.2594925604935816
d21MaternalDiet_scRNAseq,d21,scRNA-seq,TCell,TCell,132,Emb,4.84764930564877,0.637,0.171,0.46599999999999997,2.14304666332588e-65,2.2590045764323268
d21MaternalDiet_scRNAseq,d21,scRNA-seq,TCell,TCell,133,Gzma,7.54628972469143,0.434,0.137,0.297,3.2682372098366e-51,2.2412480482333548
d21MaternalDiet_scRNAseq,d21,scRNA-seq,TCell,TCell,134,Gm2682,8.18364514287485,0.288,0.017,0.27099999999999996,7.17545329290133e-11,2.2177678337190843
d21MaternalDiet_scRNAseq,d21,scRNA-seq,TCell,TCell,135,Ly6c2,4.96153619631976,0.539,0.093,0.44600000000000006,1.08392121793711e-92,2.212845143558613
d21MaternalDiet_scRNAseq,d21,scRNA-seq,TCell,TCell,136,Cd6,6.76189301414887,0.337,0.01,0.327,0,2.2111390156266806
d21MaternalDiet_scRNAseq,d21,scRNA-seq,TCell,TCell,137,Spn,5.34949912304067,0.487,0.077,0.41,6.4762657561812e-79,2.1932946404466747
d21MaternalDiet_scRNAseq,d21,scRNA-seq,TCell,TCell,138,Trgv2,7.05347190820542,0.318,0.008,0.31,1.99740131461038e-87,2.1865762915436804
d21MaternalDiet_scRNAseq,d21,scRNA-seq,TCell,TCell,139,Ikzf1,4.97263905775698,0.513,0.078,0.435,2.02820893253525e-66,2.163097990124286
d21MaternalDiet_scRNAseq,d21,scRNA-seq,TCell,TCell,140,Gzmc,6.88232208088141,0.401,0.087,0.31400000000000006,5.9047629593609e-76,2.161049133396763
d21MaternalDiet_scRNAseq,d21,scRNA-seq,TCell,TCell,141,Cytip,5.06893259573883,0.603,0.18,0.423,5.74626510353624e-48,2.144158487997525
d21MaternalDiet_scRNAseq,d21,scRNA-seq,TCell,TCell,142,Ifi209,5.91965207114579,0.371,0.014,0.357,4.25554908869186e-116,2.113315789399047
d21MaternalDiet_scRNAseq,d21,scRNA-seq,TCell,TCell,143,Serpina3g,5.55546971063005,0.393,0.018,0.375,2.07352485067691e-195,2.083301141486269
d21MaternalDiet_scRNAseq,d21,scRNA-seq,TCell,TCell,144,Sash3,5.32183861505798,0.487,0.097,0.39,1.63284170256613e-66,2.0755170598726123
d21MaternalDiet_scRNAseq,d21,scRNA-seq,TCell,TCell,145,Cd69,5.91602584169955,0.393,0.052,0.341,4.04772007995441e-44,2.017364812019547
d21MaternalDiet_scRNAseq,d21,scRNA-seq,TCell,TCell,146,Myo1f,4.93839939469044,0.468,0.063,0.405,1.18525999234911e-112,2.000051754849628
d21MaternalDiet_scRNAseq,d21,scRNA-seq,TCell,TCell,147,Hcls1,4.33483646928073,0.532,0.092,0.44000000000000006,3.98131009619704e-74,1.9073280464835214
d21MaternalDiet_scRNAseq,d21,scRNA-seq,TCell,TCell,148,St6galnac3,5.44570987666932,0.36,0.014,0.346,7.73177368364899e-218,1.8842156173275846
d21MaternalDiet_scRNAseq,d21,scRNA-seq,TCell,TCell,149,H2-Q7,4.17689579986793,0.835,0.387,0.44799999999999995,8.59757110616525e-102,1.8712493183408325
d21MaternalDiet_scRNAseq,d21,scRNA-seq,TCell,TCell,150,Fyn,4.20942686504976,0.652,0.211,0.44100000000000006,1.16510256293005e-62,1.8563572474869445
d21MaternalDiet_scRNAseq,d21,scRNA-seq,TCell,TCell,151,Ifi47,4.43236753838656,0.64,0.229,0.41100000000000003,3.41707580129009e-71,1.8217030582768765
d21MaternalDiet_scRNAseq,d21,scRNA-seq,TCell,TCell,152,Cd8a,4.97550823246162,0.408,0.042,0.366,1.65378089310178e-84,1.8210360130809529
d21MaternalDiet_scRNAseq,d21,scRNA-seq,TCell,TCell,153,Tnfrsf9,5.26638860385256,0.36,0.016,0.344,5.76857246251588e-127,1.8116376797252804
d21MaternalDiet_scRNAseq,d21,scRNA-seq,TCell,TCell,154,Tespa1,5.1139842796698,0.453,0.099,0.354,8.14103588923915e-36,1.810350435003109
d21MaternalDiet_scRNAseq,d21,scRNA-seq,TCell,TCell,155,Prf1,7.2815104564516,0.251,0.004,0.247,1.58123307153286e-44,1.7985330827435453
d21MaternalDiet_scRNAseq,d21,scRNA-seq,TCell,TCell,156,Cyfip2,5.07008593615137,0.404,0.057,0.34700000000000003,2.35189122211236e-31,1.7593198198445257
d21MaternalDiet_scRNAseq,d21,scRNA-seq,TCell,TCell,157,Bfsp2,5.53102807846836,0.318,0.002,0.316,0,1.7478048727960018
d21MaternalDiet_scRNAseq,d21,scRNA-seq,TCell,TCell,158,Capn3,5.78550195992261,0.356,0.058,0.298,1.77850415239325e-60,1.7240795840569376
d21MaternalDiet_scRNAseq,d21,scRNA-seq,TCell,TCell,159,Cyth4,4.37273961246445,0.461,0.067,0.394,4.96156771956907e-41,1.7228594073109933
d21MaternalDiet_scRNAseq,d21,scRNA-seq,TCell,TCell,160,Slfn2,4.40754334700407,0.566,0.181,0.38499999999999995,3.40413457481993e-40,1.6969041885965668
d21MaternalDiet_scRNAseq,d21,scRNA-seq,TCell,TCell,161,S100a4,4.46980577802209,0.569,0.192,0.37699999999999995,2.2475520144134e-44,1.6851167783143277
d21MaternalDiet_scRNAseq,d21,scRNA-seq,TCell,TCell,162,Igkc,6.89186705642846,0.318,0.074,0.244,5.0827785004444e-44,1.6816155617685442
d21MaternalDiet_scRNAseq,d21,scRNA-seq,TCell,TCell,163,Tyrobp,3.46609746307394,0.723,0.239,0.484,7.15716070696408e-95,1.677591172127787
d21MaternalDiet_scRNAseq,d21,scRNA-seq,TCell,TCell,164,Cd200r1,6.16032256986569,0.292,0.021,0.27099999999999996,1.68403952596363e-41,1.6694474164336017
d21MaternalDiet_scRNAseq,d21,scRNA-seq,TCell,TCell,165,Nrgn,4.46524114371633,0.412,0.039,0.373,4.13731454539018e-122,1.665534946606191
d21MaternalDiet_scRNAseq,d21,scRNA-seq,TCell,TCell,166,Anxa6,4.005770839714,0.7,0.285,0.415,1.53970874424069e-69,1.6623948984813097
d21MaternalDiet_scRNAseq,d21,scRNA-seq,TCell,TCell,167,Inpp5d,4.142103382122,0.524,0.123,0.401,8.49536987507023e-66,1.6609834562309223
d21MaternalDiet_scRNAseq,d21,scRNA-seq,TCell,TCell,168,Tnfrsf18,4.55778514703584,0.592,0.228,0.364,3.84506063305941e-53,1.6590337935210457
d21MaternalDiet_scRNAseq,d21,scRNA-seq,TCell,TCell,169,Gm36723,5.39027142569242,0.33,0.029,0.301,1.67600509656871e-98,1.6224716991334185
d21MaternalDiet_scRNAseq,d21,scRNA-seq,TCell,TCell,170,Sell,4.09272735038815,0.416,0.023,0.39299999999999996,2.76849962730249e-217,1.6084418487025427
d21MaternalDiet_scRNAseq,d21,scRNA-seq,TCell,TCell,171,Ccl4,5.9448524695692,0.315,0.046,0.269,2.15835042270918e-41,1.5991653143141151
d21MaternalDiet_scRNAseq,d21,scRNA-seq,TCell,TCell,172,Cd5,6.35173842067118,0.258,0.007,0.251,1.8535333307322e-22,1.5942863435884662
d21MaternalDiet_scRNAseq,d21,scRNA-seq,TCell,TCell,173,6330403K07Rik,6.60513754254279,0.262,0.021,0.24100000000000002,3.69919438499738e-50,1.5918381477528125
d21MaternalDiet_scRNAseq,d21,scRNA-seq,TCell,TCell,174,BC147527,4.69056344505888,0.348,0.009,0.33899999999999997,1.7428290959194e-253,1.59010100787496
d21MaternalDiet_scRNAseq,d21,scRNA-seq,TCell,TCell,175,Pdcd1,5.05059739557874,0.318,0.006,0.312,9.73564121909568e-268,1.5757863874205669
d21MaternalDiet_scRNAseq,d21,scRNA-seq,TCell,TCell,176,Phf11b,4.3611131415756,0.412,0.052,0.36,4.18275547042289e-102,1.570000730967216
d21MaternalDiet_scRNAseq,d21,scRNA-seq,TCell,TCell,177,Cst7,5.45301386355078,0.341,0.055,0.28600000000000003,7.73275311209141e-12,1.5595619649755232
d21MaternalDiet_scRNAseq,d21,scRNA-seq,TCell,TCell,178,Slamf6,5.85596796554068,0.277,0.014,0.263,2.3500647091941e-13,1.540119574937199
d21MaternalDiet_scRNAseq,d21,scRNA-seq,TCell,TCell,179,Il18r1,4.95041376887617,0.341,0.043,0.29800000000000004,1.44130556118591e-48,1.475223303125099
d21MaternalDiet_scRNAseq,d21,scRNA-seq,TCell,TCell,180,Samsn1,3.53984100405273,0.449,0.035,0.41400000000000003,2.39052924804158e-143,1.4654941756778304
d21MaternalDiet_scRNAseq,d21,scRNA-seq,TCell,TCell,181,Itgae,4.31491466490279,0.479,0.143,0.33599999999999997,7.95582930595285e-52,1.4498113274073372
d21MaternalDiet_scRNAseq,d21,scRNA-seq,TCell,TCell,182,Cd247,5.27379278815817,0.348,0.074,0.27399999999999997,5.03816413868139e-12,1.4450192239553383
d21MaternalDiet_scRNAseq,d21,scRNA-seq,TCell,TCell,183,Cd8b1,4.37658379985608,0.382,0.054,0.328,3.14909842587908e-75,1.4355194863527942
d21MaternalDiet_scRNAseq,d21,scRNA-seq,TCell,TCell,184,St8sia4,4.2830977453464,0.386,0.052,0.334,1.83456273309364e-29,1.4305546469456978
d21MaternalDiet_scRNAseq,d21,scRNA-seq,TCell,TCell,185,Hdgfl3,5.28954174673561,0.277,0.008,0.269,7.07890144645384e-95,1.4228867298718793
d21MaternalDiet_scRNAseq,d21,scRNA-seq,TCell,TCell,186,Fcgr3,3.75677044998979,0.404,0.04,0.36400000000000005,3.84447490515575e-132,1.3674644437962837
d21MaternalDiet_scRNAseq,d21,scRNA-seq,TCell,TCell,187,AI662270,4.25718840420172,0.382,0.061,0.321,1.27678990819169e-19,1.3665574777487521
d21MaternalDiet_scRNAseq,d21,scRNA-seq,TCell,TCell,188,Ccr2,3.66566040695044,0.408,0.047,0.361,3.14201673162306e-102,1.3233034069091087
d21MaternalDiet_scRNAseq,d21,scRNA-seq,TCell,TCell,189,Gpr171,4.70845050572238,0.303,0.026,0.27699999999999997,1.44806369382597e-8,1.3042407900850992
d21MaternalDiet_scRNAseq,d21,scRNA-seq,TCell,TCell,190,Stk17b,3.20240371900229,0.798,0.394,0.404,1.17643763331043e-75,1.2937711024769252
d21MaternalDiet_scRNAseq,d21,scRNA-seq,TCell,TCell,191,Tcrg-C1,3.63024298225551,0.397,0.042,0.35500000000000004,7.25208857800571e-109,1.288736258700706
d21MaternalDiet_scRNAseq,d21,scRNA-seq,TCell,TCell,192,S1pr4,5.16128425992,0.3,0.051,0.249,7.96427636599839e-12,1.28515978072008
d21MaternalDiet_scRNAseq,d21,scRNA-seq,TCell,TCell,193,Fyb,2.83024894935371,0.7,0.252,0.44799999999999995,4.3183466960243e-63,1.267951529310462
d21MaternalDiet_scRNAseq,d21,scRNA-seq,TCell,TCell,194,Bcl2a1b,3.16063354989172,0.479,0.084,0.39499999999999996,1.18452780329158e-110,1.2484502522072292
d21MaternalDiet_scRNAseq,d21,scRNA-seq,TCell,TCell,195,Flna,4.20726901470668,0.517,0.224,0.29300000000000004,2.64081900407474e-25,1.2327298213090572
d21MaternalDiet_scRNAseq,d21,scRNA-seq,TCell,TCell,196,Gpr65,4.38897486328416,0.303,0.026,0.27699999999999997,1.99388607788198e-15,1.2157460371297122
d21MaternalDiet_scRNAseq,d21,scRNA-seq,TCell,TCell,197,Klrb1b,5.52572663142895,0.258,0.04,0.218,0.00000959085773793392,1.204608405651511
d21MaternalDiet_scRNAseq,d21,scRNA-seq,TCell,TCell,198,Tnfrsf13b,3.24613614968442,0.382,0.016,0.366,9.72784369032538e-279,1.1880858307844977
d21MaternalDiet_scRNAseq,d21,scRNA-seq,TCell,TCell,199,Id2,3.47256868941495,0.76,0.424,0.336,8.36255284439498e-64,1.1667830796434233
d21MaternalDiet_scRNAseq,d21,scRNA-seq,TCell,TCell,200,Rcsd1,4.42725144950219,0.318,0.059,0.259,0.00000123219862667137,1.1466581254210673
d21MaternalDiet_scRNAseq,d21,scRNA-seq,TCell,TCell,201,Itgad,4.35785161907622,0.27,0.008,0.262,2.74850113756845e-221,1.1417571241979696
d21MaternalDiet_scRNAseq,d21,scRNA-seq,TCell,TCell,202,Cd79b,3.87614258757317,0.397,0.104,0.29300000000000004,9.36785147716021e-48,1.135709778158939
d21MaternalDiet_scRNAseq,d21,scRNA-seq,TCell,TCell,203,Prkcb,4.22907016578394,0.341,0.084,0.257,2.69805270128583e-9,1.0868710326064726
d21MaternalDiet_scRNAseq,d21,scRNA-seq,TCell,TCell,204,Ifit3,3.67187778800211,0.341,0.05,0.29100000000000004,1.70222934996226e-75,1.0685164363086141
d21MaternalDiet_scRNAseq,d21,scRNA-seq,TCell,TCell,205,Prr5l,3.67347198921582,0.326,0.037,0.28900000000000003,6.77673061338337e-97,1.0616334048833722
d21MaternalDiet_scRNAseq,d21,scRNA-seq,TCell,TCell,206,Abi3,3.68495307385691,0.416,0.131,0.285,8.24241594597853e-24,1.0502116260492194
d21MaternalDiet_scRNAseq,d21,scRNA-seq,TCell,TCell,207,Phf11a,3.88007729451791,0.285,0.015,0.26999999999999996,1.33364984826153e-192,1.0476208695198355
d21MaternalDiet_scRNAseq,d21,scRNA-seq,TCell,TCell,208,Nsg2,4.90309665484569,0.318,0.106,0.21200000000000002,7.62122042957797e-7,1.0394564908272865
d21MaternalDiet_scRNAseq,d21,scRNA-seq,TCell,TCell,209,Runx2,3.46184632864058,0.367,0.069,0.298,2.73371126622768e-60,1.0316302059348927
d21MaternalDiet_scRNAseq,d21,scRNA-seq,TCell,TCell,210,Gm10827,3.6023501993158,0.296,0.013,0.283,1.16015375885429e-160,1.0194651064063713
d21MaternalDiet_scRNAseq,d21,scRNA-seq,TCell,TCell,211,Fgl2,3.30143322296848,0.562,0.261,0.30100000000000005,5.27992411585632e-33,0.9937314001135126
d21MaternalDiet_scRNAseq,d21,scRNA-seq,TCell,TCell,212,Ifi27l2a,3.69160708917534,0.543,0.274,0.269,9.26759195121429e-34,0.9930423069881665
d21MaternalDiet_scRNAseq,d21,scRNA-seq,TCell,TCell,213,AW112010,3.48953201218803,0.996,0.723,0.273,2.00046049223846e-140,0.9526422393273323
d21MaternalDiet_scRNAseq,d21,scRNA-seq,TCell,TCell,214,Trdc,3.41646859845685,0.378,0.1,0.278,3.00707008386749e-34,0.9497782703710044
d21MaternalDiet_scRNAseq,d21,scRNA-seq,TCell,TCell,215,Lilrb4a,3.28340096072595,0.33,0.042,0.28800000000000003,2.23381937921745e-88,0.9456194766890736
d21MaternalDiet_scRNAseq,d21,scRNA-seq,TCell,TCell,216,Ptpn6,2.90411630248723,0.633,0.309,0.324,1.84340808155198e-39,0.9409336820058626
d21MaternalDiet_scRNAseq,d21,scRNA-seq,TCell,TCell,217,Gng2,3.76917230968279,0.491,0.244,0.247,1.67781074184606e-13,0.930985560491649
d21MaternalDiet_scRNAseq,d21,scRNA-seq,TCell,TCell,218,Cd72,3.34981603542615,0.382,0.105,0.277,2.04612848122173e-38,0.9278990418130437
d21MaternalDiet_scRNAseq,d21,scRNA-seq,TCell,TCell,219,B4galnt1,2.95117980228479,0.7,0.386,0.31399999999999995,3.34519672661925e-47,0.9266704579174239
d21MaternalDiet_scRNAseq,d21,scRNA-seq,TCell,TCell,220,Il7r,3.48006085782169,0.307,0.041,0.266,5.78539573774082e-15,0.9256961881805696
d21MaternalDiet_scRNAseq,d21,scRNA-seq,TCell,TCell,221,Abcg3,3.69453203557033,0.266,0.018,0.24800000000000003,1.01475672562052e-65,0.9162439448214419
d21MaternalDiet_scRNAseq,d21,scRNA-seq,TCell,TCell,222,Cotl1,3.23032682340493,0.944,0.662,0.2819999999999999,1.25312481886616e-115,0.91095216420019
d21MaternalDiet_scRNAseq,d21,scRNA-seq,TCell,TCell,223,Ncf1,2.96993203307533,0.386,0.084,0.302,2.74636906870856e-53,0.8969194739887496
d21MaternalDiet_scRNAseq,d21,scRNA-seq,TCell,TCell,224,Pecam1,3.71119004128825,0.318,0.077,0.241,9.52705889653979e-20,0.8943967999504682
d21MaternalDiet_scRNAseq,d21,scRNA-seq,TCell,TCell,225,Gngt2,3.3127513644303,0.386,0.118,0.268,3.08799784047121e-10,0.8878173656673205
d21MaternalDiet_scRNAseq,d21,scRNA-seq,TCell,TCell,226,Xlr,3.56860140803228,0.277,0.029,0.24800000000000003,8.11224754562413e-81,0.8850131491920056
d21MaternalDiet_scRNAseq,d21,scRNA-seq,TCell,TCell,227,Ubash3b,4.33138471886602,0.401,0.197,0.20400000000000001,7.71302501110029e-8,0.8836024826486681
d21MaternalDiet_scRNAseq,d21,scRNA-seq,TCell,TCell,228,Cd93,2.89162159649212,0.333,0.031,0.30200000000000005,2.53733137016657e-136,0.8732697221406204
d21MaternalDiet_scRNAseq,d21,scRNA-seq,TCell,TCell,229,Tesc,3.4909290690759,0.479,0.237,0.242,3.11323911228113e-26,0.8448048347163678
d21MaternalDiet_scRNAseq,d21,scRNA-seq,TCell,TCell,230,Pou2f2,3.43057135130057,0.318,0.074,0.244,1.06527888162375e-24,0.837059409717339
d21MaternalDiet_scRNAseq,d21,scRNA-seq,TCell,TCell,231,Ms4a1,2.93572822275155,0.311,0.032,0.279,1.36184541710762e-109,0.8190681741476826
d21MaternalDiet_scRNAseq,d21,scRNA-seq,TCell,TCell,232,Jaml,3.26536743572366,0.483,0.234,0.24899999999999997,4.44223602980519e-15,0.8130764914951913
d21MaternalDiet_scRNAseq,d21,scRNA-seq,TCell,TCell,233,Cma2,4.42086884888179,0.285,0.103,0.182,1.33141627959688e-21,0.8045981304964858
d21MaternalDiet_scRNAseq,d21,scRNA-seq,TCell,TCell,234,Psmb8,2.8126920902833,0.951,0.671,0.2799999999999999,1.84068676772824e-110,0.7875537852793238
d21MaternalDiet_scRNAseq,d21,scRNA-seq,TCell,TCell,235,H2-Oa,2.60222761850663,0.318,0.017,0.301,5.80863771604237e-127,0.7832705131704956
d21MaternalDiet_scRNAseq,d21,scRNA-seq,TCell,TCell,236,Id3,2.61131788310834,0.618,0.329,0.289,1.72978712290505e-32,0.7546708682183102
d21MaternalDiet_scRNAseq,d21,scRNA-seq,TCell,TCell,237,Pdlim2,2.2555256413568,0.513,0.18,0.333,1.3965752470463e-43,0.7510900385718144
d21MaternalDiet_scRNAseq,d21,scRNA-seq,TCell,TCell,238,Vav1,2.97660544817322,0.457,0.205,0.252,1.65963177540117e-24,0.7501045729396515
d21MaternalDiet_scRNAseq,d21,scRNA-seq,TCell,TCell,239,Trdv4,2.50305469855872,0.307,0.013,0.294,1.26018701980235e-160,0.7358980813762636
d21MaternalDiet_scRNAseq,d21,scRNA-seq,TCell,TCell,240,Napsa,2.64090665585728,0.375,0.108,0.267,2.7367118235152e-21,0.7051220771138937
d21MaternalDiet_scRNAseq,d21,scRNA-seq,TCell,TCell,241,Rgs2,2.64589932127929,0.483,0.222,0.261,4.3065732489302e-23,0.6905797228538947
d21MaternalDiet_scRNAseq,d21,scRNA-seq,TCell,TCell,242,Col17a1,2.94453762631207,0.307,0.074,0.23299999999999998,4.95924218000333e-37,0.6860772669307124
d21MaternalDiet_scRNAseq,d21,scRNA-seq,TCell,TCell,243,Tlr12,2.69452548805603,0.262,0.009,0.253,7.83257146031725e-81,0.6817149484781756
d21MaternalDiet_scRNAseq,d21,scRNA-seq,TCell,TCell,244,Otulinl,2.93111688040537,0.345,0.113,0.23199999999999998,0.00578210658439262,0.6800191162540459
d21MaternalDiet_scRNAseq,d21,scRNA-seq,TCell,TCell,245,Bcl2a1d,2.61545186435385,0.277,0.018,0.259,2.50954457275345e-40,0.6774020328676472
d21MaternalDiet_scRNAseq,d21,scRNA-seq,TCell,TCell,246,Nr4a3,2.78359822101297,0.255,0.014,0.241,3.57553730519023e-66,0.6708471712641257
d21MaternalDiet_scRNAseq,d21,scRNA-seq,TCell,TCell,247,Krt222,2.57619611601097,0.255,0.006,0.249,1.67391534548266e-173,0.6414728328867315
d21MaternalDiet_scRNAseq,d21,scRNA-seq,TCell,TCell,248,Qpct,2.95331140288678,0.281,0.069,0.21200000000000002,0.0102293253393342,0.6261020174119974
d21MaternalDiet_scRNAseq,d21,scRNA-seq,TCell,TCell,249,Bank1,2.45643629060042,0.258,0.007,0.251,3.05405509794952e-238,0.6165655089407054
d21MaternalDiet_scRNAseq,d21,scRNA-seq,TCell,TCell,250,Cd86,2.48185720277497,0.27,0.027,0.24300000000000002,7.93788563152141e-95,0.6030913002743178
d21MaternalDiet_scRNAseq,d21,scRNA-seq,TCell,TCell,251,Cdkn2d,2.42945163899177,0.569,0.326,0.24299999999999994,3.10949791947845e-25,0.590356748275
d21MaternalDiet_scRNAseq,d21,scRNA-seq,TCell,TCell,252,Gbp7,2.42666222516129,0.524,0.284,0.24000000000000005,8.09961283077222e-19,0.5823989340387097
d21MaternalDiet_scRNAseq,d21,scRNA-seq,TCell,TCell,253,Plxdc1,2.21774279453332,0.258,0.016,0.242,1.01245624448961e-101,0.5366937562770634
d21MaternalDiet_scRNAseq,d21,scRNA-seq,TCell,TCell,254,Rbpms,2.87653141112542,0.427,0.248,0.179,9.25827311721684e-14,0.5148991225914501
d21MaternalDiet_scRNAseq,d21,scRNA-seq,TCell,TCell,255,Trim30a,2.9882280080145,0.367,0.198,0.16899999999999998,0.000143564857682017,0.5050105333544505
d21MaternalDiet_scRNAseq,d21,scRNA-seq,TCell,TCell,256,Nt5e,1.80745262499408,0.449,0.185,0.264,6.60721374602678e-26,0.4771674929984372
d21MaternalDiet_scRNAseq,d21,scRNA-seq,TCell,TCell,257,Pik3cg,2.32103253170068,0.401,0.197,0.20400000000000001,9.6398420564327e-14,0.4734906364669388
d21MaternalDiet_scRNAseq,d21,scRNA-seq,TCell,TCell,258,Olfm1,2.54264215185267,0.277,0.091,0.18600000000000003,8.15778745706116e-11,0.47293144024459666
d21MaternalDiet_scRNAseq,d21,scRNA-seq,TCell,TCell,259,E330020D12Rik,1.73565271495801,0.303,0.032,0.271,1.50960066820196e-84,0.47036188575362076
d21MaternalDiet_scRNAseq,d21,scRNA-seq,TCell,TCell,260,Ccl24,1.56753914540469,0.311,0.011,0.3,3.59191610647664e-241,0.470261743621407
d21MaternalDiet_scRNAseq,d21,scRNA-seq,TCell,TCell,261,Saa3,2.03555078568633,0.3,0.083,0.21699999999999997,2.27458103653827e-32,0.44171452049393356
d21MaternalDiet_scRNAseq,d21,scRNA-seq,TCell,TCell,262,Dock11,1.76244240627135,0.528,0.278,0.25,8.18501380352995e-22,0.4406106015678375
d21MaternalDiet_scRNAseq,d21,scRNA-seq,TCell,TCell,263,Rgs10,2.42296841095808,0.472,0.302,0.16999999999999998,2.5286817657211e-8,0.4119046298628736
d21MaternalDiet_scRNAseq,d21,scRNA-seq,TCell,TCell,264,Nebl,1.49444491045725,0.367,0.093,0.274,5.07920039971482e-39,0.4094779054652865
d21MaternalDiet_scRNAseq,d21,scRNA-seq,TCell,TCell,265,Plcg2,1.80016294690972,0.446,0.23,0.216,2.45053420266277e-20,0.38883519653249954
d21MaternalDiet_scRNAseq,d21,scRNA-seq,TCell,TCell,266,Basp1,1.3003330271988,0.356,0.063,0.293,7.28000113447154e-64,0.3809975769692484
d21MaternalDiet_scRNAseq,d21,scRNA-seq,TCell,TCell,267,Tdo2,1.90385477321197,0.255,0.056,0.199,2.61231941883304e-36,0.37886709986918204
d21MaternalDiet_scRNAseq,d21,scRNA-seq,TCell,TCell,268,Nr4a2,2.19067100994882,0.371,0.2,0.17099999999999999,1.18708655971245e-12,0.3746047427012482
d21MaternalDiet_scRNAseq,d21,scRNA-seq,TCell,TCell,269,Rtp4,2.08464091632784,0.472,0.294,0.178,2.56593197713329e-14,0.3710660831063555
d21MaternalDiet_scRNAseq,d21,scRNA-seq,TCell,TCell,270,Pilrb2,1.25807684013529,0.303,0.01,0.293,8.75263716216179e-223,0.3686165141596399
d21MaternalDiet_scRNAseq,d21,scRNA-seq,TCell,TCell,271,Ap1s2,1.95070084056759,0.404,0.223,0.18100000000000002,1.71351663724349e-17,0.3530768521427338
d21MaternalDiet_scRNAseq,d21,scRNA-seq,TCell,TCell,272,Map4k4,2.02117079919085,0.551,0.377,0.17400000000000004,1.47607724765177e-13,0.351683719059208
d21MaternalDiet_scRNAseq,d21,scRNA-seq,TCell,TCell,273,Dnah9,1.54052095679328,0.285,0.063,0.22199999999999998,4.81741981963436e-40,0.34199565240810814
d21MaternalDiet_scRNAseq,d21,scRNA-seq,TCell,TCell,274,Ccr9,1.21644380116427,0.36,0.092,0.268,1.48991259220953e-43,0.32600693871202435
d21MaternalDiet_scRNAseq,d21,scRNA-seq,TCell,TCell,275,Hist1h2af,1.58751586110752,0.333,0.144,0.18900000000000003,1.29209569209711e-14,0.30004049774932134
d21MaternalDiet_scRNAseq,d21,scRNA-seq,TCell,TCell,276,Olfml3,1.45887299051653,0.296,0.094,0.20199999999999999,7.16535570084196e-25,0.29469234408433903
d21MaternalDiet_scRNAseq,d21,scRNA-seq,TCell,TCell,277,Osmr,1.18172884278875,0.311,0.072,0.239,1.42120288179226e-46,0.28243319342651124
d21MaternalDiet_scRNAseq,d21,scRNA-seq,TCell,TCell,278,Zeb2,0.844622495514481,0.337,0.045,0.29200000000000004,1.08830179464776e-85,0.24662976869022848
d21MaternalDiet_scRNAseq,d21,scRNA-seq,TCell,TCell,279,Trib2,1.57030023199805,0.341,0.19,0.15100000000000002,6.88530103031925e-7,0.23711533503170557
d21MaternalDiet_scRNAseq,d21,scRNA-seq,TCell,TCell,280,Cldn10,1.17265088256653,0.337,0.142,0.19500000000000003,1.81329134156018e-17,0.2286669221004734
d21MaternalDiet_scRNAseq,d21,scRNA-seq,TCell,TCell,281,Tuba1a,0.949266250515917,0.528,0.318,0.21000000000000002,2.20650918688701e-19,0.19934591260834258
d21MaternalDiet_scRNAseq,d21,scRNA-seq,TCell,TCell,282,Plekho1,0.862166916823416,0.326,0.103,0.22300000000000003,7.23831058242696e-22,0.19226322245162178
d21MaternalDiet_scRNAseq,d21,scRNA-seq,TCell,TCell,283,Pik3r5,0.72208565199537,0.333,0.073,0.26,5.0435142181825e-36,0.18774226951879622
d21MaternalDiet_scRNAseq,d21,scRNA-seq,TCell,TCell,284,Enho,0.758892491581468,0.273,0.032,0.24100000000000002,2.64728392905088e-77,0.1828930904711338
d21MaternalDiet_scRNAseq,d21,scRNA-seq,TCell,TCell,285,Samd14,0.666474646119895,0.307,0.057,0.25,3.2306658659204e-55,0.16661866152997376
d21MaternalDiet_scRNAseq,d21,scRNA-seq,TCell,TCell,286,Ifit3b,0.653812238526903,0.266,0.035,0.231,1.66683396245739e-58,0.1510306270997146
d21MaternalDiet_scRNAseq,d21,scRNA-seq,TCell,TCell,287,Irf7,0.72138398647837,0.479,0.294,0.185,6.2559427584876e-12,0.13345603749849844
d21MaternalDiet_scRNAseq,d21,scRNA-seq,TCell,TCell,288,Cd68,0.745110754597297,0.33,0.152,0.17800000000000002,4.64403406675632e-16,0.13262971431831888
d21MaternalDiet_scRNAseq,d21,scRNA-seq,TCell,TCell,289,Lrp11,0.73511981571224,0.292,0.115,0.177,6.00424491840212e-18,0.1301162073810665
d21MaternalDiet_scRNAseq,d21,scRNA-seq,TCell,TCell,290,Csf2rb,0.497073740113571,0.326,0.07,0.256,3.44031978829216e-47,0.12725087746907418
d21MaternalDiet_scRNAseq,d21,scRNA-seq,Tuft,Tuft,1,Sh2d7,9.00275285327278,0.894,0.038,0.856,0,7.706356442401499
d21MaternalDiet_scRNAseq,d21,scRNA-seq,Tuft,Tuft,2,Ly6g6f,9.15909864305049,0.899,0.08,0.8190000000000001,0,7.501301788658352
d21MaternalDiet_scRNAseq,d21,scRNA-seq,Tuft,Tuft,3,Rgs13,8.96285736006955,0.966,0.131,0.835,6.33659423207328e-266,7.4839858956580745
d21MaternalDiet_scRNAseq,d21,scRNA-seq,Tuft,Tuft,4,Hmx3,9.26120965024426,0.822,0.032,0.7899999999999999,0,7.3163556236929645
d21MaternalDiet_scRNAseq,d21,scRNA-seq,Tuft,Tuft,5,Hmx2,8.97875393876763,0.899,0.086,0.8130000000000001,0,7.299726952218084
d21MaternalDiet_scRNAseq,d21,scRNA-seq,Tuft,Tuft,6,Dclk1,8.99117353949958,0.942,0.135,0.8069999999999999,9.08830037960115e-255,7.2558770463761615
d21MaternalDiet_scRNAseq,d21,scRNA-seq,Tuft,Tuft,7,Sh2d6,8.47186710341671,0.971,0.157,0.814,8.52988663387005e-270,6.896099822181201
d21MaternalDiet_scRNAseq,d21,scRNA-seq,Tuft,Tuft,8,Gnat3,9.91583551110698,0.688,0.025,0.6629999999999999,0,6.5741989438639274
d21MaternalDiet_scRNAseq,d21,scRNA-seq,Tuft,Tuft,9,Bmx,9.0117698663278,0.784,0.069,0.7150000000000001,0,6.443415454424378
d21MaternalDiet_scRNAseq,d21,scRNA-seq,Tuft,Tuft,10,Trpm5,8.46541880315326,0.841,0.087,0.754,4.95262492580082e-255,6.382925777577557
d21MaternalDiet_scRNAseq,d21,scRNA-seq,Tuft,Tuft,11,Pou2f3,8.04792087534588,0.812,0.028,0.784,0,6.30956996627117
d21MaternalDiet_scRNAseq,d21,scRNA-seq,Tuft,Tuft,12,Ltc4s,7.93817510732875,0.986,0.205,0.781,2.94301307353703e-192,6.199714758823753
d21MaternalDiet_scRNAseq,d21,scRNA-seq,Tuft,Tuft,13,Pygl,7.62178441583989,0.947,0.152,0.7949999999999999,8.96020578699096e-195,6.059318610592713
d21MaternalDiet_scRNAseq,d21,scRNA-seq,Tuft,Tuft,14,Nebl,7.60930203818271,0.875,0.085,0.79,0,6.011348610164341
d21MaternalDiet_scRNAseq,d21,scRNA-seq,Tuft,Tuft,15,Matk,7.54540856524626,0.87,0.111,0.759,6.12820088166542e-235,5.726965101021912
d21MaternalDiet_scRNAseq,d21,scRNA-seq,Tuft,Tuft,16,Avil,7.44313764924254,0.976,0.213,0.763,1.54370589416209e-208,5.679114026372058
d21MaternalDiet_scRNAseq,d21,scRNA-seq,Tuft,Tuft,17,Pik3r5,7.60537488573957,0.808,0.066,0.742,2.20626505764807e-294,5.643188165218761
d21MaternalDiet_scRNAseq,d21,scRNA-seq,Tuft,Tuft,18,Alox5,8.0653822651183,0.726,0.042,0.6839999999999999,1.10809427474109e-297,5.516721469340917
d21MaternalDiet_scRNAseq,d21,scRNA-seq,Tuft,Tuft,19,1810046K07Rik,7.8573148101961,0.832,0.131,0.701,2.32494120290825e-209,5.507977681947466
d21MaternalDiet_scRNAseq,d21,scRNA-seq,Tuft,Tuft,20,Ptgs1,7.91400451659494,0.76,0.095,0.665,7.3460294721441e-233,5.262813003535635
d21MaternalDiet_scRNAseq,d21,scRNA-seq,Tuft,Tuft,21,Pik3cg,6.50633603292022,0.947,0.189,0.758,1.03752467398166e-176,4.931802712953527
d21MaternalDiet_scRNAseq,d21,scRNA-seq,Tuft,Tuft,22,Dnah5,9.14329741297417,0.572,0.04,0.5319999999999999,3.44258777670277e-178,4.864234223702258
d21MaternalDiet_scRNAseq,d21,scRNA-seq,Tuft,Tuft,23,Ackr4,8.64448763604736,0.601,0.047,0.5539999999999999,3.20449365041668e-181,4.789046150370237
d21MaternalDiet_scRNAseq,d21,scRNA-seq,Tuft,Tuft,24,Hck,6.77881166336623,0.817,0.121,0.696,9.62510998245867e-211,4.718052917702895
d21MaternalDiet_scRNAseq,d21,scRNA-seq,Tuft,Tuft,25,Spib,6.36573387883464,0.812,0.088,0.7240000000000001,3.24228998304843e-230,4.60879132827628
d21MaternalDiet_scRNAseq,d21,scRNA-seq,Tuft,Tuft,26,Tspan6,6.5776224749114,0.913,0.231,0.682,7.84531026054806e-149,4.485938527889575
d21MaternalDiet_scRNAseq,d21,scRNA-seq,Tuft,Tuft,27,Fyb,6.07101760791634,0.981,0.249,0.732,1.67869716521032e-164,4.443984888994761
d21MaternalDiet_scRNAseq,d21,scRNA-seq,Tuft,Tuft,28,Plcb2,6.45255492318876,0.736,0.052,0.6839999999999999,2.9927937195292e-262,4.413547567461111
d21MaternalDiet_scRNAseq,d21,scRNA-seq,Tuft,Tuft,29,Gng13,6.67683600425515,0.827,0.169,0.6579999999999999,9.67938859805871e-129,4.393358090799888
d21MaternalDiet_scRNAseq,d21,scRNA-seq,Tuft,Tuft,30,Rflna,6.90475177756307,0.663,0.065,0.5980000000000001,1.86528102592177e-168,4.129041562982716
d21MaternalDiet_scRNAseq,d21,scRNA-seq,Tuft,Tuft,31,Plcg2,5.59555527529072,0.942,0.222,0.72,1.22681150982097e-157,4.028799798209318
d21MaternalDiet_scRNAseq,d21,scRNA-seq,Tuft,Tuft,32,Chil1,7.70970751220745,0.543,0.031,0.512,1.64062432653896e-193,3.9473702462502143
d21MaternalDiet_scRNAseq,d21,scRNA-seq,Tuft,Tuft,33,Alox5ap,5.99191205110238,0.913,0.255,0.658,5.43359162104096e-153,3.9426781296253663
d21MaternalDiet_scRNAseq,d21,scRNA-seq,Tuft,Tuft,34,Tm4sf1,8.23802654401894,0.591,0.116,0.475,2.21538111349293e-107,3.913062608408996
d21MaternalDiet_scRNAseq,d21,scRNA-seq,Tuft,Tuft,35,Hpgds,5.37002856552072,0.976,0.254,0.722,4.55992330122473e-159,3.8771606243059593
d21MaternalDiet_scRNAseq,d21,scRNA-seq,Tuft,Tuft,36,Dock11,5.67450026693904,0.918,0.272,0.646,4.2580115772194e-128,3.6657271724426197
d21MaternalDiet_scRNAseq,d21,scRNA-seq,Tuft,Tuft,37,Espn,5.00861712171859,0.986,0.258,0.728,9.42110096280164e-154,3.6462732646111333
d21MaternalDiet_scRNAseq,d21,scRNA-seq,Tuft,Tuft,38,Cdkn1c,6.02174606933254,0.875,0.276,0.599,2.72824103733645e-115,3.6070258955301915
d21MaternalDiet_scRNAseq,d21,scRNA-seq,Tuft,Tuft,39,Tuba1a,5.49987195974431,0.966,0.311,0.655,3.05554075494275e-146,3.6024161336325236
d21MaternalDiet_scRNAseq,d21,scRNA-seq,Tuft,Tuft,40,Krt23,6.12454875897013,0.726,0.153,0.573,1.24232071603804e-105,3.5093664388898844
d21MaternalDiet_scRNAseq,d21,scRNA-seq,Tuft,Tuft,41,Ffar3,8.27564129590397,0.442,0.018,0.424,1.275312596016e-195,3.508871909463283
d21MaternalDiet_scRNAseq,d21,scRNA-seq,Tuft,Tuft,42,St18,4.96498392976416,0.764,0.063,0.7010000000000001,1.18422978540386e-227,3.4804537347646765
d21MaternalDiet_scRNAseq,d21,scRNA-seq,Tuft,Tuft,43,Chat,9.64443434452428,0.356,0.001,0.355,0,3.4237741923061193
d21MaternalDiet_scRNAseq,d21,scRNA-seq,Tuft,Tuft,44,Ahnak2,5.01577755152584,0.817,0.136,0.6809999999999999,2.60062764488836e-139,3.4157445125890966
d21MaternalDiet_scRNAseq,d21,scRNA-seq,Tuft,Tuft,45,Agt,5.25857720306454,0.851,0.212,0.639,1.02847545417318e-120,3.360230832758241
d21MaternalDiet_scRNAseq,d21,scRNA-seq,Tuft,Tuft,46,Dgki,8.83691938267347,0.385,0.007,0.378,0,3.340355526650572
d21MaternalDiet_scRNAseq,d21,scRNA-seq,Tuft,Tuft,47,Itprid1,9.1167421460871,0.356,0.005,0.351,3.22057272789717e-135,3.199976493276572
d21MaternalDiet_scRNAseq,d21,scRNA-seq,Tuft,Tuft,48,Vav1,5.04747952148654,0.827,0.199,0.6279999999999999,2.87975986658182e-115,3.1698171394935466
d21MaternalDiet_scRNAseq,d21,scRNA-seq,Tuft,Tuft,49,Chn2,4.78128355254453,0.832,0.176,0.6559999999999999,1.80067281216873e-130,3.1365220104692115
d21MaternalDiet_scRNAseq,d21,scRNA-seq,Tuft,Tuft,50,Slco3a1,5.37310956164655,0.644,0.07,0.5740000000000001,2.57788486086598e-165,3.08416488838512
d21MaternalDiet_scRNAseq,d21,scRNA-seq,Tuft,Tuft,51,Pea15a,4.9544976017377,0.827,0.25,0.577,1.75325653148411e-106,2.8587451162026523
d21MaternalDiet_scRNAseq,d21,scRNA-seq,Tuft,Tuft,52,Lrmp,5.0900120882809,1,0.467,0.5329999999999999,2.61683138240538e-141,2.7129764430537193
d21MaternalDiet_scRNAseq,d21,scRNA-seq,Tuft,Tuft,53,Nrep,5.32714936712754,0.692,0.197,0.49499999999999994,7.50461046589818e-71,2.636938936728132
d21MaternalDiet_scRNAseq,d21,scRNA-seq,Tuft,Tuft,54,Snca,6.81255573761689,0.457,0.072,0.385,2.75506775918051e-95,2.6228339589825027
d21MaternalDiet_scRNAseq,d21,scRNA-seq,Tuft,Tuft,55,Ly6g6d,4.83410549573058,0.726,0.185,0.5409999999999999,2.36649796114569e-82,2.6152510731902434
d21MaternalDiet_scRNAseq,d21,scRNA-seq,Tuft,Tuft,56,Atp4a,6.87435582185162,0.466,0.086,0.38,6.49708110391286e-56,2.612255212303616
d21MaternalDiet_scRNAseq,d21,scRNA-seq,Tuft,Tuft,57,Kcne1l,7.14344070687593,0.418,0.054,0.364,5.10708267349746e-59,2.6002124173028385
d21MaternalDiet_scRNAseq,d21,scRNA-seq,Tuft,Tuft,58,Kctd12,4.36484797413621,0.904,0.309,0.595,2.47459833059835e-117,2.597084544611045
d21MaternalDiet_scRNAseq,d21,scRNA-seq,Tuft,Tuft,59,Rgs2,4.06713298638803,0.841,0.217,0.624,3.74990347371974e-105,2.5378909835061307
d21MaternalDiet_scRNAseq,d21,scRNA-seq,Tuft,Tuft,60,Col15a1,7.10450214008608,0.409,0.053,0.356,1.13886930879655e-84,2.529202761870644
d21MaternalDiet_scRNAseq,d21,scRNA-seq,Tuft,Tuft,61,Folr1,7.59716751460255,0.37,0.039,0.331,1.93836553103033e-90,2.514662447333444
d21MaternalDiet_scRNAseq,d21,scRNA-seq,Tuft,Tuft,62,Fxyd6,5.97393263388413,0.505,0.091,0.41400000000000003,3.09266616637748e-45,2.47320811042803
d21MaternalDiet_scRNAseq,d21,scRNA-seq,Tuft,Tuft,63,Ddah2,5.08460527341809,0.601,0.123,0.478,1.49099882489706e-66,2.4304413206938467
d21MaternalDiet_scRNAseq,d21,scRNA-seq,Tuft,Tuft,64,Pstpip2,5.65894976469508,0.62,0.196,0.424,1.71358786777944e-50,2.399394700230714
d21MaternalDiet_scRNAseq,d21,scRNA-seq,Tuft,Tuft,65,Adcy5,6.56711250822969,0.452,0.092,0.36,7.22827939639094e-43,2.3641605029626884
d21MaternalDiet_scRNAseq,d21,scRNA-seq,Tuft,Tuft,66,Gfi1b,7.98289278742334,0.303,0.01,0.293,2.41363056862341e-46,2.3389875867150387
d21MaternalDiet_scRNAseq,d21,scRNA-seq,Tuft,Tuft,67,Ovol3,7.95507049213143,0.293,0.001,0.292,2.18858475781031e-115,2.3228805837023776
d21MaternalDiet_scRNAseq,d21,scRNA-seq,Tuft,Tuft,68,Tppp3,3.81606400069582,0.865,0.278,0.587,9.91133004591649e-101,2.2400295684084464
d21MaternalDiet_scRNAseq,d21,scRNA-seq,Tuft,Tuft,69,Mlip,7.23591443084413,0.375,0.067,0.308,8.76002738866947e-23,2.2286616446999923
d21MaternalDiet_scRNAseq,d21,scRNA-seq,Tuft,Tuft,70,Itpr2,3.89248255186148,0.87,0.3,0.5700000000000001,1.87002430770495e-99,2.2187150545610437
d21MaternalDiet_scRNAseq,d21,scRNA-seq,Tuft,Tuft,71,Trib2,5.43897664522008,0.591,0.186,0.40499999999999997,9.04132472244905e-48,2.202785541314132
d21MaternalDiet_scRNAseq,d21,scRNA-seq,Tuft,Tuft,72,Tubb2b,5.40665291778703,0.495,0.091,0.404,1.89288301429935e-74,2.18428777878596
d21MaternalDiet_scRNAseq,d21,scRNA-seq,Tuft,Tuft,73,Ptpn6,3.87347648886113,0.865,0.306,0.5589999999999999,5.73272512870866e-98,2.1652733572733713
d21MaternalDiet_scRNAseq,d21,scRNA-seq,Tuft,Tuft,74,Map2,4.18433321150136,0.654,0.152,0.502,1.01857993517567e-78,2.100535272173683
d21MaternalDiet_scRNAseq,d21,scRNA-seq,Tuft,Tuft,75,Clec4a1,6.59487530694227,0.327,0.015,0.312,1.14510944582158e-185,2.057601095765988
d21MaternalDiet_scRNAseq,d21,scRNA-seq,Tuft,Tuft,76,Fabp1,8.63607189034411,0.25,0.012,0.238,3.69551830030383e-104,2.055385109901898
d21MaternalDiet_scRNAseq,d21,scRNA-seq,Tuft,Tuft,77,Bpgm,4.51015485575403,0.99,0.544,0.44599999999999995,1.44309292343054e-129,2.011529065666297
d21MaternalDiet_scRNAseq,d21,scRNA-seq,Tuft,Tuft,78,Cpm,3.76017825912753,0.803,0.28,0.523,8.51548640109692e-79,1.9665732295236982
d21MaternalDiet_scRNAseq,d21,scRNA-seq,Tuft,Tuft,79,Trim38,7.94879502074918,0.255,0.012,0.243,3.07262557505791e-161,1.9315571900420507
d21MaternalDiet_scRNAseq,d21,scRNA-seq,Tuft,Tuft,80,Stox2,3.94839529836534,0.774,0.299,0.47500000000000003,4.9713902822286e-76,1.8754877667235366
d21MaternalDiet_scRNAseq,d21,scRNA-seq,Tuft,Tuft,81,Zbtb20,3.52057308814682,0.918,0.387,0.531,7.08268140426841e-102,1.8694243098059613
d21MaternalDiet_scRNAseq,d21,scRNA-seq,Tuft,Tuft,82,Nrgn,4.461904003767,0.447,0.04,0.40700000000000003,4.51685522406824e-131,1.815994929533169
d21MaternalDiet_scRNAseq,d21,scRNA-seq,Tuft,Tuft,83,Samd14,5.38453970041251,0.394,0.057,0.337,1.65012699621716e-41,1.814589879039016
d21MaternalDiet_scRNAseq,d21,scRNA-seq,Tuft,Tuft,84,Ap1s2,4.25997059228686,0.644,0.22,0.42400000000000004,2.72746133188777e-59,1.8062275311296287
d21MaternalDiet_scRNAseq,d21,scRNA-seq,Tuft,Tuft,85,Fam221a,4.17451353098908,0.702,0.281,0.42099999999999993,2.45401945503348e-51,1.7574701965464026
d21MaternalDiet_scRNAseq,d21,scRNA-seq,Tuft,Tuft,86,Mctp1,5.27071470189336,0.457,0.132,0.325,3.84111938965448e-25,1.712982278115342
d21MaternalDiet_scRNAseq,d21,scRNA-seq,Tuft,Tuft,87,Dmxl2,6.36814986895194,0.288,0.021,0.26699999999999996,6.15690018639024e-18,1.7002960150101676
d21MaternalDiet_scRNAseq,d21,scRNA-seq,Tuft,Tuft,88,Inpp5d,4.03453214020533,0.534,0.125,0.40900000000000003,1.633370495209e-50,1.6501236453439798
d21MaternalDiet_scRNAseq,d21,scRNA-seq,Tuft,Tuft,89,B3galt2,3.48988425706865,0.889,0.418,0.47100000000000003,1.28647555902235e-90,1.6437354850793342
d21MaternalDiet_scRNAseq,d21,scRNA-seq,Tuft,Tuft,90,Mmp7,4.77165589595066,0.476,0.137,0.33899999999999997,9.82389452409246e-46,1.6175913487272737
d21MaternalDiet_scRNAseq,d21,scRNA-seq,Tuft,Tuft,91,Myo1b,3.70105692848923,0.962,0.535,0.42699999999999994,1.75040945266956e-111,1.5803513084649008
d21MaternalDiet_scRNAseq,d21,scRNA-seq,Tuft,Tuft,92,Camk2b,3.85503820144496,0.582,0.173,0.409,3.93666215446622e-36,1.5767106243909885
d21MaternalDiet_scRNAseq,d21,scRNA-seq,Tuft,Tuft,93,Limd2,3.11208716129051,0.731,0.235,0.496,3.67647489517276e-77,1.543595232000093
d21MaternalDiet_scRNAseq,d21,scRNA-seq,Tuft,Tuft,94,Cd300lf,5.41867798150656,0.308,0.025,0.283,2.64723866539592e-70,1.5334858687663564
d21MaternalDiet_scRNAseq,d21,scRNA-seq,Tuft,Tuft,95,Prox1,3.62447965164051,0.591,0.173,0.418,4.82859654966237e-54,1.5150324943857332
d21MaternalDiet_scRNAseq,d21,scRNA-seq,Tuft,Tuft,96,Strip2,5.48218458892301,0.428,0.155,0.273,1.05971131619035e-30,1.4966363927759818
d21MaternalDiet_scRNAseq,d21,scRNA-seq,Tuft,Tuft,97,Mcub,3.65215789917251,0.812,0.403,0.40900000000000003,3.7790885300331e-67,1.4937325807615567
d21MaternalDiet_scRNAseq,d21,scRNA-seq,Tuft,Tuft,98,Edil3,5.41791174076953,0.25,0.002,0.248,0,1.3436421117108435
d21MaternalDiet_scRNAseq,d21,scRNA-seq,Tuft,Tuft,99,Colca2,4.10184714414243,0.466,0.177,0.28900000000000003,4.22625266561366e-24,1.1854338246571623
d21MaternalDiet_scRNAseq,d21,scRNA-seq,Tuft,Tuft,100,Ppp1r14c,3.78381384487177,0.5,0.187,0.313,4.32786081729736e-30,1.184333733444864
d21MaternalDiet_scRNAseq,d21,scRNA-seq,Tuft,Tuft,101,Map4k4,2.61203647677352,0.812,0.374,0.43800000000000006,1.23056767792306e-61,1.144071976826802
d21MaternalDiet_scRNAseq,d21,scRNA-seq,Tuft,Tuft,102,4930455G09Rik,4.26160648535503,0.279,0.012,0.267,1.47010703577458e-102,1.1378489315897933
d21MaternalDiet_scRNAseq,d21,scRNA-seq,Tuft,Tuft,103,Sox4,3.00043149215889,0.913,0.541,0.372,3.29651612905168e-72,1.116160515083107
d21MaternalDiet_scRNAseq,d21,scRNA-seq,Tuft,Tuft,104,Tafa1,3.73027215145148,0.332,0.044,0.28800000000000003,8.19861004570116e-69,1.0743183796180265
d21MaternalDiet_scRNAseq,d21,scRNA-seq,Tuft,Tuft,105,Snrnp25,3.36999683820511,0.928,0.61,0.31800000000000006,5.0161592898225e-75,1.0716589945492252
d21MaternalDiet_scRNAseq,d21,scRNA-seq,Tuft,Tuft,106,Cldn14,2.65413222664925,0.692,0.296,0.39599999999999996,1.10985419975653e-42,1.0510363617531029
d21MaternalDiet_scRNAseq,d21,scRNA-seq,Tuft,Tuft,107,Cpne5,4.06704714035838,0.269,0.012,0.257,1.15367387007109e-114,1.0452311150721036
d21MaternalDiet_scRNAseq,d21,scRNA-seq,Tuft,Tuft,108,Enho,3.50223602168548,0.327,0.033,0.29400000000000004,4.80496081145343e-90,1.0296573903755313
d21MaternalDiet_scRNAseq,d21,scRNA-seq,Tuft,Tuft,109,Dtna,3.91475005680882,0.255,0.015,0.24,1.77534066499749e-118,0.9395400136341168
d21MaternalDiet_scRNAseq,d21,scRNA-seq,Tuft,Tuft,110,Marcksl1,2.33261316386717,0.875,0.496,0.379,2.08733861803456e-62,0.8840603891056574
d21MaternalDiet_scRNAseq,d21,scRNA-seq,Tuft,Tuft,111,Hap1,3.94049697798143,0.356,0.133,0.22299999999999998,0.00000906941885159194,0.8787308260898589
d21MaternalDiet_scRNAseq,d21,scRNA-seq,Tuft,Tuft,112,Etv1,2.84260167910067,0.37,0.072,0.298,1.60670434584056e-49,0.8470953003719996
d21MaternalDiet_scRNAseq,d21,scRNA-seq,Tuft,Tuft,113,Myo15b,1.99546858062449,0.865,0.444,0.421,2.69745795220452e-58,0.8400922724429103
d21MaternalDiet_scRNAseq,d21,scRNA-seq,Tuft,Tuft,114,Sct,2.300894863089,0.663,0.303,0.36000000000000004,2.19101367381856e-40,0.8283221507120401
d21MaternalDiet_scRNAseq,d21,scRNA-seq,Tuft,Tuft,115,Cst6,4.24546551371145,0.312,0.118,0.194,2.71826116559935e-17,0.8236203096600213
d21MaternalDiet_scRNAseq,d21,scRNA-seq,Tuft,Tuft,116,Rbpms,2.70008412124193,0.529,0.247,0.28200000000000003,9.59669713571908e-29,0.7614237221902244
d21MaternalDiet_scRNAseq,d21,scRNA-seq,Tuft,Tuft,117,Sema7a,3.54961234930377,0.279,0.074,0.20500000000000002,1.30182774257728e-15,0.7276705316072729
d21MaternalDiet_scRNAseq,d21,scRNA-seq,Tuft,Tuft,118,Cnn3,2.03726984278825,0.736,0.393,0.34299999999999997,8.21700829757925e-38,0.6987835560763698
d21MaternalDiet_scRNAseq,d21,scRNA-seq,Tuft,Tuft,119,Gprc5a,1.94902224503021,0.625,0.286,0.339,6.33966294853437e-33,0.6607185410652412
d21MaternalDiet_scRNAseq,d21,scRNA-seq,Tuft,Tuft,120,Cald1,2.86569395896652,0.337,0.124,0.21300000000000002,1.62186834446686e-7,0.6103928132598688
d21MaternalDiet_scRNAseq,d21,scRNA-seq,Tuft,Tuft,121,Bub3,3.03348299558149,0.981,0.788,0.19299999999999995,3.02538914321397e-100,0.5854622181472274
d21MaternalDiet_scRNAseq,d21,scRNA-seq,Tuft,Tuft,122,Gm26885,2.46645206358304,0.255,0.027,0.228,1.72856420451548e-62,0.5623510704969331
d21MaternalDiet_scRNAseq,d21,scRNA-seq,Tuft,Tuft,123,Cdhr2,1.83741417961648,0.649,0.343,0.306,6.31403858142696e-25,0.5622487389626428
d21MaternalDiet_scRNAseq,d21,scRNA-seq,Tuft,Tuft,124,Clic5,1.45867817105701,0.625,0.27,0.355,2.54023801752978e-31,0.5178307507252385
d21MaternalDiet_scRNAseq,d21,scRNA-seq,Tuft,Tuft,125,Vcan,3.29695100374043,0.428,0.273,0.15499999999999997,2.46777411519395e-9,0.5110274055797666
d21MaternalDiet_scRNAseq,d21,scRNA-seq,Tuft,Tuft,126,Trim40,2.20951245009852,0.433,0.203,0.22999999999999998,1.83530774257975e-20,0.5081878635226595
d21MaternalDiet_scRNAseq,d21,scRNA-seq,Tuft,Tuft,127,Mpp2,2.76370516379583,0.26,0.078,0.182,6.8998626324459e-15,0.5029943398108411
d21MaternalDiet_scRNAseq,d21,scRNA-seq,Tuft,Tuft,128,Jun,1.61915694586394,0.938,0.636,0.30199999999999994,8.66827208722853e-54,0.4889853976509098
d21MaternalDiet_scRNAseq,d21,scRNA-seq,Tuft,Tuft,129,Gadd45a,1.79157662590821,0.639,0.374,0.265,1.2423741085945e-26,0.4747678058656757
d21MaternalDiet_scRNAseq,d21,scRNA-seq,Tuft,Tuft,130,4930539E08Rik,2.46777140865845,0.38,0.188,0.192,0.00000179390860234762,0.47381211046242244
d21MaternalDiet_scRNAseq,d21,scRNA-seq,Tuft,Tuft,131,Rgs8,2.50362355784662,0.25,0.07,0.18,3.57831388752589e-8,0.4506522404123916
d21MaternalDiet_scRNAseq,d21,scRNA-seq,Tuft,Tuft,132,Ptprc,1.78770672903681,0.462,0.217,0.24500000000000002,4.41106037532194e-14,0.4379881486140185
d21MaternalDiet_scRNAseq,d21,scRNA-seq,Tuft,Tuft,133,Rab3b,2.39487992049626,0.264,0.085,0.179,1.55045018688434e-14,0.4286835057688305
d21MaternalDiet_scRNAseq,d21,scRNA-seq,Tuft,Tuft,134,Cps1,2.32254932192868,0.409,0.229,0.17999999999999997,4.6683817715598e-7,0.41805887794716234
d21MaternalDiet_scRNAseq,d21,scRNA-seq,Tuft,Tuft,135,Sez6l2,2.53380367839954,0.293,0.129,0.16399999999999998,0.00000177724583374587,0.4155438032575245
d21MaternalDiet_scRNAseq,d21,scRNA-seq,Tuft,Tuft,136,Tnfrsf11b,2.44325640924858,0.25,0.083,0.16699999999999998,2.09225945199738e-16,0.4080238203445128
d21MaternalDiet_scRNAseq,d21,scRNA-seq,Tuft,Tuft,137,Map9,1.85910525379716,0.317,0.105,0.21200000000000002,1.7903847010151e-20,0.39413031380499797
d21MaternalDiet_scRNAseq,d21,scRNA-seq,Tuft,Tuft,138,Bcl11a,1.80587083959497,0.51,0.302,0.20800000000000002,2.94079079531511e-11,0.3756211346357538
d21MaternalDiet_scRNAseq,d21,scRNA-seq,Tuft,Tuft,139,Sept3,1.74345693294793,0.25,0.037,0.213,6.65150186646308e-47,0.3713563267179091
d21MaternalDiet_scRNAseq,d21,scRNA-seq,Tuft,Tuft,140,Tmem158,2.3459900275332,0.356,0.198,0.15799999999999997,4.88135271497239e-7,0.37066642435024555
d21MaternalDiet_scRNAseq,d21,scRNA-seq,Tuft,Tuft,141,Gimap1,1.69270384462579,0.423,0.212,0.211,8.46671296913997e-12,0.3571605112160417
d21MaternalDiet_scRNAseq,d21,scRNA-seq,Tuft,Tuft,142,Cdhr5,1.67065808910915,0.885,0.672,0.21299999999999997,2.50904347903326e-40,0.3558501729802489
d21MaternalDiet_scRNAseq,d21,scRNA-seq,Tuft,Tuft,143,Hoxaas3,1.68233050323099,0.817,0.607,0.20999999999999996,1.42654988361765e-28,0.35328940567850786
d21MaternalDiet_scRNAseq,d21,scRNA-seq,Tuft,Tuft,144,Sox9,1.99007801088033,0.995,0.821,0.17400000000000004,2.00822706128002e-90,0.3462735738931775
d21MaternalDiet_scRNAseq,d21,scRNA-seq,Tuft,Tuft,145,Nxpe2,1.39588282908312,0.721,0.473,0.248,2.79380043960451e-21,0.34617894161261376
d21MaternalDiet_scRNAseq,d21,scRNA-seq,Tuft,Tuft,146,Spon2,1.52685427900994,0.356,0.133,0.22299999999999998,9.26505558663164e-18,0.34048850421921656
d21MaternalDiet_scRNAseq,d21,scRNA-seq,Tuft,Tuft,147,Kit,1.41884418964107,0.736,0.508,0.22799999999999998,6.98715270926084e-19,0.32349647523816394
d21MaternalDiet_scRNAseq,d21,scRNA-seq,Tuft,Tuft,148,Pcdh17,1.48591111428762,0.351,0.134,0.21699999999999997,7.95577277410945e-19,0.3224427118004135
d21MaternalDiet_scRNAseq,d21,scRNA-seq,Tuft,Tuft,149,Cdkn1a,0.977856620682439,0.74,0.414,0.326,6.63146704255505e-25,0.3187812583424751
d21MaternalDiet_scRNAseq,d21,scRNA-seq,Tuft,Tuft,150,Slc4a7,1.59177048617439,0.923,0.723,0.20000000000000007,3.39053521253525e-42,0.3183540972348781
d21MaternalDiet_scRNAseq,d21,scRNA-seq,Tuft,Tuft,151,Myb,1.77416615743195,0.909,0.73,0.17900000000000005,2.35813054793057e-58,0.31757574218031914
d21MaternalDiet_scRNAseq,d21,scRNA-seq,Tuft,Tuft,152,Gm45159,2.07679934723815,0.365,0.215,0.15,0.000016474151380466,0.3115199020857225
d21MaternalDiet_scRNAseq,d21,scRNA-seq,Tuft,Tuft,153,Trim15,1.4436129037986,0.341,0.128,0.21300000000000002,8.2183237068267e-19,0.3074895485091019
d21MaternalDiet_scRNAseq,d21,scRNA-seq,Tuft,Tuft,154,Pfkp,1.88695810223218,0.793,0.631,0.16200000000000003,1.51292327893957e-24,0.30568721256161324
d21MaternalDiet_scRNAseq,d21,scRNA-seq,Tuft,Tuft,155,Cyp4f14,1.64979035124292,0.337,0.152,0.18500000000000003,3.96213809579352e-9,0.30521121497994025
d21MaternalDiet_scRNAseq,d21,scRNA-seq,Tuft,Tuft,156,Rnasel,1.45533598018158,0.865,0.659,0.20599999999999996,1.63729070429239e-30,0.29979921191740544
d21MaternalDiet_scRNAseq,d21,scRNA-seq,Tuft,Tuft,157,Gchfr,1.64635717165793,0.394,0.221,0.17300000000000001,3.04811637728776e-10,0.2848197906968219
d21MaternalDiet_scRNAseq,d21,scRNA-seq,Tuft,Tuft,158,Gde1,1.28943007876112,0.76,0.542,0.21799999999999997,1.21613633803299e-14,0.28109575716992413
d21MaternalDiet_scRNAseq,d21,scRNA-seq,Tuft,Tuft,159,Mdk,1.83303759967206,0.269,0.119,0.15000000000000002,3.23486828561342e-9,0.27495563995080907
d21MaternalDiet_scRNAseq,d21,scRNA-seq,Tuft,Tuft,160,Id2,1.15533804230507,0.659,0.427,0.23200000000000004,1.02915646751847e-18,0.2680384258147763
d21MaternalDiet_scRNAseq,d21,scRNA-seq,Tuft,Tuft,161,Irf7,1.35774660686043,0.486,0.295,0.191,1.51783951659956e-11,0.25932960191034216
d21MaternalDiet_scRNAseq,d21,scRNA-seq,Tuft,Tuft,162,Hepacam2,1.01386289884601,0.99,0.747,0.243,1.32109407172134e-30,0.24636868441958046
d21MaternalDiet_scRNAseq,d21,scRNA-seq,Tuft,Tuft,163,Cplx2,1.25212497172009,0.365,0.169,0.19599999999999998,5.93591193566967e-11,0.24541649445713762
d21MaternalDiet_scRNAseq,d21,scRNA-seq,Tuft,Tuft,164,Endod1,1.1265707391402,0.639,0.426,0.21300000000000002,3.1417235855966e-17,0.23995956743686261
d21MaternalDiet_scRNAseq,d21,scRNA-seq,Tuft,Tuft,165,Fyn,1.20803242528161,0.413,0.217,0.19599999999999998,5.66340645212295e-14,0.23677435535519553
d21MaternalDiet_scRNAseq,d21,scRNA-seq,Tuft,Tuft,166,Msn,1.18854440897665,0.389,0.194,0.195,0.0000862672376141864,0.23176615975044673
d21MaternalDiet_scRNAseq,d21,scRNA-seq,Tuft,Tuft,167,Prom1,1.24033805950418,0.587,0.41,0.177,1.65427222870738e-7,0.21953983653223985
d21MaternalDiet_scRNAseq,d21,scRNA-seq,Tuft,Tuft,168,Apol7a,1.33397034118727,0.356,0.199,0.15699999999999997,3.43555215646451e-11,0.20943334356640136
d21MaternalDiet_scRNAseq,d21,scRNA-seq,Tuft,Tuft,169,Rhoc,0.464762703513335,0.678,0.27,0.40800000000000003,1.92299313528141e-34,0.1896231830334407
d21MaternalDiet_scRNAseq,d21,scRNA-seq,Tuft,Tuft,170,Ascl2,1.12169921979785,0.462,0.305,0.15700000000000003,0.00000147522705463395,0.17610677750826248
d21MaternalDiet_scRNAseq,d21,scRNA-seq,Tuft,Tuft,171,Peg3,0.613150832648406,0.365,0.146,0.219,1.01558929950766e-18,0.1342800323500009
d21MaternalDiet_scRNAseq,d21,scRNA-seq,Tuft,Tuft,172,Myh14,0.829286611847989,0.74,0.586,0.15400000000000003,3.23900380585105e-13,0.12771013822459032
d21MaternalDiet_scRNAseq,d21,scRNA-seq,Tuft,Tuft,173,Cfp,0.713955579842513,0.264,0.11,0.15400000000000003,3.87823043558864e-13,0.10994915929574703
d21MaternalDiet_scRNAseq,d21,scRNA-seq,Tuft,Tuft,174,Serping1,0.511276404261976,0.264,0.077,0.187,1.61431756853991e-17,0.0956086875969895
d21MaternalDiet_scRNAseq,d21,scRNA-seq,Tuft,Tuft,175,Gimap5,0.424609753335065,0.308,0.09,0.218,1.01968595883138e-21,0.09256492622704417
d21MaternalDiet_scRNAseq,d21,scRNA-seq,Tuft,Tuft,176,Oas3,0.421500113476739,0.264,0.079,0.185,2.71470670908907e-17,0.07797752099319671
d21MaternalDiet_scRNAseq,d21,scRNA-seq,Tuft,Tuft,177,Map1b,0.28981454061348,0.332,0.131,0.201,1.83621357104778e-16,0.058252722663309484
